correo,dominio,tipo,fuente_origen
02h00323educ12d01@gmail.com,gmail.com,Educación / Colegio / Escuela (AMIE),Consolidado
02h00330educ12d01@gmail.com,gmail.com,Educación / Colegio / Escuela (AMIE),Consolidado
02h00338educ12d01@gmail.com,gmail.com,Educación / Colegio / Escuela (AMIE),Consolidado
02h00392educ12d01@gmail.com,gmail.com,Educación / Colegio / Escuela (AMIE),Consolidado
02h00398educ12d01@gmail.com,gmail.com,Educación / Colegio / Escuela (AMIE),Consolidado
02h00632educ12d01@gmail.com,gmail.com,Educación / Colegio / Escuela (AMIE),Consolidado
07b00005@gmail.com,gmail.com,Educación / Colegio / Escuela (AMIE),Consolidado
07b00006@gmail.com,gmail.com,Educación / Colegio / Escuela (AMIE),Consolidado
07h00001@gmail.com,gmail.com,Educación / Colegio / Escuela (AMIE),Consolidado
07h00002@gmail.com,gmail.com,Educación / Colegio / Escuela (AMIE),Consolidado
07h00006@gmail.com,gmail.com,Educación / Colegio / Escuela (AMIE),Consolidado
07h00009@hotmail.com,hotmail.com,Educación / Colegio / Escuela (AMIE),Consolidado
07h00011@gmail.com,gmail.com,Educación / Colegio / Escuela (AMIE),Consolidado
07h00012@gmal.com,gmal.com,Educación / Colegio / Escuela (AMIE),Consolidado
07h00013@gmail.com,gmail.com,Educación / Colegio / Escuela (AMIE),Consolidado
07h00030@gmail.com,gmail.com,Educación / Colegio / Escuela (AMIE),Consolidado
07h00032@gmail.com,gmail.com,Educación / Colegio / Escuela (AMIE),Consolidado
07h00033@gmail.com,gmail.com,Educación / Colegio / Escuela (AMIE),Consolidado
07h00045@gmail.com,gmail.com,Educación / Colegio / Escuela (AMIE),Consolidado
07h00048@gmail.com,gmail.com,Educación / Colegio / Escuela (AMIE),Consolidado
07h00050@gmail.com,gmail.com,Educación / Colegio / Escuela (AMIE),Consolidado
07h00056@gmail.com,gmail.com,Educación / Colegio / Escuela (AMIE),Consolidado
07h00057@gmail.com,gmail.com,Educación / Colegio / Escuela (AMIE),Consolidado
07h00059@gmail.com,gmail.com,Educación / Colegio / Escuela (AMIE),Consolidado
07h00062@gmail.com,gmail.com,Educación / Colegio / Escuela (AMIE),Consolidado
07h00063@gmail.com,gmail.com,Educación / Colegio / Escuela (AMIE),Consolidado
07h00066d02@gmail.com,gmail.com,Educación / Colegio / Escuela (AMIE),Consolidado
07h00068@gmail.com,gmail.com,Educación / Colegio / Escuela (AMIE),Consolidado
07h00076@gmail.com,gmail.com,Educación / Colegio / Escuela (AMIE),Consolidado
07h00081@gmail.com,gmail.com,Educación / Colegio / Escuela (AMIE),Consolidado
07h000@gmail.com,gmail.com,Educación / Colegio / Escuela (AMIE),Consolidado
07h00114@gmail.com,gmail.com,Educación / Colegio / Escuela (AMIE),Consolidado
07h00118@gmail.com,gmail.com,Educación / Colegio / Escuela (AMIE),Consolidado
07h00125@gmail.com,gmail.com,Educación / Colegio / Escuela (AMIE),Consolidado
07h00127@gmail.com,gmail.com,Educación / Colegio / Escuela (AMIE),Consolidado
07h00129@gmail.com,gmail.com,Educación / Colegio / Escuela (AMIE),Consolidado
07h00133@gmail.com,gmail.com,Educación / Colegio / Escuela (AMIE),Consolidado
07h00135@gmail.com,gmail.com,Educación / Colegio / Escuela (AMIE),Consolidado
07h00164@gmail.com,gmail.com,Educación / Colegio / Escuela (AMIE),Consolidado
07h00165@gmail.com,gmail.com,Educación / Colegio / Escuela (AMIE),Consolidado
07h00167@gmail.com,gmail.com,Educación / Colegio / Escuela (AMIE),Consolidado
07h00169@gmail.com,gmail.com,Educación / Colegio / Escuela (AMIE),Consolidado
07h00170@gmail.com,gmail.com,Educación / Colegio / Escuela (AMIE),Consolidado
07h00172@gmail.com,gmail.com,Educación / Colegio / Escuela (AMIE),Consolidado
07h00184@gmail.com,gmail.com,Educación / Colegio / Escuela (AMIE),Consolidado
07h00186@gmail.com,gmail.com,Educación / Colegio / Escuela (AMIE),Consolidado
07h00206@gmail.com,gmail.com,Educación / Colegio / Escuela (AMIE),Consolidado
07h00208@gmail.com,gmail.com,Educación / Colegio / Escuela (AMIE),Consolidado
07h00209@gmail.com,gmail.com,Educación / Colegio / Escuela (AMIE),Consolidado
07h00213@gmail.com,gmail.com,Educación / Colegio / Escuela (AMIE),Consolidado
07h00214@gmail.com,gmail.com,Educación / Colegio / Escuela (AMIE),Consolidado
07h00219@gmail.com,gmail.com,Educación / Colegio / Escuela (AMIE),Consolidado
07h00223@gmail.com,gmail.com,Educación / Colegio / Escuela (AMIE),Consolidado
07h00228@gmail.com,gmail.com,Educación / Colegio / Escuela (AMIE),Consolidado
07h00229@gmail.com,gmail.com,Educación / Colegio / Escuela (AMIE),Consolidado
07h00234@gmail.com,gmail.com,Educación / Colegio / Escuela (AMIE),Consolidado
07h00236@gmail.com,gmail.com,Educación / Colegio / Escuela (AMIE),Consolidado
07h00242@gmail.com,gmail.com,Educación / Colegio / Escuela (AMIE),Consolidado
07h00250@gmail.com,gmail.com,Educación / Colegio / Escuela (AMIE),Consolidado
07h00255@gmail.com,gmail.com,Educación / Colegio / Escuela (AMIE),Consolidado
07h00274@gmail.com,gmail.com,Educación / Colegio / Escuela (AMIE),Consolidado
07h00275@gmail.com,gmail.com,Educación / Colegio / Escuela (AMIE),Consolidado
07h00286@hotmail.com,hotmail.com,Educación / Colegio / Escuela (AMIE),Consolidado
07h00289@gmail.com,gmail.com,Educación / Colegio / Escuela (AMIE),Consolidado
07h00293@gmail.com,gmail.com,Educación / Colegio / Escuela (AMIE),Consolidado
07h00295@gmail.com,gmail.com,Educación / Colegio / Escuela (AMIE),Consolidado
07h00299@gmail.com,gmail.com,Educación / Colegio / Escuela (AMIE),Consolidado
07h00302@gmail.com,gmail.com,Educación / Colegio / Escuela (AMIE),Consolidado
07h00306@gmail.com,gmail.com,Educación / Colegio / Escuela (AMIE),Consolidado
07h00316@gmail.com,gmail.com,Educación / Colegio / Escuela (AMIE),Consolidado
07h00320@gmail.com,gmail.com,Educación / Colegio / Escuela (AMIE),Consolidado
07h00324@gmail.com,gmail.com,Educación / Colegio / Escuela (AMIE),Consolidado
07h00326@gmail.com,gmail.com,Educación / Colegio / Escuela (AMIE),Consolidado
07h00332@gmail.com,gmail.com,Educación / Colegio / Escuela (AMIE),Consolidado
07h00341@gmail.com,gmail.com,Educación / Colegio / Escuela (AMIE),Consolidado
07h00345@gmail.com,gmail.com,Educación / Colegio / Escuela (AMIE),Consolidado
07h00354@gmail.com,gmail.com,Educación / Colegio / Escuela (AMIE),Consolidado
07h00364@gmail.com,gmail.com,Educación / Colegio / Escuela (AMIE),Consolidado
07h00368@gmail.com,gmail.com,Educación / Colegio / Escuela (AMIE),Consolidado
07h00375@gmail.com,gmail.com,Educación / Colegio / Escuela (AMIE),Consolidado
07h00378@gmail.com,gmail.com,Educación / Colegio / Escuela (AMIE),Consolidado
07h00379@gmail.com,gmail.com,Educación / Colegio / Escuela (AMIE),Consolidado
07h00393@gmail.com,gmail.com,Educación / Colegio / Escuela (AMIE),Consolidado
07h00780@gmail.com,gmail.com,Educación / Colegio / Escuela (AMIE),Consolidado
07h00805@gmail.com,gmail.com,Educación / Colegio / Escuela (AMIE),Consolidado
09h02950.clementinatunda.cel@gmail.com,gmail.com,Educación / Colegio / Escuela (AMIE),Consolidado
09h03020.alfredo.v.m.cel@gmail.com,gmail.com,Educación / Colegio / Escuela (AMIE),Consolidado
09h03818.gilrupertomen.cel@gmail.com,gmail.com,Educación / Colegio / Escuela (AMIE),Consolidado
0escuela13deabril@hotmail.com,hotmail.com,Educación / Colegio / Escuela (AMIE),Consolidado
0escuelafedericogonzalezsuarez@live.com,live.com,Educación / Colegio / Escuela (AMIE),Consolidado
10b00067lut@gmail.com,gmail.com,Educación / Colegio / Escuela (AMIE),Consolidado
10b00164saminay@gmail.com,gmail.com,Educación / Colegio / Escuela (AMIE),Consolidado
10b00168otavalo@gmail.com,gmail.com,Educación / Colegio / Escuela (AMIE),Consolidado
10h00050@gmail.com,gmail.com,Educación / Colegio / Escuela (AMIE),Consolidado
10h00061@gmail.com,gmail.com,Educación / Colegio / Escuela (AMIE),Consolidado
10h00063@gmail.com,gmail.com,Educación / Colegio / Escuela (AMIE),Consolidado
10h00068@gmail.com,gmail.com,Educación / Colegio / Escuela (AMIE),Consolidado
10h00106@gmail.com,gmail.com,Educación / Colegio / Escuela (AMIE),Consolidado
10h00153@gmail.com,gmail.com,Educación / Colegio / Escuela (AMIE),Consolidado
10h00204jhg@hotmail.com,hotmail.com,Educación / Colegio / Escuela (AMIE),Consolidado
10h00267daniepasquel@gmail.com,gmail.com,Educación / Colegio / Escuela (AMIE),Consolidado
10h00268carlosmontufar@gmail.com,gmail.com,Educación / Colegio / Escuela (AMIE),Consolidado
10h00456ulpianonavarro@gmail.com,gmail.com,Educación / Colegio / Escuela (AMIE),Consolidado
10h00490@gmail.com,gmail.com,Educación / Colegio / Escuela (AMIE),Consolidado
10h00536uemy@gmail.com,gmail.com,Educación / Colegio / Escuela (AMIE),Consolidado
10h00570@gmail.com,gmail.com,Educación / Colegio / Escuela (AMIE),Consolidado
11h00322uecm@gmail.com,gmail.com,Educación / Colegio / Escuela (AMIE),Consolidado
11h00376@gmail.com,gmail.com,Educación / Colegio / Escuela (AMIE),Consolidado
11h00434@gmail.com,gmail.com,Educación / Colegio / Escuela (AMIE),Consolidado
11h00641@gmail.com,gmail.com,Educación / Colegio / Escuela (AMIE),Consolidado
11h00647@gmail.com,gmail.com,Educación / Colegio / Escuela (AMIE),Consolidado
11h00651@gmail.com,gmail.com,Educación / Colegio / Escuela (AMIE),Consolidado
11h00655@gmail.com,gmail.com,Educación / Colegio / Escuela (AMIE),Consolidado
11h00656@gmail.com,gmail.com,Educación / Colegio / Escuela (AMIE),Consolidado
11h00657@gmail.com,gmail.com,Educación / Colegio / Escuela (AMIE),Consolidado
11h00658@gmail.com,gmail.com,Educación / Colegio / Escuela (AMIE),Consolidado
11h00660@gmail.com,gmail.com,Educación / Colegio / Escuela (AMIE),Consolidado
11h00665@gmail.com,gmail.com,Educación / Colegio / Escuela (AMIE),Consolidado
11h00666@gmail.com,gmail.com,Educación / Colegio / Escuela (AMIE),Consolidado
11h00668@gmail.com,gmail.com,Educación / Colegio / Escuela (AMIE),Consolidado
11h00681@gmail.com,gmail.com,Educación / Colegio / Escuela (AMIE),Consolidado
11h00691dr@gmail.com,gmail.com,Educación / Colegio / Escuela (AMIE),Consolidado
11h00705@gmail.com,gmail.com,Educación / Colegio / Escuela (AMIE),Consolidado
11h00707ab@gmail.com,gmail.com,Educación / Colegio / Escuela (AMIE),Consolidado
11h00708pvf@gmail.com,gmail.com,Educación / Colegio / Escuela (AMIE),Consolidado
11h00806ch@gmail.com,gmail.com,Educación / Colegio / Escuela (AMIE),Consolidado
11h00807@gmail.com,gmail.com,Educación / Colegio / Escuela (AMIE),Consolidado
11h00811ld@gmail.com,gmail.com,Educación / Colegio / Escuela (AMIE),Consolidado
11h00812@gmail.com,gmail.com,Educación / Colegio / Escuela (AMIE),Consolidado
11h00816@gmail.com,gmail.com,Educación / Colegio / Escuela (AMIE),Consolidado
11h00817q@gmail.com,gmail.com,Educación / Colegio / Escuela (AMIE),Consolidado
11h00823ee@gmail.com,gmail.com,Educación / Colegio / Escuela (AMIE),Consolidado
11h00825@gmail.com,gmail.com,Educación / Colegio / Escuela (AMIE),Consolidado
11h00827o@gmail.com,gmail.com,Educación / Colegio / Escuela (AMIE),Consolidado
11h00829j@gmail.com,gmail.com,Educación / Colegio / Escuela (AMIE),Consolidado
11h00832@gmail.com,gmail.com,Educación / Colegio / Escuela (AMIE),Consolidado
11h00836@gmail.com,gmail.com,Educación / Colegio / Escuela (AMIE),Consolidado
11h00840@gmail.com,gmail.com,Educación / Colegio / Escuela (AMIE),Consolidado
11h00841@gmail.com,gmail.com,Educación / Colegio / Escuela (AMIE),Consolidado
11h00842@gmail.com,gmail.com,Educación / Colegio / Escuela (AMIE),Consolidado
11h00844@gmail.com,gmail.com,Educación / Colegio / Escuela (AMIE),Consolidado
11h01121lider@gmail.com,gmail.com,Educación / Colegio / Escuela (AMIE),Consolidado
11h01133lider@gmail.com,gmail.com,Educación / Colegio / Escuela (AMIE),Consolidado
11h01139lider@gmail.com,gmail.com,Educación / Colegio / Escuela (AMIE),Consolidado
11h01158lider@gmail.com,gmail.com,Educación / Colegio / Escuela (AMIE),Consolidado
11h01171lider@gmail.com,gmail.com,Educación / Colegio / Escuela (AMIE),Consolidado
11h01232lider@gmail.com,gmail.com,Educación / Colegio / Escuela (AMIE),Consolidado
11h01466@gmail.com,gmail.com,Educación / Colegio / Escuela (AMIE),Consolidado
11h01542.11d09@gmail.com,gmail.com,Educación / Colegio / Escuela (AMIE),Consolidado
11h01545.11d09@gmail.com,gmail.com,Educación / Colegio / Escuela (AMIE),Consolidado
11h01546@gmail.com,gmail.com,Educación / Colegio / Escuela (AMIE),Consolidado
11h01547@gmail.com,gmail.com,Educación / Colegio / Escuela (AMIE),Consolidado
11h01549@gmail.com,gmail.com,Educación / Colegio / Escuela (AMIE),Consolidado
11h01550@gmail.com,gmail.com,Educación / Colegio / Escuela (AMIE),Consolidado
11h01552.11d09@gmail.com,gmail.com,Educación / Colegio / Escuela (AMIE),Consolidado
11h01553@gmail.com,gmail.com,Educación / Colegio / Escuela (AMIE),Consolidado
11h01554.11d09@gmail.com,gmail.com,Educación / Colegio / Escuela (AMIE),Consolidado
11h01557.11d09@gmail.com,gmail.com,Educación / Colegio / Escuela (AMIE),Consolidado
11h01566@gmail.com,gmail.com,Educación / Colegio / Escuela (AMIE),Consolidado
11h01570@gmail.com,gmail.com,Educación / Colegio / Escuela (AMIE),Consolidado
11h01572@gmail.com,gmail.com,Educación / Colegio / Escuela (AMIE),Consolidado
11h01574@gmail.com,gmail.com,Educación / Colegio / Escuela (AMIE),Consolidado
11h01576@gmail.com,gmail.com,Educación / Colegio / Escuela (AMIE),Consolidado
11h01577@gmail.com,gmail.com,Educación / Colegio / Escuela (AMIE),Consolidado
11h01578.11d09@gmail.com,gmail.com,Educación / Colegio / Escuela (AMIE),Consolidado
11h01579z@gmail.com,gmail.com,Educación / Colegio / Escuela (AMIE),Consolidado
11h01580@gmail.com,gmail.com,Educación / Colegio / Escuela (AMIE),Consolidado
11h01581@gmail.com,gmail.com,Educación / Colegio / Escuela (AMIE),Consolidado
11h01583@gmail.com,gmail.com,Educación / Colegio / Escuela (AMIE),Consolidado
11h01584.11d09@gmail.com,gmail.com,Educación / Colegio / Escuela (AMIE),Consolidado
11h01586@gmail.com,gmail.com,Educación / Colegio / Escuela (AMIE),Consolidado
11h01588.11d09@gmail.com,gmail.com,Educación / Colegio / Escuela (AMIE),Consolidado
11h01590@gmail.com,gmail.com,Educación / Colegio / Escuela (AMIE),Consolidado
11h01591@gmail.com,gmail.com,Educación / Colegio / Escuela (AMIE),Consolidado
11h01592@gmail.com,gmail.com,Educación / Colegio / Escuela (AMIE),Consolidado
11h01593jh@gmail.com,gmail.com,Educación / Colegio / Escuela (AMIE),Consolidado
11h01594@gmail.com,gmail.com,Educación / Colegio / Escuela (AMIE),Consolidado
11h01595@gmail.com,gmail.com,Educación / Colegio / Escuela (AMIE),Consolidado
11h01596@gmail.com,gmail.com,Educación / Colegio / Escuela (AMIE),Consolidado
11h01598@gmail.com,gmail.com,Educación / Colegio / Escuela (AMIE),Consolidado
11h01599@gmail.com,gmail.com,Educación / Colegio / Escuela (AMIE),Consolidado
11h01600.11d09@gmail.com,gmail.com,Educación / Colegio / Escuela (AMIE),Consolidado
11h01602.11d09@hotmail.com,hotmail.com,Educación / Colegio / Escuela (AMIE),Consolidado
11h01603@gmail.com,gmail.com,Educación / Colegio / Escuela (AMIE),Consolidado
11h01607@gmail.com,gmail.com,Educación / Colegio / Escuela (AMIE),Consolidado
11h01608@gmail.com,gmail.com,Educación / Colegio / Escuela (AMIE),Consolidado
11h01611.11d09@gmail.com,gmail.com,Educación / Colegio / Escuela (AMIE),Consolidado
11h01612@gmail.com,gmail.com,Educación / Colegio / Escuela (AMIE),Consolidado
11h01616abdonarmas@gmail.com,gmail.com,Educación / Colegio / Escuela (AMIE),Consolidado
11h01618@gmail.com,gmail.com,Educación / Colegio / Escuela (AMIE),Consolidado
11h01619@gmail.com,gmail.com,Educación / Colegio / Escuela (AMIE),Consolidado
11h01620@gmail.com,gmail.com,Educación / Colegio / Escuela (AMIE),Consolidado
11h01623@gmail.com,gmail.com,Educación / Colegio / Escuela (AMIE),Consolidado
11h01718@gmail.com,gmail.com,Educación / Colegio / Escuela (AMIE),Consolidado
11h01719@gmail.com,gmail.com,Educación / Colegio / Escuela (AMIE),Consolidado
11h01723@gmail.com,gmail.com,Educación / Colegio / Escuela (AMIE),Consolidado
11h01735@gmail.com,gmail.com,Educación / Colegio / Escuela (AMIE),Consolidado
11h01739@gmail.com,gmail.com,Educación / Colegio / Escuela (AMIE),Consolidado
11h01741@gmail.com,gmail.com,Educación / Colegio / Escuela (AMIE),Consolidado
11h01742@gmail.com,gmail.com,Educación / Colegio / Escuela (AMIE),Consolidado
11h01746@gmail.com,gmail.com,Educación / Colegio / Escuela (AMIE),Consolidado
11h01751@gmail.com,gmail.com,Educación / Colegio / Escuela (AMIE),Consolidado
11h01762@gmail.com,gmail.com,Educación / Colegio / Escuela (AMIE),Consolidado
11h01770@gmail.com,gmail.com,Educación / Colegio / Escuela (AMIE),Consolidado
11h01773@gmail.com,gmail.com,Educación / Colegio / Escuela (AMIE),Consolidado
11h01790@gmail.com,gmail.com,Educación / Colegio / Escuela (AMIE),Consolidado
11h01797@gmail.com,gmail.com,Educación / Colegio / Escuela (AMIE),Consolidado
11h01807.11d09@gmail.com,gmail.com,Educación / Colegio / Escuela (AMIE),Consolidado
11h01899@gmail.com,gmail.com,Educación / Colegio / Escuela (AMIE),Consolidado
11h02026@gmail.com,gmail.com,Educación / Colegio / Escuela (AMIE),Consolidado
11h1610@hotmail.com,hotmail.com,Educación / Colegio / Escuela (AMIE),Consolidado
12h00005educ12d01@gmail.com,gmail.com,Educación / Colegio / Escuela (AMIE),Consolidado
12h00011educ12d01@gmail.com,gmail.com,Educación / Colegio / Escuela (AMIE),Consolidado
12h00018educ12do1@gmail.com,gmail.com,Educación / Colegio / Escuela (AMIE),Consolidado
12h00021educ12d01@gmail.com,gmail.com,Educación / Colegio / Escuela (AMIE),Consolidado
12h00022educ12d01@gmail.com,gmail.com,Educación / Colegio / Escuela (AMIE),Consolidado
12h00023educ12d01@gmail.com,gmail.com,Educación / Colegio / Escuela (AMIE),Consolidado
12h00025educ12d01@gmail.com,gmail.com,Educación / Colegio / Escuela (AMIE),Consolidado
12h00029educ12d01@gmail.com,gmail.com,Educación / Colegio / Escuela (AMIE),Consolidado
12h00033educ12d01@gmail.com,gmail.com,Educación / Colegio / Escuela (AMIE),Consolidado
12h00040educ12d01@gmail.com,gmail.com,Educación / Colegio / Escuela (AMIE),Consolidado
12h00042edu12d01@gmail.es,gmail.es,Educación / Colegio / Escuela (AMIE),Consolidado
12h00049educ12d01@gmail.com,gmail.com,Educación / Colegio / Escuela (AMIE),Consolidado
12h00053educ12d01@gmail.com,gmail.com,Educación / Colegio / Escuela (AMIE),Consolidado
12h00067educ12d01@gmail.com,gmail.com,Educación / Colegio / Escuela (AMIE),Consolidado
12h00074educ12d01@gmail.com,gmail.com,Educación / Colegio / Escuela (AMIE),Consolidado
12h00089educ12d01@gmail.com,gmail.com,Educación / Colegio / Escuela (AMIE),Consolidado
12h00096educ12d01@gmail.com,gmail.com,Educación / Colegio / Escuela (AMIE),Consolidado
12h00101educ12d01@gmail.com,gmail.com,Educación / Colegio / Escuela (AMIE),Consolidado
12h00119educ12d01@gmail.com,gmail.com,Educación / Colegio / Escuela (AMIE),Consolidado
12h00129educ12d01@gmail.com,gmail.com,Educación / Colegio / Escuela (AMIE),Consolidado
12h00133educ-12d01@gmail.com,gmail.com,Educación / Colegio / Escuela (AMIE),Consolidado
12h00149educ12d01@gmail.com,gmail.com,Educación / Colegio / Escuela (AMIE),Consolidado
12h00152educ12d01@gmail.com,gmail.com,Educación / Colegio / Escuela (AMIE),Consolidado
12h00160educ12d01@gmail.com,gmail.com,Educación / Colegio / Escuela (AMIE),Consolidado
12h00166educ12d01@gmail.com,gmail.com,Educación / Colegio / Escuela (AMIE),Consolidado
12h00173educ12d01@gmail.com,gmail.com,Educación / Colegio / Escuela (AMIE),Consolidado
12h00180educ12d01@gmail.com,gmail.com,Educación / Colegio / Escuela (AMIE),Consolidado
12h00186educ12d01@gmail.com,gmail.com,Educación / Colegio / Escuela (AMIE),Consolidado
12h00191educ12d01@gmail.com,gmail.com,Educación / Colegio / Escuela (AMIE),Consolidado
12h00194educ12d01@gmail.com,gmail.com,Educación / Colegio / Escuela (AMIE),Consolidado
12h00198educ12d01@gmail.com,gmail.com,Educación / Colegio / Escuela (AMIE),Consolidado
12h00199educ12d01@gmail.com,gmail.com,Educación / Colegio / Escuela (AMIE),Consolidado
12h00217educ12doa@gmail.com,gmail.com,Educación / Colegio / Escuela (AMIE),Consolidado
12h00228educ12d01@gmail.com,gmail.com,Educación / Colegio / Escuela (AMIE),Consolidado
12h00231educ12d01@gmail.com,gmail.com,Educación / Colegio / Escuela (AMIE),Consolidado
12h00248educ12d01@gmail.com,gmail.com,Educación / Colegio / Escuela (AMIE),Consolidado
12h00289educ12d01@gmail.com,gmail.com,Educación / Colegio / Escuela (AMIE),Consolidado
12h00293educ12d01@gmail.com,gmail.com,Educación / Colegio / Escuela (AMIE),Consolidado
12h00295educ12d01@gmail.com,gmail.com,Educación / Colegio / Escuela (AMIE),Consolidado
12h00300educ12d01@gmail.com,gmail.com,Educación / Colegio / Escuela (AMIE),Consolidado
12h00305educ12d01@gmail.com,gmail.com,Educación / Colegio / Escuela (AMIE),Consolidado
12h00307educ12d01@gmail.com,gmail.com,Educación / Colegio / Escuela (AMIE),Consolidado
12h00309educ12d01@gmail.com,gmail.com,Educación / Colegio / Escuela (AMIE),Consolidado
12h00311educ12d01@gmail.com,gmail.com,Educación / Colegio / Escuela (AMIE),Consolidado
12h00314educ12d01@gmail.com,gmail.com,Educación / Colegio / Escuela (AMIE),Consolidado
12h00315educ12d01@gmail.com,gmail.com,Educación / Colegio / Escuela (AMIE),Consolidado
12h00317educ12d01@gmail.com,gmail.com,Educación / Colegio / Escuela (AMIE),Consolidado
12h00319educ12d01@gmail.com,gmail.com,Educación / Colegio / Escuela (AMIE),Consolidado
12h00330educ12d01@gmail.com,gmail.com,Educación / Colegio / Escuela (AMIE),Consolidado
12h00355educ12d01@gmail.com,gmail.com,Educación / Colegio / Escuela (AMIE),Consolidado
12h00358educ12d01@gmail.com,gmail.com,Educación / Colegio / Escuela (AMIE),Consolidado
12h00369educ12d01@gmail.com,gmail.com,Educación / Colegio / Escuela (AMIE),Consolidado
12h00370educ12d01@gmail.com,gmail.com,Educación / Colegio / Escuela (AMIE),Consolidado
12h00371educ12d01@gmail.com,gmail.com,Educación / Colegio / Escuela (AMIE),Consolidado
12h00375educ12d01@gmail.com,gmail.com,Educación / Colegio / Escuela (AMIE),Consolidado
12h00376educ12d01@gmail.ccom,gmail.ccom,Educación / Colegio / Escuela (AMIE),Consolidado
12h00382educ12d01@gmail.com,gmail.com,Educación / Colegio / Escuela (AMIE),Consolidado
12h00383educ12d01@gmailmail.com,gmailmail.com,Educación / Colegio / Escuela (AMIE),Consolidado
12h00386educ12d01@gmail.com,gmail.com,Educación / Colegio / Escuela (AMIE),Consolidado
12h00388educ12d01@gmail.com,gmail.com,Educación / Colegio / Escuela (AMIE),Consolidado
12h00400educ12d01@gmail.com,gmail.com,Educación / Colegio / Escuela (AMIE),Consolidado
12h00403educ12do1@gmail.com,gmail.com,Educación / Colegio / Escuela (AMIE),Consolidado
12h00408educ12d01@gmail.com,gmail.com,Educación / Colegio / Escuela (AMIE),Consolidado
12h00409educ12d01@gmail.com,gmail.com,Educación / Colegio / Escuela (AMIE),Consolidado
12h00410educ12do1@gmai.com,gmai.com,Educación / Colegio / Escuela (AMIE),Consolidado
12h00424educ12d01@gmail.com,gmail.com,Educación / Colegio / Escuela (AMIE),Consolidado
12h00427educ12d01@gmail.com,gmail.com,Educación / Colegio / Escuela (AMIE),Consolidado
12h00435educ12d01@gmail.com,gmail.com,Educación / Colegio / Escuela (AMIE),Consolidado
12h00437educ12d01@gmail.com,gmail.com,Educación / Colegio / Escuela (AMIE),Consolidado
12h00460educ12d01@gmail.com,gmail.com,Educación / Colegio / Escuela (AMIE),Consolidado
12h00469educ12d01@gmail.com,gmail.com,Educación / Colegio / Escuela (AMIE),Consolidado
12h00470educ.12d01@gmail.com,gmail.com,Educación / Colegio / Escuela (AMIE),Consolidado
12h00473educ12d01@gmail.com,gmail.com,Educación / Colegio / Escuela (AMIE),Consolidado
12h00474educ12d01@gmail.com,gmail.com,Educación / Colegio / Escuela (AMIE),Consolidado
12h00475educ12d01@gmail.com,gmail.com,Educación / Colegio / Escuela (AMIE),Consolidado
12h00481educ12d01@gmail.com,gmail.com,Educación / Colegio / Escuela (AMIE),Consolidado
12h00487educ12d01@gmail.com,gmail.com,Educación / Colegio / Escuela (AMIE),Consolidado
12h00500educ12d01@gmail.com,gmail.com,Educación / Colegio / Escuela (AMIE),Consolidado
12h00506educ12d01@gmail.com,gmail.com,Educación / Colegio / Escuela (AMIE),Consolidado
12h00508educ12d01@gmail.com,gmail.com,Educación / Colegio / Escuela (AMIE),Consolidado
12h00514educ12d01@gmail.com,gmail.com,Educación / Colegio / Escuela (AMIE),Consolidado
12h00530educ12d01@gmail.com,gmail.com,Educación / Colegio / Escuela (AMIE),Consolidado
12h00535educ12d01@gmail.com,gmail.com,Educación / Colegio / Escuela (AMIE),Consolidado
12h00541educ12d01@gmail.com,gmail.com,Educación / Colegio / Escuela (AMIE),Consolidado
12h00542educ12d01@gmail.com,gmail.com,Educación / Colegio / Escuela (AMIE),Consolidado
12h00544educ12d01@gmail.com,gmail.com,Educación / Colegio / Escuela (AMIE),Consolidado
12h00558educ12d01@hotmail.com,hotmail.com,Educación / Colegio / Escuela (AMIE),Consolidado
12h00562educ12d01@gmail.com,gmail.com,Educación / Colegio / Escuela (AMIE),Consolidado
12h00568educ12d01@gmail.com,gmail.com,Educación / Colegio / Escuela (AMIE),Consolidado
12h00571educ12d01@gmail.com,gmail.com,Educación / Colegio / Escuela (AMIE),Consolidado
12h00575educ12d01@gmail.com,gmail.com,Educación / Colegio / Escuela (AMIE),Consolidado
12h01293educ12d01@gmail.com,gmail.com,Educación / Colegio / Escuela (AMIE),Consolidado
12h02066educ12d01@gmail.com,gmail.com,Educación / Colegio / Escuela (AMIE),Consolidado
12h02509educ12d01@gmail.com,gmail.com,Educación / Colegio / Escuela (AMIE),Consolidado
13h00209d04@gmail.com,gmail.com,Educación / Colegio / Escuela (AMIE),Consolidado
13h00354d01@gmail.com,gmail.com,Educación / Colegio / Escuela (AMIE),Consolidado
13h02196jehovaesmipastor@gmail.com,gmail.com,Educación / Colegio / Escuela (AMIE),Consolidado
13h02197diezdeagosto@gmail.com,gmail.com,Educación / Colegio / Escuela (AMIE),Consolidado
13h02206uepcostaazul@gmail.com,gmail.com,Educación / Colegio / Escuela (AMIE),Consolidado
13h02232elparaiso@gmail.com,gmail.com,Educación / Colegio / Escuela (AMIE),Consolidado
13h02234uef12deoctubre@gmail.com,gmail.com,Educación / Colegio / Escuela (AMIE),Consolidado
13h02237josesalazar@gmail.com,gmail.com,Educación / Colegio / Escuela (AMIE),Consolidado
13h02254elpalmar@gmail.com,gmail.com,Educación / Colegio / Escuela (AMIE),Consolidado
13h02263u.e.migueldecervantes@hotmail.com,hotmail.com,Educación / Colegio / Escuela (AMIE),Consolidado
13h02271maluizve@gmail.com,gmail.com,Educación / Colegio / Escuela (AMIE),Consolidado
13h02279jacquesyvescousteau@gmail.com,gmail.com,Educación / Colegio / Escuela (AMIE),Consolidado
13h02281humbertomoya@gmail.com,gmail.com,Educación / Colegio / Escuela (AMIE),Consolidado
13h02284olgameza@gmail.com,gmail.com,Educación / Colegio / Escuela (AMIE),Consolidado
13h02306aristoteles@gmail.com,gmail.com,Educación / Colegio / Escuela (AMIE),Consolidado
13h02319luisarboledamartinez@gmail.com,gmail.com,Educación / Colegio / Escuela (AMIE),Consolidado
13h02332danielacosta@gmail.com,gmail.com,Educación / Colegio / Escuela (AMIE),Consolidado
13h02333isaacnewton@inewton.edu.ec,inewton.edu.ec,Educación / Colegio / Escuela (AMIE),Consolidado
13h02335juliopierregrosse@gmail.com,gmail.com,Educación / Colegio / Escuela (AMIE),Consolidado
13h02337ueldv@ueldv.edu.ec,ueldv.edu.ec,Educación / Colegio / Escuela (AMIE),Consolidado
13h02372abrahamlincoln@gmail.com,gmail.com,Educación / Colegio / Escuela (AMIE),Consolidado
13h02377interpman@gmail.com,gmail.com,Educación / Colegio / Escuela (AMIE),Consolidado
13h02390marcelospinola@hotmail.com,hotmail.com,Educación / Colegio / Escuela (AMIE),Consolidado
13h02399uefsanmateo@gmail.com,gmail.com,Educación / Colegio / Escuela (AMIE),Consolidado
13h02400riobamba@gmail.com,gmail.com,Educación / Colegio / Escuela (AMIE),Consolidado
13h02418trajanoviteri@gmail.com,gmail.com,Educación / Colegio / Escuela (AMIE),Consolidado
13h02437mariaauxiliadora@gmail.com,gmail.com,Educación / Colegio / Escuela (AMIE),Consolidado
13h02444joseluischoezch@gmail.com,gmail.com,Educación / Colegio / Escuela (AMIE),Consolidado
13h02465esc.umina@hotmail.com,hotmail.com,Educación / Colegio / Escuela (AMIE),Consolidado
13h02469giron@gmail.com,gmail.com,Educación / Colegio / Escuela (AMIE),Consolidado
13h02478montesion@gmail.com,gmail.com,Educación / Colegio / Escuela (AMIE),Consolidado
13h02493eloyalfaro@gmail.com,gmail.com,Educación / Colegio / Escuela (AMIE),Consolidado
13h02500jrupertomenat@gmail.com,gmail.com,Educación / Colegio / Escuela (AMIE),Consolidado
13h02502@gmail.com,gmail.com,Educación / Colegio / Escuela (AMIE),Consolidado
13h02552bmt@gmail.com,gmail.com,Educación / Colegio / Escuela (AMIE),Consolidado
13h02561republicadelecuador@gmail.com,gmail.com,Educación / Colegio / Escuela (AMIE),Consolidado
13h02592progreso@gmail.com,gmail.com,Educación / Colegio / Escuela (AMIE),Consolidado
13h02617jacoboveravelasquez@gmail.com,gmail.com,Educación / Colegio / Escuela (AMIE),Consolidado
13h02622medardomorasierra@gmail.com,gmail.com,Educación / Colegio / Escuela (AMIE),Consolidado
13h02628uefan@gmail.com,gmail.com,Educación / Colegio / Escuela (AMIE),Consolidado
13h02653sanlorenzo@gmail.com,gmail.com,Educación / Colegio / Escuela (AMIE),Consolidado
13h02664sucre10@outlook.com,outlook.com,Educación / Colegio / Escuela (AMIE),Consolidado
13h02669josemariacordova@gmail.com,gmail.com,Educación / Colegio / Escuela (AMIE),Consolidado
13h02673@gmail.com,gmail.com,Educación / Colegio / Escuela (AMIE),Consolidado
13h02682bfcf.montecristi@gmail.com,gmail.com,Educación / Colegio / Escuela (AMIE),Consolidado
13h02694horaciohidrovop@gmail.com,gmail.com,Educación / Colegio / Escuela (AMIE),Consolidado
13h02695natividadelgadoescuela@gmail.com,gmail.com,Educación / Colegio / Escuela (AMIE),Consolidado
13h02696condordeamerica@gmail.com,gmail.com,Educación / Colegio / Escuela (AMIE),Consolidado
13h02698escuelajosemariaurbina@hotmail.com,hotmail.com,Educación / Colegio / Escuela (AMIE),Consolidado
13h02741edulfoestrada@gmail.com,gmail.com,Educación / Colegio / Escuela (AMIE),Consolidado
13h02742uefdanielacosta@gmail.com,gmail.com,Educación / Colegio / Escuela (AMIE),Consolidado
13h02748jaimeroldosaguilera@gmail.com,gmail.com,Educación / Colegio / Escuela (AMIE),Consolidado
13h02754batalladebalsamaragua@gmail.com,gmail.com,Educación / Colegio / Escuela (AMIE),Consolidado
13h02764vargastorres@gmail.com,gmail.com,Educación / Colegio / Escuela (AMIE),Consolidado
13h02769.asa.2@gmail.com,gmail.com,Educación / Colegio / Escuela (AMIE),Consolidado
13h02797sucrealfaro@gmail.com,gmail.com,Educación / Colegio / Escuela (AMIE),Consolidado
13h02798uegraleloyalfaro@gmail.com,gmail.com,Educación / Colegio / Escuela (AMIE),Consolidado
13h02810romeosan@gmail.com,gmail.com,Educación / Colegio / Escuela (AMIE),Consolidado
13h02936@hotmail.com,hotmail.com,Educación / Colegio / Escuela (AMIE),Consolidado
13h03189d04@gmail.com,gmail.com,Educación / Colegio / Escuela (AMIE),Consolidado
13h03198d04@gmail.com,gmail.com,Educación / Colegio / Escuela (AMIE),Consolidado
13h03199d04@gmail.com,gmail.com,Educación / Colegio / Escuela (AMIE),Consolidado
13h03200d04@gmail.com,gmail.com,Educación / Colegio / Escuela (AMIE),Consolidado
13h03201d04@gmail.com,gmail.com,Educación / Colegio / Escuela (AMIE),Consolidado
13h03215d04@gmail.com,gmail.com,Educación / Colegio / Escuela (AMIE),Consolidado
13h03219d04@gmail.com,gmail.com,Educación / Colegio / Escuela (AMIE),Consolidado
13h03235d04e@gmail.com,gmail.com,Educación / Colegio / Escuela (AMIE),Consolidado
13h032454d04@gmail.com,gmail.com,Educación / Colegio / Escuela (AMIE),Consolidado
13h03251d04@gmail.com,gmail.com,Educación / Colegio / Escuela (AMIE),Consolidado
13h03252dc04@gmail.com,gmail.com,Educación / Colegio / Escuela (AMIE),Consolidado
13h03253d04@gmail.com,gmail.com,Educación / Colegio / Escuela (AMIE),Consolidado
13h03257d04@gmail.com,gmail.com,Educación / Colegio / Escuela (AMIE),Consolidado
13h03274d04@gmail.com,gmail.com,Educación / Colegio / Escuela (AMIE),Consolidado
13h03275d04@gmail.com,gmail.com,Educación / Colegio / Escuela (AMIE),Consolidado
13h03276d04@gmail.com,gmail.com,Educación / Colegio / Escuela (AMIE),Consolidado
13h03279de04@gmail.com,gmail.com,Educación / Colegio / Escuela (AMIE),Consolidado
13h03285d04e@gmail.com,gmail.com,Educación / Colegio / Escuela (AMIE),Consolidado
13h03289d04e@gmail.com,gmail.com,Educación / Colegio / Escuela (AMIE),Consolidado
13h03290d04@gmail.com,gmail.com,Educación / Colegio / Escuela (AMIE),Consolidado
13h03291d04e@gmail.com,gmail.com,Educación / Colegio / Escuela (AMIE),Consolidado
13h03294d04e@gmail.com,gmail.com,Educación / Colegio / Escuela (AMIE),Consolidado
13h03295d04@gmail.com,gmail.com,Educación / Colegio / Escuela (AMIE),Consolidado
13h03297d04e@gmail.com,gmail.com,Educación / Colegio / Escuela (AMIE),Consolidado
13h03299d04e@gmail.com,gmail.com,Educación / Colegio / Escuela (AMIE),Consolidado
13h03306d04e@gmail.com,gmail.com,Educación / Colegio / Escuela (AMIE),Consolidado
13h03309d04e@gmail.com,gmail.com,Educación / Colegio / Escuela (AMIE),Consolidado
13h03317d08@gmail.com,gmail.com,Educación / Colegio / Escuela (AMIE),Consolidado
13h03318d04@gmail.com,gmail.com,Educación / Colegio / Escuela (AMIE),Consolidado
13h03321d04@gmail.com,gmail.com,Educación / Colegio / Escuela (AMIE),Consolidado
13h03323d04@gmail.com,gmail.com,Educación / Colegio / Escuela (AMIE),Consolidado
13h03325d0@gmail.com,gmail.com,Educación / Colegio / Escuela (AMIE),Consolidado
13h03327d04@gmail.com,gmail.com,Educación / Colegio / Escuela (AMIE),Consolidado
13h03329d04e@gmail.com,gmail.com,Educación / Colegio / Escuela (AMIE),Consolidado
13h03335do4@gmail.com,gmail.com,Educación / Colegio / Escuela (AMIE),Consolidado
13h03340d04@gmail.com,gmail.com,Educación / Colegio / Escuela (AMIE),Consolidado
13h03342d04@gmail.com,gmail.com,Educación / Colegio / Escuela (AMIE),Consolidado
13h03364d04@gmail.com,gmail.com,Educación / Colegio / Escuela (AMIE),Consolidado
13h03368d04@gmail.com,gmail.com,Educación / Colegio / Escuela (AMIE),Consolidado
13h03369d04@gmail.com,gmail.com,Educación / Colegio / Escuela (AMIE),Consolidado
13h03371d04@gmail.com,gmail.com,Educación / Colegio / Escuela (AMIE),Consolidado
13h03374d04@gmail.com,gmail.com,Educación / Colegio / Escuela (AMIE),Consolidado
13h03382do4@gmail.com,gmail.com,Educación / Colegio / Escuela (AMIE),Consolidado
13h03384d04@gmail.com,gmail.com,Educación / Colegio / Escuela (AMIE),Consolidado
13h03386d04@gmail.com,gmail.com,Educación / Colegio / Escuela (AMIE),Consolidado
13h03392d04@gmail.com,gmail.com,Educación / Colegio / Escuela (AMIE),Consolidado
13h03394d04@gmail.com,gmail.com,Educación / Colegio / Escuela (AMIE),Consolidado
13h03670d04@gmail.com,gmail.com,Educación / Colegio / Escuela (AMIE),Consolidado
13h03671d04@gmail.com,gmail.com,Educación / Colegio / Escuela (AMIE),Consolidado
13h03672d04@gmail.com,gmail.com,Educación / Colegio / Escuela (AMIE),Consolidado
13h03674d04@gmail.com,gmail.com,Educación / Colegio / Escuela (AMIE),Consolidado
13h03677d04@gmail.com,gmail.com,Educación / Colegio / Escuela (AMIE),Consolidado
13h03678d04@gmail.com,gmail.com,Educación / Colegio / Escuela (AMIE),Consolidado
13h03680d04@gmail.com,gmail.com,Educación / Colegio / Escuela (AMIE),Consolidado
13h03681d04@gmail.com,gmail.com,Educación / Colegio / Escuela (AMIE),Consolidado
13h03684d04@gmail.com,gmail.com,Educación / Colegio / Escuela (AMIE),Consolidado
13h03687d04@gmail.com,gmail.com,Educación / Colegio / Escuela (AMIE),Consolidado
13h03693d04e@gmail.com,gmail.com,Educación / Colegio / Escuela (AMIE),Consolidado
13h03701d04@gmail.com,gmail.com,Educación / Colegio / Escuela (AMIE),Consolidado
13h03709d04@gmail.com,gmail.com,Educación / Colegio / Escuela (AMIE),Consolidado
13h03711@gmail.com,gmail.com,Educación / Colegio / Escuela (AMIE),Consolidado
13h03719d04@gmail.com,gmail.com,Educación / Colegio / Escuela (AMIE),Consolidado
13h03721d04@gmail.com,gmail.com,Educación / Colegio / Escuela (AMIE),Consolidado
13h03727d04@gmail.com,gmail.com,Educación / Colegio / Escuela (AMIE),Consolidado
13h03729d04@gmail.com,gmail.com,Educación / Colegio / Escuela (AMIE),Consolidado
13h03730d04@gmail.com,gmail.com,Educación / Colegio / Escuela (AMIE),Consolidado
13h03732d04@gmail.com,gmail.com,Educación / Colegio / Escuela (AMIE),Consolidado
13h03737d04@gmail.com,gmail.com,Educación / Colegio / Escuela (AMIE),Consolidado
13h03738d04@gmail.com,gmail.com,Educación / Colegio / Escuela (AMIE),Consolidado
13h03748d04@gmail.com,gmail.com,Educación / Colegio / Escuela (AMIE),Consolidado
13h03750d04@gmail.com,gmail.com,Educación / Colegio / Escuela (AMIE),Consolidado
13h03753d04@gmail.com,gmail.com,Educación / Colegio / Escuela (AMIE),Consolidado
13h03755d04@gamil.com,gamil.com,Educación / Colegio / Escuela (AMIE),Consolidado
13h03756d04@hotmail.com,hotmail.com,Educación / Colegio / Escuela (AMIE),Consolidado
13h03758d04@gmail.com,gmail.com,Educación / Colegio / Escuela (AMIE),Consolidado
13h03759d04@gmail.com,gmail.com,Educación / Colegio / Escuela (AMIE),Consolidado
13h03760d04@gmail.com,gmail.com,Educación / Colegio / Escuela (AMIE),Consolidado
13h03766d04@gmail.com,gmail.com,Educación / Colegio / Escuela (AMIE),Consolidado
13h03767d04@gmail.com,gmail.com,Educación / Colegio / Escuela (AMIE),Consolidado
13h03772de04@gmail.com,gmail.com,Educación / Colegio / Escuela (AMIE),Consolidado
13h03775d04@gmail.com,gmail.com,Educación / Colegio / Escuela (AMIE),Consolidado
13h03779d04@gmail.com,gmail.com,Educación / Colegio / Escuela (AMIE),Consolidado
13h03781d04@gmail.com,gmail.com,Educación / Colegio / Escuela (AMIE),Consolidado
13h03786d04@gmail.com,gmail.com,Educación / Colegio / Escuela (AMIE),Consolidado
13h03792d04@gmail.com,gmail.com,Educación / Colegio / Escuela (AMIE),Consolidado
13h03794d04@gmail.com,gmail.com,Educación / Colegio / Escuela (AMIE),Consolidado
13h03799d04@gamail.com,gamail.com,Educación / Colegio / Escuela (AMIE),Consolidado
13h03800d04@gmail.com,gmail.com,Educación / Colegio / Escuela (AMIE),Consolidado
13h03805d04@hotmail.com,hotmail.com,Educación / Colegio / Escuela (AMIE),Consolidado
13h03807d04@gmail.com,gmail.com,Educación / Colegio / Escuela (AMIE),Consolidado
13h03812d04@gmail.com,gmail.com,Educación / Colegio / Escuela (AMIE),Consolidado
13h03813d04@gmail.com,gmail.com,Educación / Colegio / Escuela (AMIE),Consolidado
13h03816d04@gmail.com,gmail.com,Educación / Colegio / Escuela (AMIE),Consolidado
13h03817d04@gmail.com,gmail.com,Educación / Colegio / Escuela (AMIE),Consolidado
13h03821@gmil.com,gmil.com,Educación / Colegio / Escuela (AMIE),Consolidado
13h03823d04@gmail.com,gmail.com,Educación / Colegio / Escuela (AMIE),Consolidado
13h03824d04@gmail.com,gmail.com,Educación / Colegio / Escuela (AMIE),Consolidado
13h03828d04@gmail.com,gmail.com,Educación / Colegio / Escuela (AMIE),Consolidado
13h04063d04@gmail.com,gmail.com,Educación / Colegio / Escuela (AMIE),Consolidado
13h04065d04@gmail.com,gmail.com,Educación / Colegio / Escuela (AMIE),Consolidado
13h04070d04@gmail.com,gmail.com,Educación / Colegio / Escuela (AMIE),Consolidado
13h04071d04@gmail.com,gmail.com,Educación / Colegio / Escuela (AMIE),Consolidado
13h04073d04@gmail.com,gmail.com,Educación / Colegio / Escuela (AMIE),Consolidado
13h04077d04@gmail.com,gmail.com,Educación / Colegio / Escuela (AMIE),Consolidado
13h04079d04@gmail.com,gmail.com,Educación / Colegio / Escuela (AMIE),Consolidado
13h04087d04@gmail.com,gmail.com,Educación / Colegio / Escuela (AMIE),Consolidado
13h04089d04@gmail.com,gmail.com,Educación / Colegio / Escuela (AMIE),Consolidado
13h04093d04@gmail.com,gmail.com,Educación / Colegio / Escuela (AMIE),Consolidado
13h04095d04@gmail.com,gmail.com,Educación / Colegio / Escuela (AMIE),Consolidado
13h04096d04@gmail.com,gmail.com,Educación / Colegio / Escuela (AMIE),Consolidado
13h04108d04@gmail.com,gmail.com,Educación / Colegio / Escuela (AMIE),Consolidado
13h04113d04@gmail.com,gmail.com,Educación / Colegio / Escuela (AMIE),Consolidado
13h04117d04@gmail.com,gmail.com,Educación / Colegio / Escuela (AMIE),Consolidado
13h04119.d04@gmail.com,gmail.com,Educación / Colegio / Escuela (AMIE),Consolidado
13h04262uefanbalsanandres@gmail.com,gmail.com,Educación / Colegio / Escuela (AMIE),Consolidado
13h04263jefferson@jefferson.edu.ec,jefferson.edu.ec,Educación / Colegio / Escuela (AMIE),Consolidado
13h04266luisfelipe@gmail.com,gmail.com,Educación / Colegio / Escuela (AMIE),Consolidado
13h04477cerroguayabal@gmail.com,gmail.com,Educación / Colegio / Escuela (AMIE),Consolidado
13h04537replicamanta@gmail.com,gmail.com,Educación / Colegio / Escuela (AMIE),Consolidado
13h04542medardo.mas@gmail.com,gmail.com,Educación / Colegio / Escuela (AMIE),Consolidado
13h04611d04@gmail.com,gmail.com,Educación / Colegio / Escuela (AMIE),Consolidado
13h04641hra@gmail.com,gmail.com,Educación / Colegio / Escuela (AMIE),Consolidado
13h04669d04@gmail.com,gmail.com,Educación / Colegio / Escuela (AMIE),Consolidado
13h04687d04e@gmail.com,gmail.com,Educación / Colegio / Escuela (AMIE),Consolidado
13h04718d04@gmail.com,gmail.com,Educación / Colegio / Escuela (AMIE),Consolidado
13h04757nuevageneracion@gmail.com,gmail.com,Educación / Colegio / Escuela (AMIE),Consolidado
13h04903josejoaquindeolmedo@gmail.com,gmail.com,Educación / Colegio / Escuela (AMIE),Consolidado
13h05133alberteinstein@gmail.com,gmail.com,Educación / Colegio / Escuela (AMIE),Consolidado
13h05163ceipmarianitadejesus@gmail.com,gmail.com,Educación / Colegio / Escuela (AMIE),Consolidado
16b00056@gmail.com,gmail.com,Educación / Colegio / Escuela (AMIE),Consolidado
17b00005jcp@gmail.com,gmail.com,Educación / Colegio / Escuela (AMIE),Consolidado
17b00027@gmail.com,gmail.com,Educación / Colegio / Escuela (AMIE),Consolidado
17b00035@gmail.com,gmail.com,Educación / Colegio / Escuela (AMIE),Consolidado
17b00037@gmail.com,gmail.com,Educación / Colegio / Escuela (AMIE),Consolidado
17b00058@gmail.com,gmail.com,Educación / Colegio / Escuela (AMIE),Consolidado
17b00095@gmail.com,gmail.com,Educación / Colegio / Escuela (AMIE),Consolidado
17b00098@gmail.com,gmail.com,Educación / Colegio / Escuela (AMIE),Consolidado
17b00101@gmail.com,gmail.com,Educación / Colegio / Escuela (AMIE),Consolidado
17b00219@gmail.com,gmail.com,Educación / Colegio / Escuela (AMIE),Consolidado
17b00220@gmail.com,gmail.com,Educación / Colegio / Escuela (AMIE),Consolidado
17b00221@gmail.com,gmail.com,Educación / Colegio / Escuela (AMIE),Consolidado
17b00222@gmail.com,gmail.com,Educación / Colegio / Escuela (AMIE),Consolidado
17h00001@gmail.com,gmail.com,Educación / Colegio / Escuela (AMIE),Consolidado
17h00003@gmail.com,gmail.com,Educación / Colegio / Escuela (AMIE),Consolidado
17h00007@gmail.com,gmail.com,Educación / Colegio / Escuela (AMIE),Consolidado
17h00009@gmail.com,gmail.com,Educación / Colegio / Escuela (AMIE),Consolidado
17h00014@gmail.com,gmail.com,Educación / Colegio / Escuela (AMIE),Consolidado
17h00016@gmail.com,gmail.com,Educación / Colegio / Escuela (AMIE),Consolidado
17h00020@gmail.com,gmail.com,Educación / Colegio / Escuela (AMIE),Consolidado
17h00021@gmail.com,gmail.com,Educación / Colegio / Escuela (AMIE),Consolidado
17h00022@gmail.com,gmail.com,Educación / Colegio / Escuela (AMIE),Consolidado
17h00023@gmail.com,gmail.com,Educación / Colegio / Escuela (AMIE),Consolidado
17h00024@gmail.com,gmail.com,Educación / Colegio / Escuela (AMIE),Consolidado
17h00027@gmail.com,gmail.com,Educación / Colegio / Escuela (AMIE),Consolidado
17h00028@gmail.com,gmail.com,Educación / Colegio / Escuela (AMIE),Consolidado
17h00031@gmail.com,gmail.com,Educación / Colegio / Escuela (AMIE),Consolidado
17h00044@gmail.com,gmail.com,Educación / Colegio / Escuela (AMIE),Consolidado
17h00054@gmail.com,gmail.com,Educación / Colegio / Escuela (AMIE),Consolidado
17h00055@gmail.com,gmail.com,Educación / Colegio / Escuela (AMIE),Consolidado
17h00060@gmail.com,gmail.com,Educación / Colegio / Escuela (AMIE),Consolidado
17h00063@gmail.com,gmail.com,Educación / Colegio / Escuela (AMIE),Consolidado
17h00067@gmail.com,gmail.com,Educación / Colegio / Escuela (AMIE),Consolidado
17h00074@gmail.com,gmail.com,Educación / Colegio / Escuela (AMIE),Consolidado
17h00079@gmail.com,gmail.com,Educación / Colegio / Escuela (AMIE),Consolidado
17h00093@gmail.com,gmail.com,Educación / Colegio / Escuela (AMIE),Consolidado
17h00102@gmail.com,gmail.com,Educación / Colegio / Escuela (AMIE),Consolidado
17h00103@gmail.com,gmail.com,Educación / Colegio / Escuela (AMIE),Consolidado
17h00107@gmail.com,gmail.com,Educación / Colegio / Escuela (AMIE),Consolidado
17h00108@gmail.com,gmail.com,Educación / Colegio / Escuela (AMIE),Consolidado
17h00114@gmail.com,gmail.com,Educación / Colegio / Escuela (AMIE),Consolidado
17h00116@gmail.com,gmail.com,Educación / Colegio / Escuela (AMIE),Consolidado
17h00119@gmail.com,gmail.com,Educación / Colegio / Escuela (AMIE),Consolidado
17h00120@gmail.com,gmail.com,Educación / Colegio / Escuela (AMIE),Consolidado
17h00121@gmail.com,gmail.com,Educación / Colegio / Escuela (AMIE),Consolidado
17h00125@gmail.com,gmail.com,Educación / Colegio / Escuela (AMIE),Consolidado
17h00127@gmail.com,gmail.com,Educación / Colegio / Escuela (AMIE),Consolidado
17h00130@gmail.com,gmail.com,Educación / Colegio / Escuela (AMIE),Consolidado
17h00132@gmail.com,gmail.com,Educación / Colegio / Escuela (AMIE),Consolidado
17h00133@gmail.com,gmail.com,Educación / Colegio / Escuela (AMIE),Consolidado
17h00135@gmail.com,gmail.com,Educación / Colegio / Escuela (AMIE),Consolidado
17h00136@gmail.com,gmail.com,Educación / Colegio / Escuela (AMIE),Consolidado
17h00156@gmail.com,gmail.com,Educación / Colegio / Escuela (AMIE),Consolidado
17h00159@gmail.com,gmail.com,Educación / Colegio / Escuela (AMIE),Consolidado
17h00160@gmail.com,gmail.com,Educación / Colegio / Escuela (AMIE),Consolidado
17h00171@gmail.com,gmail.com,Educación / Colegio / Escuela (AMIE),Consolidado
17h00177@gmail.com,gmail.com,Educación / Colegio / Escuela (AMIE),Consolidado
17h00178@gmail.com,gmail.com,Educación / Colegio / Escuela (AMIE),Consolidado
17h00179@gmail.com,gmail.com,Educación / Colegio / Escuela (AMIE),Consolidado
17h00181@gmail.com,gmail.com,Educación / Colegio / Escuela (AMIE),Consolidado
17h00182@gmail.com,gmail.com,Educación / Colegio / Escuela (AMIE),Consolidado
17h00183@gmail.com,gmail.com,Educación / Colegio / Escuela (AMIE),Consolidado
17h00196@gmail.com,gmail.com,Educación / Colegio / Escuela (AMIE),Consolidado
17h00200@gmail.com,gmail.com,Educación / Colegio / Escuela (AMIE),Consolidado
17h00203@gmail.com,gmail.com,Educación / Colegio / Escuela (AMIE),Consolidado
17h00204@gmail.com,gmail.com,Educación / Colegio / Escuela (AMIE),Consolidado
17h00206@gmail.com,gmail.com,Educación / Colegio / Escuela (AMIE),Consolidado
17h00207@gmail.com,gmail.com,Educación / Colegio / Escuela (AMIE),Consolidado
17h00208@gmail.com,gmail.com,Educación / Colegio / Escuela (AMIE),Consolidado
17h00209@gmail.com,gmail.com,Educación / Colegio / Escuela (AMIE),Consolidado
17h00210@gmail.com,gmail.com,Educación / Colegio / Escuela (AMIE),Consolidado
17h00213@gmail.com,gmail.com,Educación / Colegio / Escuela (AMIE),Consolidado
17h00215@gmail.com,gmail.com,Educación / Colegio / Escuela (AMIE),Consolidado
17h00219@gmail.com,gmail.com,Educación / Colegio / Escuela (AMIE),Consolidado
17h00224@gmail.com,gmail.com,Educación / Colegio / Escuela (AMIE),Consolidado
17h00242@gmail.com,gmail.com,Educación / Colegio / Escuela (AMIE),Consolidado
17h00245@gmail.com,gmail.com,Educación / Colegio / Escuela (AMIE),Consolidado
17h00250@gmail.com,gmail.com,Educación / Colegio / Escuela (AMIE),Consolidado
17h00253@gmail.com,gmail.com,Educación / Colegio / Escuela (AMIE),Consolidado
17h00255@gmail.com,gmail.com,Educación / Colegio / Escuela (AMIE),Consolidado
17h00265@gmail.com,gmail.com,Educación / Colegio / Escuela (AMIE),Consolidado
17h00266@gmail.com,gmail.com,Educación / Colegio / Escuela (AMIE),Consolidado
17h00267@gmail.com,gmail.com,Educación / Colegio / Escuela (AMIE),Consolidado
17h00268@gmail.com,gmail.com,Educación / Colegio / Escuela (AMIE),Consolidado
17h00270@gmail.com,gmail.com,Educación / Colegio / Escuela (AMIE),Consolidado
17h00271@gmail.com,gmail.com,Educación / Colegio / Escuela (AMIE),Consolidado
17h00272@gmail.com,gmail.com,Educación / Colegio / Escuela (AMIE),Consolidado
17h00275@gmail.com,gmail.com,Educación / Colegio / Escuela (AMIE),Consolidado
17h00278@gmail.com,gmail.com,Educación / Colegio / Escuela (AMIE),Consolidado
17h00280@gmail.com,gmail.com,Educación / Colegio / Escuela (AMIE),Consolidado
17h00283@gmail.com,gmail.com,Educación / Colegio / Escuela (AMIE),Consolidado
17h00287@gmail.com,gmail.com,Educación / Colegio / Escuela (AMIE),Consolidado
17h00294@gmail.com,gmail.com,Educación / Colegio / Escuela (AMIE),Consolidado
17h00296@gmail.com,gmail.com,Educación / Colegio / Escuela (AMIE),Consolidado
17h00300@gmail.com,gmail.com,Educación / Colegio / Escuela (AMIE),Consolidado
17h00302@gmail.com,gmail.com,Educación / Colegio / Escuela (AMIE),Consolidado
17h00307@gmail.com,gmail.com,Educación / Colegio / Escuela (AMIE),Consolidado
17h00312@gmail.com,gmail.com,Educación / Colegio / Escuela (AMIE),Consolidado
17h00316@gmail.com,gmail.com,Educación / Colegio / Escuela (AMIE),Consolidado
17h00319@gmail.com,gmail.com,Educación / Colegio / Escuela (AMIE),Consolidado
17h00323@gmail.com,gmail.com,Educación / Colegio / Escuela (AMIE),Consolidado
17h00327@gmail.com,gmail.com,Educación / Colegio / Escuela (AMIE),Consolidado
17h00333@gimail.com,gimail.com,Educación / Colegio / Escuela (AMIE),Consolidado
17h00334@gmail.com,gmail.com,Educación / Colegio / Escuela (AMIE),Consolidado
17h00341@gmail.com,gmail.com,Educación / Colegio / Escuela (AMIE),Consolidado
17h00358@gmail.com,gmail.com,Educación / Colegio / Escuela (AMIE),Consolidado
17h00366@gmail.com,gmail.com,Educación / Colegio / Escuela (AMIE),Consolidado
17h00372@gmail.com,gmail.com,Educación / Colegio / Escuela (AMIE),Consolidado
17h00379@gmail.com,gmail.com,Educación / Colegio / Escuela (AMIE),Consolidado
17h00384@gmail.com,gmail.com,Educación / Colegio / Escuela (AMIE),Consolidado
17h00399@gmail.com,gmail.com,Educación / Colegio / Escuela (AMIE),Consolidado
17h00410@gmail.com,gmail.com,Educación / Colegio / Escuela (AMIE),Consolidado
17h00411@gmail.com,gmail.com,Educación / Colegio / Escuela (AMIE),Consolidado
17h00413@gmail.com,gmail.com,Educación / Colegio / Escuela (AMIE),Consolidado
17h00417@gmail.com,gmail.com,Educación / Colegio / Escuela (AMIE),Consolidado
17h00423@gmail.com,gmail.com,Educación / Colegio / Escuela (AMIE),Consolidado
17h00429@gmail.com,gmail.com,Educación / Colegio / Escuela (AMIE),Consolidado
17h00436@gmail.com,gmail.com,Educación / Colegio / Escuela (AMIE),Consolidado
17h00438@gmail.com,gmail.com,Educación / Colegio / Escuela (AMIE),Consolidado
17h00442@gmail.com,gmail.com,Educación / Colegio / Escuela (AMIE),Consolidado
17h00444@gmail.com,gmail.com,Educación / Colegio / Escuela (AMIE),Consolidado
17h00445@gmail.com,gmail.com,Educación / Colegio / Escuela (AMIE),Consolidado
17h00447@gmail.com,gmail.com,Educación / Colegio / Escuela (AMIE),Consolidado
17h00448@gmail.com,gmail.com,Educación / Colegio / Escuela (AMIE),Consolidado
17h00449@gmail.com,gmail.com,Educación / Colegio / Escuela (AMIE),Consolidado
17h00450@gmail.com,gmail.com,Educación / Colegio / Escuela (AMIE),Consolidado
17h00451@gmail.com,gmail.com,Educación / Colegio / Escuela (AMIE),Consolidado
17h00452@gmail.com,gmail.com,Educación / Colegio / Escuela (AMIE),Consolidado
17h00479@gmail.com,gmail.com,Educación / Colegio / Escuela (AMIE),Consolidado
17h00483@gmail.com,gmail.com,Educación / Colegio / Escuela (AMIE),Consolidado
17h00493@gmail.com,gmail.com,Educación / Colegio / Escuela (AMIE),Consolidado
17h00534@gmail.com,gmail.com,Educación / Colegio / Escuela (AMIE),Consolidado
17h00538@gmail.com,gmail.com,Educación / Colegio / Escuela (AMIE),Consolidado
17h00539@gmail.com,gmail.com,Educación / Colegio / Escuela (AMIE),Consolidado
17h00541@gmail.com,gmail.com,Educación / Colegio / Escuela (AMIE),Consolidado
17h00546@gmail.com,gmail.com,Educación / Colegio / Escuela (AMIE),Consolidado
17h00558@gmail.com,gmail.com,Educación / Colegio / Escuela (AMIE),Consolidado
17h00559@gmail.com,gmail.com,Educación / Colegio / Escuela (AMIE),Consolidado
17h00561@gmail.com,gmail.com,Educación / Colegio / Escuela (AMIE),Consolidado
17h00565@gmail.com,gmail.com,Educación / Colegio / Escuela (AMIE),Consolidado
17h00570@gmail.com,gmail.com,Educación / Colegio / Escuela (AMIE),Consolidado
17h00581@gmail.com,gmail.com,Educación / Colegio / Escuela (AMIE),Consolidado
17h00594@gmail.com,gmail.com,Educación / Colegio / Escuela (AMIE),Consolidado
17h00597@gmail.com,gmail.com,Educación / Colegio / Escuela (AMIE),Consolidado
17h00601@gmail.com,gmail.com,Educación / Colegio / Escuela (AMIE),Consolidado
17h00604@gmail.com,gmail.com,Educación / Colegio / Escuela (AMIE),Consolidado
17h00607@gmail.com,gmail.com,Educación / Colegio / Escuela (AMIE),Consolidado
17h00610@gmail.com,gmail.com,Educación / Colegio / Escuela (AMIE),Consolidado
17h00625@gmail.com,gmail.com,Educación / Colegio / Escuela (AMIE),Consolidado
17h00652@gmail.com,gmail.com,Educación / Colegio / Escuela (AMIE),Consolidado
17h00667ueequintis@gmail.com,gmail.com,Educación / Colegio / Escuela (AMIE),Consolidado
17h00668@gmail.com,gmail.com,Educación / Colegio / Escuela (AMIE),Consolidado
17h00669@gmail.com,gmail.com,Educación / Colegio / Escuela (AMIE),Consolidado
17h00677@gmail.com,gmail.com,Educación / Colegio / Escuela (AMIE),Consolidado
17h00678@gmail.com,gmail.com,Educación / Colegio / Escuela (AMIE),Consolidado
17h00679@gmail.com,gmail.com,Educación / Colegio / Escuela (AMIE),Consolidado
17h00681@gmail.com,gmail.com,Educación / Colegio / Escuela (AMIE),Consolidado
17h00682@gmail.com,gmail.com,Educación / Colegio / Escuela (AMIE),Consolidado
17h00687@gmail.com,gmail.com,Educación / Colegio / Escuela (AMIE),Consolidado
17h00689@gmail.com,gmail.com,Educación / Colegio / Escuela (AMIE),Consolidado
17h00690@gmail.com,gmail.com,Educación / Colegio / Escuela (AMIE),Consolidado
17h00714@gmail.com,gmail.com,Educación / Colegio / Escuela (AMIE),Consolidado
17h00718@gmail.com,gmail.com,Educación / Colegio / Escuela (AMIE),Consolidado
17h00719@gmail.com,gmail.com,Educación / Colegio / Escuela (AMIE),Consolidado
17h00724@gmail.com,gmail.com,Educación / Colegio / Escuela (AMIE),Consolidado
17h00741@gmail.com,gmail.com,Educación / Colegio / Escuela (AMIE),Consolidado
17h00742@gmail.com,gmail.com,Educación / Colegio / Escuela (AMIE),Consolidado
17h00749@gmail.com,gmail.com,Educación / Colegio / Escuela (AMIE),Consolidado
17h00755@gmail.com,gmail.com,Educación / Colegio / Escuela (AMIE),Consolidado
17h00757@gmail.com,gmail.com,Educación / Colegio / Escuela (AMIE),Consolidado
17h00758@gmail.com,gmail.com,Educación / Colegio / Escuela (AMIE),Consolidado
17h00760@gmail.com,gmail.com,Educación / Colegio / Escuela (AMIE),Consolidado
17h00769@gmail.com,gmail.com,Educación / Colegio / Escuela (AMIE),Consolidado
17h00774@gmail.com,gmail.com,Educación / Colegio / Escuela (AMIE),Consolidado
17h00775@gmail.com,gmail.com,Educación / Colegio / Escuela (AMIE),Consolidado
17h00784@gmail.com,gmail.com,Educación / Colegio / Escuela (AMIE),Consolidado
17h00786@gmail.com,gmail.com,Educación / Colegio / Escuela (AMIE),Consolidado
17h00787@gmail.com,gmail.com,Educación / Colegio / Escuela (AMIE),Consolidado
17h00794@gmail.com,gmail.com,Educación / Colegio / Escuela (AMIE),Consolidado
17h00805@gmail.com,gmail.com,Educación / Colegio / Escuela (AMIE),Consolidado
17h00820@gmail.com,gmail.com,Educación / Colegio / Escuela (AMIE),Consolidado
17h00822@gmail.com,gmail.com,Educación / Colegio / Escuela (AMIE),Consolidado
17h00823@gmail.com,gmail.com,Educación / Colegio / Escuela (AMIE),Consolidado
17h00824@gmail.com,gmail.com,Educación / Colegio / Escuela (AMIE),Consolidado
17h00839@gmail.com,gmail.com,Educación / Colegio / Escuela (AMIE),Consolidado
17h00844@gmail.com,gmail.com,Educación / Colegio / Escuela (AMIE),Consolidado
17h00848@gmail.com,gmail.com,Educación / Colegio / Escuela (AMIE),Consolidado
17h00849@gmail.com,gmail.com,Educación / Colegio / Escuela (AMIE),Consolidado
17h00850@gmail.com,gmail.com,Educación / Colegio / Escuela (AMIE),Consolidado
17h00851@gmail.com,gmail.com,Educación / Colegio / Escuela (AMIE),Consolidado
17h00853@gmail.com,gmail.com,Educación / Colegio / Escuela (AMIE),Consolidado
17h00858@gmail.com,gmail.com,Educación / Colegio / Escuela (AMIE),Consolidado
17h00860@gmail.com,gmail.com,Educación / Colegio / Escuela (AMIE),Consolidado
17h00863@gmail.com,gmail.com,Educación / Colegio / Escuela (AMIE),Consolidado
17h00864@gmail.com,gmail.com,Educación / Colegio / Escuela (AMIE),Consolidado
17h00866@gmail.com,gmail.com,Educación / Colegio / Escuela (AMIE),Consolidado
17h00867@gmail.com,gmail.com,Educación / Colegio / Escuela (AMIE),Consolidado
17h00868@gmail.com,gmail.com,Educación / Colegio / Escuela (AMIE),Consolidado
17h00871@gmail.com,gmail.com,Educación / Colegio / Escuela (AMIE),Consolidado
17h00874@gmail.com,gmail.com,Educación / Colegio / Escuela (AMIE),Consolidado
17h00875@gmail.com,gmail.com,Educación / Colegio / Escuela (AMIE),Consolidado
17h00882@gmail.com,gmail.com,Educación / Colegio / Escuela (AMIE),Consolidado
17h00885@gmail.com,gmail.com,Educación / Colegio / Escuela (AMIE),Consolidado
17h00887@gmail.com,gmail.com,Educación / Colegio / Escuela (AMIE),Consolidado
17h00890@gmail.com,gmail.com,Educación / Colegio / Escuela (AMIE),Consolidado
17h00896@gmail.com,gmail.com,Educación / Colegio / Escuela (AMIE),Consolidado
17h00910@gmail.com,gmail.com,Educación / Colegio / Escuela (AMIE),Consolidado
17h00928@hotmail.com,hotmail.com,Educación / Colegio / Escuela (AMIE),Consolidado
17h00934@gmail.com,gmail.com,Educación / Colegio / Escuela (AMIE),Consolidado
17h00960@gmail.com,gmail.com,Educación / Colegio / Escuela (AMIE),Consolidado
17h00961@gmail.om,gmail.om,Educación / Colegio / Escuela (AMIE),Consolidado
17h00965@gmail.com,gmail.com,Educación / Colegio / Escuela (AMIE),Consolidado
17h00966@gmail.com,gmail.com,Educación / Colegio / Escuela (AMIE),Consolidado
17h00973@gmail.com,gmail.com,Educación / Colegio / Escuela (AMIE),Consolidado
17h00976@gmail.com,gmail.com,Educación / Colegio / Escuela (AMIE),Consolidado
17h00985@gmail.com,gmail.com,Educación / Colegio / Escuela (AMIE),Consolidado
17h00987@gmail.com,gmail.com,Educación / Colegio / Escuela (AMIE),Consolidado
17h00992@gmail.com,gmail.com,Educación / Colegio / Escuela (AMIE),Consolidado
17h00993@gmail.com,gmail.com,Educación / Colegio / Escuela (AMIE),Consolidado
17h00994@gmail.com,gmail.com,Educación / Colegio / Escuela (AMIE),Consolidado
17h00996@gmail.com,gmail.com,Educación / Colegio / Escuela (AMIE),Consolidado
17h00997@gmail.com,gmail.com,Educación / Colegio / Escuela (AMIE),Consolidado
17h00998@gmail.com,gmail.com,Educación / Colegio / Escuela (AMIE),Consolidado
17h01000@gmail.com,gmail.com,Educación / Colegio / Escuela (AMIE),Consolidado
17h01009@gmail.com,gmail.com,Educación / Colegio / Escuela (AMIE),Consolidado
17h01010@gmail.com,gmail.com,Educación / Colegio / Escuela (AMIE),Consolidado
17h01012@gmail.com,gmail.com,Educación / Colegio / Escuela (AMIE),Consolidado
17h01013@gmail.com,gmail.com,Educación / Colegio / Escuela (AMIE),Consolidado
17h01015@gmail.com,gmail.com,Educación / Colegio / Escuela (AMIE),Consolidado
17h01019@gmail.com,gmail.com,Educación / Colegio / Escuela (AMIE),Consolidado
17h01035@gmail.com,gmail.com,Educación / Colegio / Escuela (AMIE),Consolidado
17h01041@gmail.com,gmail.com,Educación / Colegio / Escuela (AMIE),Consolidado
17h01043@gmail.com,gmail.com,Educación / Colegio / Escuela (AMIE),Consolidado
17h01044@gmail.com,gmail.com,Educación / Colegio / Escuela (AMIE),Consolidado
17h01054@gmail.com,gmail.com,Educación / Colegio / Escuela (AMIE),Consolidado
17h01055@gmail.com,gmail.com,Educación / Colegio / Escuela (AMIE),Consolidado
17h01056@gmail.com,gmail.com,Educación / Colegio / Escuela (AMIE),Consolidado
17h01058@gmail.com,gmail.com,Educación / Colegio / Escuela (AMIE),Consolidado
17h01059@gmail.com,gmail.com,Educación / Colegio / Escuela (AMIE),Consolidado
17h01068@gmail.com,gmail.com,Educación / Colegio / Escuela (AMIE),Consolidado
17h01070@gmail.com,gmail.com,Educación / Colegio / Escuela (AMIE),Consolidado
17h01071@gmail.com,gmail.com,Educación / Colegio / Escuela (AMIE),Consolidado
17h01072@gmail.com,gmail.com,Educación / Colegio / Escuela (AMIE),Consolidado
17h01076@gmail.com,gmail.com,Educación / Colegio / Escuela (AMIE),Consolidado
17h01079@gmail.com,gmail.com,Educación / Colegio / Escuela (AMIE),Consolidado
17h01081@gmail.com,gmail.com,Educación / Colegio / Escuela (AMIE),Consolidado
17h01082@gmail.com,gmail.com,Educación / Colegio / Escuela (AMIE),Consolidado
17h01083@gmail.com,gmail.com,Educación / Colegio / Escuela (AMIE),Consolidado
17h01084@gmail.com,gmail.com,Educación / Colegio / Escuela (AMIE),Consolidado
17h01085@gmail.com,gmail.com,Educación / Colegio / Escuela (AMIE),Consolidado
17h01087@gmail.com,gmail.com,Educación / Colegio / Escuela (AMIE),Consolidado
17h01088@gmail.com,gmail.com,Educación / Colegio / Escuela (AMIE),Consolidado
17h01091@gmail.com,gmail.com,Educación / Colegio / Escuela (AMIE),Consolidado
17h01097@gmail.com,gmail.com,Educación / Colegio / Escuela (AMIE),Consolidado
17h01099@gmail.com,gmail.com,Educación / Colegio / Escuela (AMIE),Consolidado
17h01102@gmail.com,gmail.com,Educación / Colegio / Escuela (AMIE),Consolidado
17h01103@gmail.com,gmail.com,Educación / Colegio / Escuela (AMIE),Consolidado
17h01106@gmail.com,gmail.com,Educación / Colegio / Escuela (AMIE),Consolidado
17h01117@gmail.com,gmail.com,Educación / Colegio / Escuela (AMIE),Consolidado
17h01127@gmail.com,gmail.com,Educación / Colegio / Escuela (AMIE),Consolidado
17h01182@gmail.com,gmail.com,Educación / Colegio / Escuela (AMIE),Consolidado
17h01191@gmail.com,gmail.com,Educación / Colegio / Escuela (AMIE),Consolidado
17h01192@gmail.com,gmail.com,Educación / Colegio / Escuela (AMIE),Consolidado
17h01200@gmail.com,gmail.com,Educación / Colegio / Escuela (AMIE),Consolidado
17h01204@gmail.com,gmail.com,Educación / Colegio / Escuela (AMIE),Consolidado
17h01208@gmail.com,gmail.com,Educación / Colegio / Escuela (AMIE),Consolidado
17h01215@gmail.com,gmail.com,Educación / Colegio / Escuela (AMIE),Consolidado
17h01234@gmail.com,gmail.com,Educación / Colegio / Escuela (AMIE),Consolidado
17h01235@gmail.com,gmail.com,Educación / Colegio / Escuela (AMIE),Consolidado
17h01239@gmail.com,gmail.com,Educación / Colegio / Escuela (AMIE),Consolidado
17h01243@gmail.com,gmail.com,Educación / Colegio / Escuela (AMIE),Consolidado
17h01247@gmail.com,gmail.com,Educación / Colegio / Escuela (AMIE),Consolidado
17h01260@gmail.com,gmail.com,Educación / Colegio / Escuela (AMIE),Consolidado
17h01268@gmail.com,gmail.com,Educación / Colegio / Escuela (AMIE),Consolidado
17h01271@gmail.com,gmail.com,Educación / Colegio / Escuela (AMIE),Consolidado
17h01275@gmail.com,gmail.com,Educación / Colegio / Escuela (AMIE),Consolidado
17h01283@gmail.com,gmail.com,Educación / Colegio / Escuela (AMIE),Consolidado
17h01286@gmail.com,gmail.com,Educación / Colegio / Escuela (AMIE),Consolidado
17h01289@gmail.com,gmail.com,Educación / Colegio / Escuela (AMIE),Consolidado
17h01291@gmail.com,gmail.com,Educación / Colegio / Escuela (AMIE),Consolidado
17h01294@gmail.com,gmail.com,Educación / Colegio / Escuela (AMIE),Consolidado
17h01302@gmail.com,gmail.com,Educación / Colegio / Escuela (AMIE),Consolidado
17h01307@gmail.com,gmail.com,Educación / Colegio / Escuela (AMIE),Consolidado
17h01311@gmail.com,gmail.com,Educación / Colegio / Escuela (AMIE),Consolidado
17h013262@gmail.com,gmail.com,Educación / Colegio / Escuela (AMIE),Consolidado
17h01332@gmail.com,gmail.com,Educación / Colegio / Escuela (AMIE),Consolidado
17h01337@gmail.com,gmail.com,Educación / Colegio / Escuela (AMIE),Consolidado
17h01341@gmail.com,gmail.com,Educación / Colegio / Escuela (AMIE),Consolidado
17h01343@gmail.com,gmail.com,Educación / Colegio / Escuela (AMIE),Consolidado
17h01344@gmail.com,gmail.com,Educación / Colegio / Escuela (AMIE),Consolidado
17h01345@gmail.com,gmail.com,Educación / Colegio / Escuela (AMIE),Consolidado
17h01347@gmail.com,gmail.com,Educación / Colegio / Escuela (AMIE),Consolidado
17h01351@gmail.com,gmail.com,Educación / Colegio / Escuela (AMIE),Consolidado
17h01353@gmail.com,gmail.com,Educación / Colegio / Escuela (AMIE),Consolidado
17h01357@gmail.com,gmail.com,Educación / Colegio / Escuela (AMIE),Consolidado
17h01361@gmail.com,gmail.com,Educación / Colegio / Escuela (AMIE),Consolidado
17h01365@gmail.com,gmail.com,Educación / Colegio / Escuela (AMIE),Consolidado
17h01367@gmail.com,gmail.com,Educación / Colegio / Escuela (AMIE),Consolidado
17h01368@gmail.com,gmail.com,Educación / Colegio / Escuela (AMIE),Consolidado
17h01372@gmail.com,gmail.com,Educación / Colegio / Escuela (AMIE),Consolidado
17h01373@gmail.com,gmail.com,Educación / Colegio / Escuela (AMIE),Consolidado
17h01375@gmail.com,gmail.com,Educación / Colegio / Escuela (AMIE),Consolidado
17h01381@gmail.com,gmail.com,Educación / Colegio / Escuela (AMIE),Consolidado
17h01387@gmail.com,gmail.com,Educación / Colegio / Escuela (AMIE),Consolidado
17h01397@gmail.com,gmail.com,Educación / Colegio / Escuela (AMIE),Consolidado
17h01403@gmail.com,gmail.com,Educación / Colegio / Escuela (AMIE),Consolidado
17h01404@gmail.com,gmail.com,Educación / Colegio / Escuela (AMIE),Consolidado
17h01405@gmail.com,gmail.com,Educación / Colegio / Escuela (AMIE),Consolidado
17h01407@gmail.com,gmail.com,Educación / Colegio / Escuela (AMIE),Consolidado
17h01411@gmail.com,gmail.com,Educación / Colegio / Escuela (AMIE),Consolidado
17h01414@gmail.com,gmail.com,Educación / Colegio / Escuela (AMIE),Consolidado
17h01416@gmail.com,gmail.com,Educación / Colegio / Escuela (AMIE),Consolidado
17h01421@gmail.com,gmail.com,Educación / Colegio / Escuela (AMIE),Consolidado
17h01427@gmail.com,gmail.com,Educación / Colegio / Escuela (AMIE),Consolidado
17h01437@gmail.com,gmail.com,Educación / Colegio / Escuela (AMIE),Consolidado
17h01444@gmail.com,gmail.com,Educación / Colegio / Escuela (AMIE),Consolidado
17h01447@gmail.com,gmail.com,Educación / Colegio / Escuela (AMIE),Consolidado
17h01448@gmail.com,gmail.com,Educación / Colegio / Escuela (AMIE),Consolidado
17h01451@gmail.com,gmail.com,Educación / Colegio / Escuela (AMIE),Consolidado
17h01452@gmail.com,gmail.com,Educación / Colegio / Escuela (AMIE),Consolidado
17h01453@gmail.com,gmail.com,Educación / Colegio / Escuela (AMIE),Consolidado
17h014549@gmail.com,gmail.com,Educación / Colegio / Escuela (AMIE),Consolidado
17h01454@gmail.com,gmail.com,Educación / Colegio / Escuela (AMIE),Consolidado
17h01457@gmail.com,gmail.com,Educación / Colegio / Escuela (AMIE),Consolidado
17h01460@gmail.com,gmail.com,Educación / Colegio / Escuela (AMIE),Consolidado
17h01461@gmail.com,gmail.com,Educación / Colegio / Escuela (AMIE),Consolidado
17h01468@gmail.com,gmail.com,Educación / Colegio / Escuela (AMIE),Consolidado
17h01471@gmail.com,gmail.com,Educación / Colegio / Escuela (AMIE),Consolidado
17h01473@gmail.com,gmail.com,Educación / Colegio / Escuela (AMIE),Consolidado
17h01476@gmail.com,gmail.com,Educación / Colegio / Escuela (AMIE),Consolidado
17h01481@gmail.com,gmail.com,Educación / Colegio / Escuela (AMIE),Consolidado
17h01482@gmail.com,gmail.com,Educación / Colegio / Escuela (AMIE),Consolidado
17h01486@gmail.com,gmail.com,Educación / Colegio / Escuela (AMIE),Consolidado
17h01487@gmail.com,gmail.com,Educación / Colegio / Escuela (AMIE),Consolidado
17h01489@gmail.com,gmail.com,Educación / Colegio / Escuela (AMIE),Consolidado
17h01491@gmail.com,gmail.com,Educación / Colegio / Escuela (AMIE),Consolidado
17h01495@gmail.com,gmail.com,Educación / Colegio / Escuela (AMIE),Consolidado
17h01496@gmail.com,gmail.com,Educación / Colegio / Escuela (AMIE),Consolidado
17h01505@gmail.com,gmail.com,Educación / Colegio / Escuela (AMIE),Consolidado
17h01507@gmail.com,gmail.com,Educación / Colegio / Escuela (AMIE),Consolidado
17h01510@gmail.com,gmail.com,Educación / Colegio / Escuela (AMIE),Consolidado
17h01511@gmail.com,gmail.com,Educación / Colegio / Escuela (AMIE),Consolidado
17h01524@gmail.com,gmail.com,Educación / Colegio / Escuela (AMIE),Consolidado
17h01525@gmail.com,gmail.com,Educación / Colegio / Escuela (AMIE),Consolidado
17h01529@gmail.com,gmail.com,Educación / Colegio / Escuela (AMIE),Consolidado
17h01533@gmail.com,gmail.com,Educación / Colegio / Escuela (AMIE),Consolidado
17h01536@gmail.com,gmail.com,Educación / Colegio / Escuela (AMIE),Consolidado
17h01541@gmail.com,gmail.com,Educación / Colegio / Escuela (AMIE),Consolidado
17h01546@gmail.com,gmail.com,Educación / Colegio / Escuela (AMIE),Consolidado
17h01547@gmail.com,gmail.com,Educación / Colegio / Escuela (AMIE),Consolidado
17h01548@gmail.com,gmail.com,Educación / Colegio / Escuela (AMIE),Consolidado
17h01550@gmail.com,gmail.com,Educación / Colegio / Escuela (AMIE),Consolidado
17h01551@gmail.com,gmail.com,Educación / Colegio / Escuela (AMIE),Consolidado
17h01555@gmail.com,gmail.com,Educación / Colegio / Escuela (AMIE),Consolidado
17h01556@gmail.com,gmail.com,Educación / Colegio / Escuela (AMIE),Consolidado
17h01557@gmail.com,gmail.com,Educación / Colegio / Escuela (AMIE),Consolidado
17h01558@gmail.com,gmail.com,Educación / Colegio / Escuela (AMIE),Consolidado
17h01559@gmail.com,gmail.com,Educación / Colegio / Escuela (AMIE),Consolidado
17h01561@gmail.com,gmail.com,Educación / Colegio / Escuela (AMIE),Consolidado
17h01565@gmail.com,gmail.com,Educación / Colegio / Escuela (AMIE),Consolidado
17h01566@gmail.com,gmail.com,Educación / Colegio / Escuela (AMIE),Consolidado
17h01567@gmail.com,gmail.com,Educación / Colegio / Escuela (AMIE),Consolidado
17h01568@gmail.com,gmail.com,Educación / Colegio / Escuela (AMIE),Consolidado
17h01569@gmail.com,gmail.com,Educación / Colegio / Escuela (AMIE),Consolidado
17h01570@gmail.com,gmail.com,Educación / Colegio / Escuela (AMIE),Consolidado
17h01571@gmail.com,gmail.com,Educación / Colegio / Escuela (AMIE),Consolidado
17h01572@gmail.com,gmail.com,Educación / Colegio / Escuela (AMIE),Consolidado
17h01573@gmail.com,gmail.com,Educación / Colegio / Escuela (AMIE),Consolidado
17h01574@gmail.com,gmail.com,Educación / Colegio / Escuela (AMIE),Consolidado
17h01579@gmail.com,gmail.com,Educación / Colegio / Escuela (AMIE),Consolidado
17h01589@gmail.com,gmail.com,Educación / Colegio / Escuela (AMIE),Consolidado
17h01597@gmail.com,gmail.com,Educación / Colegio / Escuela (AMIE),Consolidado
17h01599@hotmail.com,hotmail.com,Educación / Colegio / Escuela (AMIE),Consolidado
17h01601@gmail.com,gmail.com,Educación / Colegio / Escuela (AMIE),Consolidado
17h01602@gmail.com,gmail.com,Educación / Colegio / Escuela (AMIE),Consolidado
17h01611@gmail.com,gmail.com,Educación / Colegio / Escuela (AMIE),Consolidado
17h01613@gmail.com,gmail.com,Educación / Colegio / Escuela (AMIE),Consolidado
17h01614@gmail.com,gmail.com,Educación / Colegio / Escuela (AMIE),Consolidado
17h01619@gmail.com,gmail.com,Educación / Colegio / Escuela (AMIE),Consolidado
17h01620@gmail.com,gmail.com,Educación / Colegio / Escuela (AMIE),Consolidado
17h01621@gmail.com,gmail.com,Educación / Colegio / Escuela (AMIE),Consolidado
17h01622@gmail.com,gmail.com,Educación / Colegio / Escuela (AMIE),Consolidado
17h01624@gmail.com,gmail.com,Educación / Colegio / Escuela (AMIE),Consolidado
17h01625@gmail.com,gmail.com,Educación / Colegio / Escuela (AMIE),Consolidado
17h01627@gmail.com,gmail.com,Educación / Colegio / Escuela (AMIE),Consolidado
17h01628@gmail.com,gmail.com,Educación / Colegio / Escuela (AMIE),Consolidado
17h01630@gmail.com,gmail.com,Educación / Colegio / Escuela (AMIE),Consolidado
17h01631@gmail.com,gmail.com,Educación / Colegio / Escuela (AMIE),Consolidado
17h01633@gmail.com,gmail.com,Educación / Colegio / Escuela (AMIE),Consolidado
17h01636@gmail.com,gmail.com,Educación / Colegio / Escuela (AMIE),Consolidado
17h01638@gmail.com,gmail.com,Educación / Colegio / Escuela (AMIE),Consolidado
17h01639@gmail.com,gmail.com,Educación / Colegio / Escuela (AMIE),Consolidado
17h01640@gmail.com,gmail.com,Educación / Colegio / Escuela (AMIE),Consolidado
17h01641@gmail.com,gmail.com,Educación / Colegio / Escuela (AMIE),Consolidado
17h01645@gmail.com,gmail.com,Educación / Colegio / Escuela (AMIE),Consolidado
17h01650@gmail.com,gmail.com,Educación / Colegio / Escuela (AMIE),Consolidado
17h01651@gimail.com,gimail.com,Educación / Colegio / Escuela (AMIE),Consolidado
17h01658@gmail.com,gmail.com,Educación / Colegio / Escuela (AMIE),Consolidado
17h01660@gmail.com,gmail.com,Educación / Colegio / Escuela (AMIE),Consolidado
17h01686@gmail.com,gmail.com,Educación / Colegio / Escuela (AMIE),Consolidado
17h01694@gmail.com,gmail.com,Educación / Colegio / Escuela (AMIE),Consolidado
17h01696@gmail.com,gmail.com,Educación / Colegio / Escuela (AMIE),Consolidado
17h01698@gmail.com,gmail.com,Educación / Colegio / Escuela (AMIE),Consolidado
17h01699@gmail.com,gmail.com,Educación / Colegio / Escuela (AMIE),Consolidado
17h01700@gmail.com,gmail.com,Educación / Colegio / Escuela (AMIE),Consolidado
17h01701@gmail.com,gmail.com,Educación / Colegio / Escuela (AMIE),Consolidado
17h01705@gmail.com,gmail.com,Educación / Colegio / Escuela (AMIE),Consolidado
17h01706@gmail.com,gmail.com,Educación / Colegio / Escuela (AMIE),Consolidado
17h01707@gmail.com,gmail.com,Educación / Colegio / Escuela (AMIE),Consolidado
17h01708@gmail.com,gmail.com,Educación / Colegio / Escuela (AMIE),Consolidado
17h01709@gmail.com,gmail.com,Educación / Colegio / Escuela (AMIE),Consolidado
17h01713@gmail.com,gmail.com,Educación / Colegio / Escuela (AMIE),Consolidado
17h01714@gmail.com,gmail.com,Educación / Colegio / Escuela (AMIE),Consolidado
17h01718@gmail.com,gmail.com,Educación / Colegio / Escuela (AMIE),Consolidado
17h01719@gmail.com,gmail.com,Educación / Colegio / Escuela (AMIE),Consolidado
17h01726@gmail.com,gmail.com,Educación / Colegio / Escuela (AMIE),Consolidado
17h01729@gmail.com,gmail.com,Educación / Colegio / Escuela (AMIE),Consolidado
17h01730@gmail.com,gmail.com,Educación / Colegio / Escuela (AMIE),Consolidado
17h01734@gmail.com,gmail.com,Educación / Colegio / Escuela (AMIE),Consolidado
17h01740@gmail.com,gmail.com,Educación / Colegio / Escuela (AMIE),Consolidado
17h01741@gmail.com,gmail.com,Educación / Colegio / Escuela (AMIE),Consolidado
17h01742@gmail.com,gmail.com,Educación / Colegio / Escuela (AMIE),Consolidado
17h01744@gmail.com,gmail.com,Educación / Colegio / Escuela (AMIE),Consolidado
17h01748@gmail.com,gmail.com,Educación / Colegio / Escuela (AMIE),Consolidado
17h01752@gmail.com,gmail.com,Educación / Colegio / Escuela (AMIE),Consolidado
17h01753@gmail.com,gmail.com,Educación / Colegio / Escuela (AMIE),Consolidado
17h01754@gmail.com,gmail.com,Educación / Colegio / Escuela (AMIE),Consolidado
17h01756@gmail.com,gmail.com,Educación / Colegio / Escuela (AMIE),Consolidado
17h01757c@gmail.com,gmail.com,Educación / Colegio / Escuela (AMIE),Consolidado
17h01758@gmail.com,gmail.com,Educación / Colegio / Escuela (AMIE),Consolidado
17h0175@gmail.com,gmail.com,Educación / Colegio / Escuela (AMIE),Consolidado
17h01764@gmail.com,gmail.com,Educación / Colegio / Escuela (AMIE),Consolidado
17h01765n@gmail.com,gmail.com,Educación / Colegio / Escuela (AMIE),Consolidado
17h01775@gmail.com,gmail.com,Educación / Colegio / Escuela (AMIE),Consolidado
17h01776c@gmail.com,gmail.com,Educación / Colegio / Escuela (AMIE),Consolidado
17h01777p@gmail.com,gmail.com,Educación / Colegio / Escuela (AMIE),Consolidado
17h01780@gmail.com,gmail.com,Educación / Colegio / Escuela (AMIE),Consolidado
17h01781l@gmail.com,gmail.com,Educación / Colegio / Escuela (AMIE),Consolidado
17h01782@gmail.com,gmail.com,Educación / Colegio / Escuela (AMIE),Consolidado
17h01783f@gmail.com,gmail.com,Educación / Colegio / Escuela (AMIE),Consolidado
17h01784j@gmail.com,gmail.com,Educación / Colegio / Escuela (AMIE),Consolidado
17h01794@gmail.com,gmail.com,Educación / Colegio / Escuela (AMIE),Consolidado
17h01801@gmail.com,gmail.com,Educación / Colegio / Escuela (AMIE),Consolidado
17h01803@gmail.com,gmail.com,Educación / Colegio / Escuela (AMIE),Consolidado
17h01805@gmail.com,gmail.com,Educación / Colegio / Escuela (AMIE),Consolidado
17h01806@gmail.com,gmail.com,Educación / Colegio / Escuela (AMIE),Consolidado
17h01809@gmail.com,gmail.com,Educación / Colegio / Escuela (AMIE),Consolidado
17h01810@gmail.com,gmail.com,Educación / Colegio / Escuela (AMIE),Consolidado
17h01811@gmail.com,gmail.com,Educación / Colegio / Escuela (AMIE),Consolidado
17h01812@gmail.com,gmail.com,Educación / Colegio / Escuela (AMIE),Consolidado
17h01813@gmail.com,gmail.com,Educación / Colegio / Escuela (AMIE),Consolidado
17h01818@gmail.com,gmail.com,Educación / Colegio / Escuela (AMIE),Consolidado
17h01819@gmail.com,gmail.com,Educación / Colegio / Escuela (AMIE),Consolidado
17h01820@gmail.com,gmail.com,Educación / Colegio / Escuela (AMIE),Consolidado
17h01823@gmail.com,gmail.com,Educación / Colegio / Escuela (AMIE),Consolidado
17h01825@gmail.com,gmail.com,Educación / Colegio / Escuela (AMIE),Consolidado
17h01826@gmail.com,gmail.com,Educación / Colegio / Escuela (AMIE),Consolidado
17h01827@gmail.com,gmail.com,Educación / Colegio / Escuela (AMIE),Consolidado
17h01828@gmail.com,gmail.com,Educación / Colegio / Escuela (AMIE),Consolidado
17h01829@gmail.com,gmail.com,Educación / Colegio / Escuela (AMIE),Consolidado
17h01830@gmail.com,gmail.com,Educación / Colegio / Escuela (AMIE),Consolidado
17h01861@gmail.com,gmail.com,Educación / Colegio / Escuela (AMIE),Consolidado
17h01863@gmail.com,gmail.com,Educación / Colegio / Escuela (AMIE),Consolidado
17h01864@gmail.com,gmail.com,Educación / Colegio / Escuela (AMIE),Consolidado
17h01866@gmail.com,gmail.com,Educación / Colegio / Escuela (AMIE),Consolidado
17h01867@gmail.com,gmail.com,Educación / Colegio / Escuela (AMIE),Consolidado
17h01869@gmail.com,gmail.com,Educación / Colegio / Escuela (AMIE),Consolidado
17h01900@gmail.com,gmail.com,Educación / Colegio / Escuela (AMIE),Consolidado
17h019012@hotmail.com,hotmail.com,Educación / Colegio / Escuela (AMIE),Consolidado
17h01903e@gmail.com,gmail.com,Educación / Colegio / Escuela (AMIE),Consolidado
17h01904a@gmail.com,gmail.com,Educación / Colegio / Escuela (AMIE),Consolidado
17h01907@gmail.com,gmail.com,Educación / Colegio / Escuela (AMIE),Consolidado
17h01908@gmail.com,gmail.com,Educación / Colegio / Escuela (AMIE),Consolidado
17h01910@gmail.com,gmail.com,Educación / Colegio / Escuela (AMIE),Consolidado
17h01912@gmail.com,gmail.com,Educación / Colegio / Escuela (AMIE),Consolidado
17h01918@hotmail.com,hotmail.com,Educación / Colegio / Escuela (AMIE),Consolidado
17h01920@gmail.com,gmail.com,Educación / Colegio / Escuela (AMIE),Consolidado
17h01921@gmail.com,gmail.com,Educación / Colegio / Escuela (AMIE),Consolidado
17h01922@gmail.com,gmail.com,Educación / Colegio / Escuela (AMIE),Consolidado
17h01923@gmail.com,gmail.com,Educación / Colegio / Escuela (AMIE),Consolidado
17h01926@gmail.com,gmail.com,Educación / Colegio / Escuela (AMIE),Consolidado
17h01940@gmail.com,gmail.com,Educación / Colegio / Escuela (AMIE),Consolidado
17h01943@gmail.com,gmail.com,Educación / Colegio / Escuela (AMIE),Consolidado
17h01944@gmail.com,gmail.com,Educación / Colegio / Escuela (AMIE),Consolidado
17h01947@gmail.com,gmail.com,Educación / Colegio / Escuela (AMIE),Consolidado
17h01948@gmail.com,gmail.com,Educación / Colegio / Escuela (AMIE),Consolidado
17h01949@gmail.com,gmail.com,Educación / Colegio / Escuela (AMIE),Consolidado
17h01951@gmail.com,gmail.com,Educación / Colegio / Escuela (AMIE),Consolidado
17h01952@gmail.com,gmail.com,Educación / Colegio / Escuela (AMIE),Consolidado
17h01954@gmail.com,gmail.com,Educación / Colegio / Escuela (AMIE),Consolidado
17h01956@gmail.com,gmail.com,Educación / Colegio / Escuela (AMIE),Consolidado
17h01957@gmail.com,gmail.com,Educación / Colegio / Escuela (AMIE),Consolidado
17h01962@gmail.com,gmail.com,Educación / Colegio / Escuela (AMIE),Consolidado
17h01977@gmail.com,gmail.com,Educación / Colegio / Escuela (AMIE),Consolidado
17h01984@gmail.com,gmail.com,Educación / Colegio / Escuela (AMIE),Consolidado
17h01985@gmail.com,gmail.com,Educación / Colegio / Escuela (AMIE),Consolidado
17h01988@gmail.com,gmail.com,Educación / Colegio / Escuela (AMIE),Consolidado
17h01990@gmail.com,gmail.com,Educación / Colegio / Escuela (AMIE),Consolidado
17h01992@gmail.com,gmail.com,Educación / Colegio / Escuela (AMIE),Consolidado
17h02010@gmail.com,gmail.com,Educación / Colegio / Escuela (AMIE),Consolidado
17h02011@gmail.com,gmail.com,Educación / Colegio / Escuela (AMIE),Consolidado
17h02014@gmail.com,gmail.com,Educación / Colegio / Escuela (AMIE),Consolidado
17h02018@gmail.com,gmail.com,Educación / Colegio / Escuela (AMIE),Consolidado
17h02021@gmail.com,gmail.com,Educación / Colegio / Escuela (AMIE),Consolidado
17h02022@gmail.com,gmail.com,Educación / Colegio / Escuela (AMIE),Consolidado
17h02025@gmail.com,gmail.com,Educación / Colegio / Escuela (AMIE),Consolidado
17h02029@gmail.com,gmail.com,Educación / Colegio / Escuela (AMIE),Consolidado
17h02044@gmail.com,gmail.com,Educación / Colegio / Escuela (AMIE),Consolidado
17h02046@gmail.com,gmail.com,Educación / Colegio / Escuela (AMIE),Consolidado
17h02047@gmail.com,gmail.com,Educación / Colegio / Escuela (AMIE),Consolidado
17h02050@gmail.com,gmail.com,Educación / Colegio / Escuela (AMIE),Consolidado
17h02058@gmail.com,gmail.com,Educación / Colegio / Escuela (AMIE),Consolidado
17h02061@gmail.com,gmail.com,Educación / Colegio / Escuela (AMIE),Consolidado
17h02062@gmail.com,gmail.com,Educación / Colegio / Escuela (AMIE),Consolidado
17h02069@gmail.com,gmail.com,Educación / Colegio / Escuela (AMIE),Consolidado
17h02079@gmail.com,gmail.com,Educación / Colegio / Escuela (AMIE),Consolidado
17h02083@gmail.com,gmail.com,Educación / Colegio / Escuela (AMIE),Consolidado
17h02085@gmail.com,gmail.com,Educación / Colegio / Escuela (AMIE),Consolidado
17h02086@gmail.com,gmail.com,Educación / Colegio / Escuela (AMIE),Consolidado
17h02090@gmail.com,gmail.com,Educación / Colegio / Escuela (AMIE),Consolidado
17h02094@gmail.com,gmail.com,Educación / Colegio / Escuela (AMIE),Consolidado
17h02096@gmail.com,gmail.com,Educación / Colegio / Escuela (AMIE),Consolidado
17h02097@gmail.com,gmail.com,Educación / Colegio / Escuela (AMIE),Consolidado
17h02100@gmail.com,gmail.com,Educación / Colegio / Escuela (AMIE),Consolidado
17h02101@gmail.com,gmail.com,Educación / Colegio / Escuela (AMIE),Consolidado
17h02102@gmail.com,gmail.com,Educación / Colegio / Escuela (AMIE),Consolidado
17h02103@gmail.com,gmail.com,Educación / Colegio / Escuela (AMIE),Consolidado
17h02105@gmai.com,gmai.com,Educación / Colegio / Escuela (AMIE),Consolidado
17h02107@gmail.com,gmail.com,Educación / Colegio / Escuela (AMIE),Consolidado
17h02108@gmail.com,gmail.com,Educación / Colegio / Escuela (AMIE),Consolidado
17h02109@gmail.com,gmail.com,Educación / Colegio / Escuela (AMIE),Consolidado
17h02110@gmail.com,gmail.com,Educación / Colegio / Escuela (AMIE),Consolidado
17h02114@gmail.com,gmail.com,Educación / Colegio / Escuela (AMIE),Consolidado
17h02121@gmail.com,gmail.com,Educación / Colegio / Escuela (AMIE),Consolidado
17h02126e@gmail.com,gmail.com,Educación / Colegio / Escuela (AMIE),Consolidado
17h02129@gmail.com,gmail.com,Educación / Colegio / Escuela (AMIE),Consolidado
17h02132@gmail.com,gmail.com,Educación / Colegio / Escuela (AMIE),Consolidado
17h02133@gmail.com,gmail.com,Educación / Colegio / Escuela (AMIE),Consolidado
17h02134a@gmail.com,gmail.com,Educación / Colegio / Escuela (AMIE),Consolidado
17h02136@gmail.com,gmail.com,Educación / Colegio / Escuela (AMIE),Consolidado
17h02139@gmail.com,gmail.com,Educación / Colegio / Escuela (AMIE),Consolidado
17h02142@gmail.com,gmail.com,Educación / Colegio / Escuela (AMIE),Consolidado
17h02143@gmail.com,gmail.com,Educación / Colegio / Escuela (AMIE),Consolidado
17h02147@gmail.com,gmail.com,Educación / Colegio / Escuela (AMIE),Consolidado
17h02148@gmail.com,gmail.com,Educación / Colegio / Escuela (AMIE),Consolidado
17h02443@gmail.com,gmail.com,Educación / Colegio / Escuela (AMIE),Consolidado
17h02681@gmail.com,gmail.com,Educación / Colegio / Escuela (AMIE),Consolidado
17h02690@gmail.com,gmail.com,Educación / Colegio / Escuela (AMIE),Consolidado
17h02696@gmail.com,gmail.com,Educación / Colegio / Escuela (AMIE),Consolidado
17h02700b@gmail.com,gmail.com,Educación / Colegio / Escuela (AMIE),Consolidado
17h02701@gmail.com,gmail.com,Educación / Colegio / Escuela (AMIE),Consolidado
17h02719@gmail.com,gmail.com,Educación / Colegio / Escuela (AMIE),Consolidado
17h02729@gmail.com,gmail.com,Educación / Colegio / Escuela (AMIE),Consolidado
17h02739@gmail.com,gmail.com,Educación / Colegio / Escuela (AMIE),Consolidado
17h02752@gmail.com,gmail.com,Educación / Colegio / Escuela (AMIE),Consolidado
17h02760@gmail.com,gmail.com,Educación / Colegio / Escuela (AMIE),Consolidado
17h02764@gmail.com,gmail.com,Educación / Colegio / Escuela (AMIE),Consolidado
17h02765@gmail.com,gmail.com,Educación / Colegio / Escuela (AMIE),Consolidado
17h02770@gmail.com,gmail.com,Educación / Colegio / Escuela (AMIE),Consolidado
17h02775@gmail.com,gmail.com,Educación / Colegio / Escuela (AMIE),Consolidado
17h02777@gmail.com,gmail.com,Educación / Colegio / Escuela (AMIE),Consolidado
17h02780@gmail.com,gmail.com,Educación / Colegio / Escuela (AMIE),Consolidado
17h02794@gmail.com,gmail.com,Educación / Colegio / Escuela (AMIE),Consolidado
17h02810@gmail.com,gmail.com,Educación / Colegio / Escuela (AMIE),Consolidado
17h02811@gmail.com,gmail.com,Educación / Colegio / Escuela (AMIE),Consolidado
17h02828pjv@gmail.com,gmail.com,Educación / Colegio / Escuela (AMIE),Consolidado
17h02829@gmail.com,gmail.com,Educación / Colegio / Escuela (AMIE),Consolidado
17h02831@gmail.com,gmail.com,Educación / Colegio / Escuela (AMIE),Consolidado
17h02832@gmail.com,gmail.com,Educación / Colegio / Escuela (AMIE),Consolidado
17h02840@gmail.com,gmail.com,Educación / Colegio / Escuela (AMIE),Consolidado
17h02853@gmail.com,gmail.com,Educación / Colegio / Escuela (AMIE),Consolidado
17h02857@gmail.com,gmail.com,Educación / Colegio / Escuela (AMIE),Consolidado
17h02894@gmail.com,gmail.com,Educación / Colegio / Escuela (AMIE),Consolidado
17h02897@gmail.com,gmail.com,Educación / Colegio / Escuela (AMIE),Consolidado
17h02898@gmail.com,gmail.com,Educación / Colegio / Escuela (AMIE),Consolidado
17h02902@gmail.com,gmail.com,Educación / Colegio / Escuela (AMIE),Consolidado
17h02908@gmail.com,gmail.com,Educación / Colegio / Escuela (AMIE),Consolidado
17h02912@gmail.com,gmail.com,Educación / Colegio / Escuela (AMIE),Consolidado
17h02914nl@gmail.com,gmail.com,Educación / Colegio / Escuela (AMIE),Consolidado
17h02930@gmail.com,gmail.com,Educación / Colegio / Escuela (AMIE),Consolidado
17h02938@gmail.com,gmail.com,Educación / Colegio / Escuela (AMIE),Consolidado
17h02939@gmail.com,gmail.com,Educación / Colegio / Escuela (AMIE),Consolidado
17h02940@gmail.com,gmail.com,Educación / Colegio / Escuela (AMIE),Consolidado
17h02943@gmail.com,gmail.com,Educación / Colegio / Escuela (AMIE),Consolidado
17h02944@gmail.com,gmail.com,Educación / Colegio / Escuela (AMIE),Consolidado
17h02952@gmail.com,gmail.com,Educación / Colegio / Escuela (AMIE),Consolidado
17h02963@gmail.com,gmail.com,Educación / Colegio / Escuela (AMIE),Consolidado
17h02964@gmail.com,gmail.com,Educación / Colegio / Escuela (AMIE),Consolidado
17h02972@gmail.com,gmail.com,Educación / Colegio / Escuela (AMIE),Consolidado
17h02979@gmail.com,gmail.com,Educación / Colegio / Escuela (AMIE),Consolidado
17h03000@gmail.com,gmail.com,Educación / Colegio / Escuela (AMIE),Consolidado
17h03002@gmail.com,gmail.com,Educación / Colegio / Escuela (AMIE),Consolidado
17h03024@gmail.com,gmail.com,Educación / Colegio / Escuela (AMIE),Consolidado
17h03027@gmail.com,gmail.com,Educación / Colegio / Escuela (AMIE),Consolidado
17h03031@gmail.com,gmail.com,Educación / Colegio / Escuela (AMIE),Consolidado
17h03036@gmail.com,gmail.com,Educación / Colegio / Escuela (AMIE),Consolidado
17h03049@gmail.com,gmail.com,Educación / Colegio / Escuela (AMIE),Consolidado
17h03050@gmail.com,gmail.com,Educación / Colegio / Escuela (AMIE),Consolidado
17h03055@gmail.com,gmail.com,Educación / Colegio / Escuela (AMIE),Consolidado
17h03065@gmail.com,gmail.com,Educación / Colegio / Escuela (AMIE),Consolidado
17h03076@gmail.com,gmail.com,Educación / Colegio / Escuela (AMIE),Consolidado
17h03078@gmail.com,gmail.com,Educación / Colegio / Escuela (AMIE),Consolidado
17h03082@gmail.com,gmail.com,Educación / Colegio / Escuela (AMIE),Consolidado
17h03084@gmail.com,gmail.com,Educación / Colegio / Escuela (AMIE),Consolidado
17h03112@gmail.com,gmail.com,Educación / Colegio / Escuela (AMIE),Consolidado
17h03134@gmail.com,gmail.com,Educación / Colegio / Escuela (AMIE),Consolidado
17h03158@gmail.com,gmail.com,Educación / Colegio / Escuela (AMIE),Consolidado
17h03166@gmail.com,gmail.com,Educación / Colegio / Escuela (AMIE),Consolidado
17h03167@gmail.com,gmail.com,Educación / Colegio / Escuela (AMIE),Consolidado
17h03176@gmail.com,gmail.com,Educación / Colegio / Escuela (AMIE),Consolidado
17h03181@gmail.com,gmail.com,Educación / Colegio / Escuela (AMIE),Consolidado
17h03198@gmail.com,gmail.com,Educación / Colegio / Escuela (AMIE),Consolidado
17h03212@gmail.com,gmail.com,Educación / Colegio / Escuela (AMIE),Consolidado
17h03218@gmail.com,gmail.com,Educación / Colegio / Escuela (AMIE),Consolidado
17h03242@gmail.com,gmail.com,Educación / Colegio / Escuela (AMIE),Consolidado
17h03245@gmail.com,gmail.com,Educación / Colegio / Escuela (AMIE),Consolidado
17h03264@gmail.com,gmail.com,Educación / Colegio / Escuela (AMIE),Consolidado
17h03275@gmail.com,gmail.com,Educación / Colegio / Escuela (AMIE),Consolidado
17h03279@gmail.com,gmail.com,Educación / Colegio / Escuela (AMIE),Consolidado
17h03284@gmail.com,gmail.com,Educación / Colegio / Escuela (AMIE),Consolidado
17h03285@gmail.com,gmail.com,Educación / Colegio / Escuela (AMIE),Consolidado
17h03286@gmail.com,gmail.com,Educación / Colegio / Escuela (AMIE),Consolidado
17h03297@gmail.com,gmail.com,Educación / Colegio / Escuela (AMIE),Consolidado
17h03301@gmail.com,gmail.com,Educación / Colegio / Escuela (AMIE),Consolidado
17h03305@gmail.com,gmail.com,Educación / Colegio / Escuela (AMIE),Consolidado
17h03319@gmail.com,gmail.com,Educación / Colegio / Escuela (AMIE),Consolidado
17h03323@gmail.com,gmail.com,Educación / Colegio / Escuela (AMIE),Consolidado
17h03332@gmail.com,gmail.com,Educación / Colegio / Escuela (AMIE),Consolidado
17h03333@gmail.com,gmail.com,Educación / Colegio / Escuela (AMIE),Consolidado
17h03343@gmail.com,gmail.com,Educación / Colegio / Escuela (AMIE),Consolidado
17h03345@gmail.com,gmail.com,Educación / Colegio / Escuela (AMIE),Consolidado
17h03354@gmail.com,gmail.com,Educación / Colegio / Escuela (AMIE),Consolidado
17h03355@gmail.com,gmail.com,Educación / Colegio / Escuela (AMIE),Consolidado
17h03359@gmail.com,gmail.com,Educación / Colegio / Escuela (AMIE),Consolidado
17h03368@gmail.com,gmail.com,Educación / Colegio / Escuela (AMIE),Consolidado
17h03418@gmail.com,gmail.com,Educación / Colegio / Escuela (AMIE),Consolidado
17h03421@gmail.com,gmail.com,Educación / Colegio / Escuela (AMIE),Consolidado
17h03444@gmail.com,gmail.com,Educación / Colegio / Escuela (AMIE),Consolidado
17h03459@gmail.com,gmail.com,Educación / Colegio / Escuela (AMIE),Consolidado
17h03461@gmail.com,gmail.com,Educación / Colegio / Escuela (AMIE),Consolidado
17h03481@gmail.com,gmail.com,Educación / Colegio / Escuela (AMIE),Consolidado
17h03482@gmail.com,gmail.com,Educación / Colegio / Escuela (AMIE),Consolidado
17h03550@gmail.com,gmail.com,Educación / Colegio / Escuela (AMIE),Consolidado
17h03562@gmail.com,gmail.com,Educación / Colegio / Escuela (AMIE),Consolidado
17h03580@gmail.com,gmail.com,Educación / Colegio / Escuela (AMIE),Consolidado
17h03585@gmail.com,gmail.com,Educación / Colegio / Escuela (AMIE),Consolidado
17h03592@gmail.com,gmail.com,Educación / Colegio / Escuela (AMIE),Consolidado
17h03603@gmail.com,gmail.com,Educación / Colegio / Escuela (AMIE),Consolidado
17h03612@gmail.com,gmail.com,Educación / Colegio / Escuela (AMIE),Consolidado
17h03628@gmail.com,gmail.com,Educación / Colegio / Escuela (AMIE),Consolidado
17h03651@gmail.com,gmail.com,Educación / Colegio / Escuela (AMIE),Consolidado
17h03653@gmail.com,gmail.com,Educación / Colegio / Escuela (AMIE),Consolidado
17h03654@gmail.com,gmail.com,Educación / Colegio / Escuela (AMIE),Consolidado
17h03655@gmail.com,gmail.com,Educación / Colegio / Escuela (AMIE),Consolidado
17h03657@gmail.com,gmail.com,Educación / Colegio / Escuela (AMIE),Consolidado
17h03660@gmail.com,gmail.com,Educación / Colegio / Escuela (AMIE),Consolidado
17h03661@gmail.com,gmail.com,Educación / Colegio / Escuela (AMIE),Consolidado
17h03678@gmail.com,gmail.com,Educación / Colegio / Escuela (AMIE),Consolidado
17h03681@gmail.com,gmail.com,Educación / Colegio / Escuela (AMIE),Consolidado
17h03683@gmail.com,gmail.com,Educación / Colegio / Escuela (AMIE),Consolidado
17h03701@gmail.com,gmail.com,Educación / Colegio / Escuela (AMIE),Consolidado
17h03704@gmail.com,gmail.com,Educación / Colegio / Escuela (AMIE),Consolidado
17h03705@gmail.com,gmail.com,Educación / Colegio / Escuela (AMIE),Consolidado
17h03706cop@gmail.com,gmail.com,Educación / Colegio / Escuela (AMIE),Consolidado
17h03717@gmail.com,gmail.com,Educación / Colegio / Escuela (AMIE),Consolidado
17h03723@gmail.com,gmail.com,Educación / Colegio / Escuela (AMIE),Consolidado
17h03734@gmail.com,gmail.com,Educación / Colegio / Escuela (AMIE),Consolidado
17h03736@gmail.com,gmail.com,Educación / Colegio / Escuela (AMIE),Consolidado
17h03737@gmail.com,gmail.com,Educación / Colegio / Escuela (AMIE),Consolidado
17h03739@gmail.com,gmail.com,Educación / Colegio / Escuela (AMIE),Consolidado
17h03740@gmail.com,gmail.com,Educación / Colegio / Escuela (AMIE),Consolidado
17h03744@gmail.com,gmail.com,Educación / Colegio / Escuela (AMIE),Consolidado
17h0374@gmial.com,gmial.com,Educación / Colegio / Escuela (AMIE),Consolidado
17h04094@gmail.com,gmail.com,Educación / Colegio / Escuela (AMIE),Consolidado
17h04101@gmail.com,gmail.com,Educación / Colegio / Escuela (AMIE),Consolidado
17h04103@gmail.com,gmail.com,Educación / Colegio / Escuela (AMIE),Consolidado
17h04104@gmail.com,gmail.com,Educación / Colegio / Escuela (AMIE),Consolidado
17h04105@gmail.com,gmail.com,Educación / Colegio / Escuela (AMIE),Consolidado
17h04106@gmail.com,gmail.com,Educación / Colegio / Escuela (AMIE),Consolidado
17h04107@gmail.com,gmail.com,Educación / Colegio / Escuela (AMIE),Consolidado
17h04120@gmail.com,gmail.com,Educación / Colegio / Escuela (AMIE),Consolidado
17h04121@gmail.com,gmail.com,Educación / Colegio / Escuela (AMIE),Consolidado
17h04122i@gmail.com,gmail.com,Educación / Colegio / Escuela (AMIE),Consolidado
17h04123@gmail.com,gmail.com,Educación / Colegio / Escuela (AMIE),Consolidado
17h04124@gmail.com,gmail.com,Educación / Colegio / Escuela (AMIE),Consolidado
17h04125@gmail.com,gmail.com,Educación / Colegio / Escuela (AMIE),Consolidado
17h04144@gmail.com,gmail.com,Educación / Colegio / Escuela (AMIE),Consolidado
17h04156@gmail.com,gmail.com,Educación / Colegio / Escuela (AMIE),Consolidado
17h04184@gmail.com,gmail.com,Educación / Colegio / Escuela (AMIE),Consolidado
17h04185@gmail.com,gmail.com,Educación / Colegio / Escuela (AMIE),Consolidado
17h04187@gmail.com,gmail.com,Educación / Colegio / Escuela (AMIE),Consolidado
17h04188@gmail.com,gmail.com,Educación / Colegio / Escuela (AMIE),Consolidado
17h04189@gmail.com,gmail.com,Educación / Colegio / Escuela (AMIE),Consolidado
17h0812@gmail.com,gmail.com,Educación / Colegio / Escuela (AMIE),Consolidado
18b00001@gmail.com,gmail.com,Educación / Colegio / Escuela (AMIE),Consolidado
18b00011@gmail.com,gmail.com,Educación / Colegio / Escuela (AMIE),Consolidado
18b00019@gmail.com,gmail.com,Educación / Colegio / Escuela (AMIE),Consolidado
18b00020@gmail.com,gmail.com,Educación / Colegio / Escuela (AMIE),Consolidado
18b00021@gmail.com,gmail.com,Educación / Colegio / Escuela (AMIE),Consolidado
18b00024@gmail.com,gmail.com,Educación / Colegio / Escuela (AMIE),Consolidado
18b00029@gmail.com,gmail.com,Educación / Colegio / Escuela (AMIE),Consolidado
18b00031@gmail.com,gmail.com,Educación / Colegio / Escuela (AMIE),Consolidado
18b00056@gmail.com,gmail.com,Educación / Colegio / Escuela (AMIE),Consolidado
18b00063@gmail.com,gmail.com,Educación / Colegio / Escuela (AMIE),Consolidado
18b00064@gmail.com,gmail.com,Educación / Colegio / Escuela (AMIE),Consolidado
18h000043@gmail.com,gmail.com,Educación / Colegio / Escuela (AMIE),Consolidado
18h000062@gmail.com,gmail.com,Educación / Colegio / Escuela (AMIE),Consolidado
18h00017@gmail.com,gmail.com,Educación / Colegio / Escuela (AMIE),Consolidado
18h00020@gmail.com,gmail.com,Educación / Colegio / Escuela (AMIE),Consolidado
18h00025@gmail.com,gmail.com,Educación / Colegio / Escuela (AMIE),Consolidado
18h00026@gmail.com,gmail.com,Educación / Colegio / Escuela (AMIE),Consolidado
18h00036@gmail.com,gmail.com,Educación / Colegio / Escuela (AMIE),Consolidado
18h00042@gmail.com,gmail.com,Educación / Colegio / Escuela (AMIE),Consolidado
18h00049@gmail.com,gmail.com,Educación / Colegio / Escuela (AMIE),Consolidado
18h00053@gmail.com,gmail.com,Educación / Colegio / Escuela (AMIE),Consolidado
18h00061@gmail.com,gmail.com,Educación / Colegio / Escuela (AMIE),Consolidado
18h00063@gmail.com,gmail.com,Educación / Colegio / Escuela (AMIE),Consolidado
18h00067@gmail.com,gmail.com,Educación / Colegio / Escuela (AMIE),Consolidado
18h00079@gmail.com,gmail.com,Educación / Colegio / Escuela (AMIE),Consolidado
18h00087@gmail.com,gmail.com,Educación / Colegio / Escuela (AMIE),Consolidado
18h00088@gmail.com,gmail.com,Educación / Colegio / Escuela (AMIE),Consolidado
18h00089@gmail.com,gmail.com,Educación / Colegio / Escuela (AMIE),Consolidado
18h00097@gmail.com,gmail.com,Educación / Colegio / Escuela (AMIE),Consolidado
18h00146@gmail.com,gmail.com,Educación / Colegio / Escuela (AMIE),Consolidado
18h00147@gmail.com,gmail.com,Educación / Colegio / Escuela (AMIE),Consolidado
18h00149@gmail.com,gmail.com,Educación / Colegio / Escuela (AMIE),Consolidado
18h00192@gmail.com,gmail.com,Educación / Colegio / Escuela (AMIE),Consolidado
18h00193@gmail.com,gmail.com,Educación / Colegio / Escuela (AMIE),Consolidado
18h00195@gmail.com,gmail.com,Educación / Colegio / Escuela (AMIE),Consolidado
18h00201@gmail.com,gmail.com,Educación / Colegio / Escuela (AMIE),Consolidado
18h00231@gmail.com,gmail.com,Educación / Colegio / Escuela (AMIE),Consolidado
18h00263@gmail.com,gmail.com,Educación / Colegio / Escuela (AMIE),Consolidado
18h00272@gmail.com,gmail.com,Educación / Colegio / Escuela (AMIE),Consolidado
18h00279@gmail.com,gmail.com,Educación / Colegio / Escuela (AMIE),Consolidado
18h00312@gmail.com,gmail.com,Educación / Colegio / Escuela (AMIE),Consolidado
18h00313@gmail.com,gmail.com,Educación / Colegio / Escuela (AMIE),Consolidado
18h00315@gmail.com,gmail.com,Educación / Colegio / Escuela (AMIE),Consolidado
18h00317@gmail.com,gmail.com,Educación / Colegio / Escuela (AMIE),Consolidado
18h00322@gmail.com,gmail.com,Educación / Colegio / Escuela (AMIE),Consolidado
18h00690@gmail.com,gmail.com,Educación / Colegio / Escuela (AMIE),Consolidado
18h00867@gmail.com,gmail.com,Educación / Colegio / Escuela (AMIE),Consolidado
18h00901@gmail.com,gmail.com,Educación / Colegio / Escuela (AMIE),Consolidado
18h00982@gmail.com,gmail.com,Educación / Colegio / Escuela (AMIE),Consolidado
18h00986@gmail.com,gmail.com,Educación / Colegio / Escuela (AMIE),Consolidado
19b00002.institucion@educacion.gob.ec,educacion.gob.ec,Educación / Colegio / Escuela (AMIE),Consolidado
19b00003.institucion@educacion.gob.ec,educacion.gob.ec,Educación / Colegio / Escuela (AMIE),Consolidado
19b00021.institucion@educacion.gob.ec,educacion.gob.ec,Educación / Colegio / Escuela (AMIE),Consolidado
19b00023.institucion@educacion.gob.ec,educacion.gob.ec,Educación / Colegio / Escuela (AMIE),Consolidado
19b00024.institucion@educacion.gob.ec,educacion.gob.ec,Educación / Colegio / Escuela (AMIE),Consolidado
19b00030.institucion@educacion.gob.ec,educacion.gob.ec,Educación / Colegio / Escuela (AMIE),Consolidado
19b00033.institucion@educacion.gob.ec,educacion.gob.ec,Educación / Colegio / Escuela (AMIE),Consolidado
19b00036.institucion@educacion.gob.ec,educacion.gob.ec,Educación / Colegio / Escuela (AMIE),Consolidado
19b00037.institucion@educacion.gob.ec,educacion.gob.ec,Educación / Colegio / Escuela (AMIE),Consolidado
19b00038.institucion@educacion.gob.ec,educacion.gob.ec,Educación / Colegio / Escuela (AMIE),Consolidado
19b0004.institucion@educacion.gob.ec,educacion.gob.ec,Educación / Colegio / Escuela (AMIE),Consolidado
19b00041.institucion@educacion.gob.ec,educacion.gob.ec,Educación / Colegio / Escuela (AMIE),Consolidado
19b00070.institucion@educacion.gob.ec,educacion.gob.ec,Educación / Colegio / Escuela (AMIE),Consolidado
19b00071.institucion@educacion.gob.ec,educacion.gob.ec,Educación / Colegio / Escuela (AMIE),Consolidado
19b00088.institucion@educacion.gob.ec,educacion.gob.ec,Educación / Colegio / Escuela (AMIE),Consolidado
19b00091.institucion@educacion.gob.ec,educacion.gob.ec,Educación / Colegio / Escuela (AMIE),Consolidado
19b00094.institucion@educacion.gob.ec,educacion.gob.ec,Educación / Colegio / Escuela (AMIE),Consolidado
19b00095.institucion@educacion.gob.ec,educacion.gob.ec,Educación / Colegio / Escuela (AMIE),Consolidado
19b00127.institucion@educacion.gob.ec,educacion.gob.ec,Educación / Colegio / Escuela (AMIE),Consolidado
19b00138.institucion@educacion.gob.ec,educacion.gob.ec,Educación / Colegio / Escuela (AMIE),Consolidado
19b00139.institucion@educacion.gob.ec,educacion.gob.ec,Educación / Colegio / Escuela (AMIE),Consolidado
19b00140.institucion@educacion.gob.ec,educacion.gob.ec,Educación / Colegio / Escuela (AMIE),Consolidado
19h000.institucion@educacion.gob.ec,educacion.gob.ec,Educación / Colegio / Escuela (AMIE),Consolidado
19h00004.institucion@educacion.gob.ec,educacion.gob.ec,Educación / Colegio / Escuela (AMIE),Consolidado
19h00010.institucion@educacion.gob.ec,educacion.gob.ec,Educación / Colegio / Escuela (AMIE),Consolidado
19h00011.institucion@educacion.gob.ec,educacion.gob.ec,Educación / Colegio / Escuela (AMIE),Consolidado
19h00016.institucion@educacion.gob.ec,educacion.gob.ec,Educación / Colegio / Escuela (AMIE),Consolidado
19h00017.institucion@educacion.gob.ec,educacion.gob.ec,Educación / Colegio / Escuela (AMIE),Consolidado
19h00018.institucion@educacion.gob.ec,educacion.gob.ec,Educación / Colegio / Escuela (AMIE),Consolidado
19h00019.institucion@educacion.gob.ec,educacion.gob.ec,Educación / Colegio / Escuela (AMIE),Consolidado
19h00027.institucion@educacion.gob.ec,educacion.gob.ec,Educación / Colegio / Escuela (AMIE),Consolidado
19h00030.institucion@educacion.gob.ec,educacion.gob.ec,Educación / Colegio / Escuela (AMIE),Consolidado
19h00032.institucion@educacion.gob.ec,educacion.gob.ec,Educación / Colegio / Escuela (AMIE),Consolidado
19h00035.institucion@educacion.gob.ec,educacion.gob.ec,Educación / Colegio / Escuela (AMIE),Consolidado
19h00040.institucion@educacion.gob.ec,educacion.gob.ec,Educación / Colegio / Escuela (AMIE),Consolidado
19h00041.institucion@educacion.gob.ec,educacion.gob.ec,Educación / Colegio / Escuela (AMIE),Consolidado
19h00044.institucion@educacion.gob.ec,educacion.gob.ec,Educación / Colegio / Escuela (AMIE),Consolidado
19h00047.institucion@educacion.gob.ec,educacion.gob.ec,Educación / Colegio / Escuela (AMIE),Consolidado
19h00050.institucion@educacion.gob.ec,educacion.gob.ec,Educación / Colegio / Escuela (AMIE),Consolidado
19h000513.institucion@educacion.gob.ec,educacion.gob.ec,Educación / Colegio / Escuela (AMIE),Consolidado
19h00053.institucion@educacion.gob.ec,educacion.gob.ec,Educación / Colegio / Escuela (AMIE),Consolidado
19h00054.institucion@educacion.gob.ec,educacion.gob.ec,Educación / Colegio / Escuela (AMIE),Consolidado
19h00056.institucion@educacion.gob.ec,educacion.gob.ec,Educación / Colegio / Escuela (AMIE),Consolidado
19h00060.institucion@educacion.gob.ec,educacion.gob.ec,Educación / Colegio / Escuela (AMIE),Consolidado
19h00061.institucion@educacion.gob.ec,educacion.gob.ec,Educación / Colegio / Escuela (AMIE),Consolidado
19h00073.institucion@educacion.gob.ec,educacion.gob.ec,Educación / Colegio / Escuela (AMIE),Consolidado
19h00078.institucion@educacion.go.ec,educacion.go.ec,Educación / Colegio / Escuela (AMIE),Consolidado
19h00083.institucion@educacion.gob.ec,educacion.gob.ec,Educación / Colegio / Escuela (AMIE),Consolidado
19h00084.institucion@educacion.gob.ec,educacion.gob.ec,Educación / Colegio / Escuela (AMIE),Consolidado
19h00088.institucion@educacion.gob.ec,educacion.gob.ec,Educación / Colegio / Escuela (AMIE),Consolidado
19h00089.institucion@educacion.gob.ec,educacion.gob.ec,Educación / Colegio / Escuela (AMIE),Consolidado
19h00092.institucion@educacion.gob.ec,educacion.gob.ec,Educación / Colegio / Escuela (AMIE),Consolidado
19h00095.institucion@educacion.gob.ec,educacion.gob.ec,Educación / Colegio / Escuela (AMIE),Consolidado
19h00099.institucion@educacion.gob.ec,educacion.gob.ec,Educación / Colegio / Escuela (AMIE),Consolidado
19h00110.institucion@educacion.gob.ec,educacion.gob.ec,Educación / Colegio / Escuela (AMIE),Consolidado
19h00113.institucion@educacion.gob.ec,educacion.gob.ec,Educación / Colegio / Escuela (AMIE),Consolidado
19h00114.institucion@educacion.gob.ec,educacion.gob.ec,Educación / Colegio / Escuela (AMIE),Consolidado
19h00246.institucion@educacion.gob.ec,educacion.gob.ec,Educación / Colegio / Escuela (AMIE),Consolidado
19h00248.institucion@educacion.gob.ec,educacion.gob.ec,Educación / Colegio / Escuela (AMIE),Consolidado
19h00249.institucion@educacion.gob.ec,educacion.gob.ec,Educación / Colegio / Escuela (AMIE),Consolidado
19h00250.institucion@educacion.gob.ec,educacion.gob.ec,Educación / Colegio / Escuela (AMIE),Consolidado
19h00255.institucion@educacion.gob.ec,educacion.gob.ec,Educación / Colegio / Escuela (AMIE),Consolidado
19h00549.institucion@educacion.gob.ec,educacion.gob.ec,Educación / Colegio / Escuela (AMIE),Consolidado
3denoviembreescuela@gmail.com,gmail.com,Educación / Colegio / Escuela (AMIE),Consolidado
8septiembreescuelaq@gmail.com,gmail.com,Educación / Colegio / Escuela (AMIE),Consolidado
a.martillo@cenu.edu.ec,cenu.edu.ec,Educación / Colegio / Escuela (AMIE),Consolidado
aalmeida@humane.edu.ec,humane.edu.ec,Educación / Colegio / Escuela (AMIE),Consolidado
aamorocho_est@utmachala.edu.ec,utmachala.edu.ec,Educación / Colegio / Escuela (AMIE),Consolidado
abyepez@espe.edu.ec,espe.edu.ec,Educación / Colegio / Escuela (AMIE),Consolidado
acolegioclarac14@gmail.com,gmail.com,Educación / Colegio / Escuela (AMIE),Consolidado
administracion@gloriagorelik.edu.ec,gloriagorelik.edu.ec,Educación / Colegio / Escuela (AMIE),2324 cole nuev.csv
adriana.carrillo@uisek.edu.ec,uisek.edu.ec,Educación / Colegio / Escuela (AMIE),Consolidado
aetuda@uazuay.edu.ec,uazuay.edu.ec,Educación / Colegio / Escuela (AMIE),Consolidado
amadita@becquerel.edu.ec,becquerel.edu.ec,Educación / Colegio / Escuela (AMIE),Consolidado
amaya@ecomundo.edu.ec,ecomundo.edu.ec,Educación / Colegio / Escuela (AMIE),Consolidado
amparitoloorhotmail.com@educacion.gob.ec,educacion.gob.ec,Educación / Colegio / Escuela (AMIE),Consolidado
atp@espol.edu.ec,espol.edu.ec,Educación / Colegio / Escuela (AMIE),Consolidado
avguerrero@puce.edu.ec,puce.edu.ec,Educación / Colegio / Escuela (AMIE),Consolidado
bernardino@cbecheverria.edu.ec,cbecheverria.edu.ec,Educación / Colegio / Escuela (AMIE),2324 cole nuev.csv
cbonilla@southamerican.edu.ec,southamerican.edu.ec,Educación / Colegio / Escuela (AMIE),Consolidado
cdaguilar@utpl.edu.ec,utpl.edu.ec,Educación / Colegio / Escuela (AMIE),Consolidado
cesaryamberla@lainmaculada.edu.ec,lainmaculada.edu.ec,Educación / Colegio / Escuela (AMIE),Consolidado
cescudero@colegiomenor.edu.ec,colegiomenor.edu.ec,Educación / Colegio / Escuela (AMIE),Consolidado
cescuelanuevoamanecer@yahoo.es,yahoo.es,Educación / Colegio / Escuela (AMIE),Consolidado
cglopez@espol.edu.ec,espol.edu.ec,Educación / Colegio / Escuela (AMIE),2324 cole nuev.csv
col.calderon@hotmail.com,hotmail.com,Educación / Colegio / Escuela (AMIE),Consolidado
col.chimborazo@hotmail.com,hotmail.com,Educación / Colegio / Escuela (AMIE),2324 cole nuev.csv
col.cincodfebrero@gmail.com,gmail.com,Educación / Colegio / Escuela (AMIE),2324 cole nuev.csv
col.enriqueponcel@hotmail.com,hotmail.com,Educación / Colegio / Escuela (AMIE),Consolidado
col.part.ferroviario@gmail.com,gmail.com,Educación / Colegio / Escuela (AMIE),2324 cole nuev.csv
col.santiago_roldos@live.com,live.com,Educación / Colegio / Escuela (AMIE),2324 cole nuev.csv
colecturia@bethlemitas.edu.ec,bethlemitas.edu.ec,Educación / Colegio / Escuela (AMIE),Consolidado
colegio.apostolico@hotmail.com,hotmail.com,Educación / Colegio / Escuela (AMIE),2324 cole nuev.csv
colegio.atahualpa@hotmail.com,hotmail.com,Educación / Colegio / Escuela (AMIE),2324 cole nuev.csv
colegio.cc@hotmail.com,hotmail.com,Educación / Colegio / Escuela (AMIE),Consolidado
colegio.gonzalezsuarez@hotmail.com,hotmail.com,Educación / Colegio / Escuela (AMIE),Consolidado
colegio10deagosto@hotmail.com,hotmail.com,Educación / Colegio / Escuela (AMIE),Consolidado
colegio22dediciembre@hotmail.com,hotmail.com,Educación / Colegio / Escuela (AMIE),2324 cole nuev.csv
colegio25julio@hotmail.com,hotmail.com,Educación / Colegio / Escuela (AMIE),2324 cole nuev.csv
colegio6dediciembre@yahoo.es,yahoo.es,Educación / Colegio / Escuela (AMIE),Consolidado
colegio@heraldos.ec,heraldos.ec,Educación / Colegio / Escuela (AMIE),2324 cole nuev.csv
colegioalbertinarivas@yahoo.com,yahoo.com,Educación / Colegio / Escuela (AMIE),Consolidado
colegioalmindaris@gmail.com,gmail.com,Educación / Colegio / Escuela (AMIE),Consolidado
colegioamericasquitumbe@gmail.com,gmail.com,Educación / Colegio / Escuela (AMIE),Consolidado
colegioarizagaluque@hotmail.com,hotmail.com,Educación / Colegio / Escuela (AMIE),2324 cole nuev.csv
colegioauroraestradaderamirez@yahoo.es,yahoo.es,Educación / Colegio / Escuela (AMIE),2324 cole nuev.csv
colegiobrooklyn@hotmail.com,hotmail.com,Educación / Colegio / Escuela (AMIE),2324 cole nuev.csv
colegiocapsg@hotmail.com,hotmail.com,Educación / Colegio / Escuela (AMIE),2324 cole nuev.csv
colegiocloyola@yahoo.com,yahoo.com,Educación / Colegio / Escuela (AMIE),Consolidado
colegioeloyalfaro_duran@hotmail.com,hotmail.com,Educación / Colegio / Escuela (AMIE),2324 cole nuev.csv
colegioeltriunfo@hotmail.es,hotmail.es,Educación / Colegio / Escuela (AMIE),2324 cole nuev.csv
colegioenriqueuraga@hotmail.com,hotmail.com,Educación / Colegio / Escuela (AMIE),2324 cole nuev.csv
colegiofiscalcabuyal@yahoo.com,yahoo.com,Educación / Colegio / Escuela (AMIE),2324 cole nuev.csv
colegiofiscaljoseabelcastillo@hotmal.es,hotmal.es,Educación / Colegio / Escuela (AMIE),2324 cole nuev.csv
colegiogae@yahoo.es,yahoo.es,Educación / Colegio / Escuela (AMIE),2324 cole nuev.csv
colegiogaloplazalassosf@yahoo.com,yahoo.com,Educación / Colegio / Escuela (AMIE),Consolidado
colegiogoz@yahoo.es,yahoo.es,Educación / Colegio / Escuela (AMIE),Consolidado
colegiojesusmaria@homail.com,homail.com,Educación / Colegio / Escuela (AMIE),2324 cole nuev.csv
colegiojuanmontalvo_fiallos@yahoo.com,yahoo.com,Educación / Colegio / Escuela (AMIE),2324 cole nuev.csv
colegiokennedysalinas@hotmai.com,hotmai.com,Educación / Colegio / Escuela (AMIE),2324 cole nuev.csv
colegiolaurel@yahoo.com,yahoo.com,Educación / Colegio / Escuela (AMIE),2324 cole nuev.csv
colegiomanuelcordovagalarza@hotmail.com,hotmail.com,Educación / Colegio / Escuela (AMIE),Consolidado
colegiomariamagdalena@yahoo.com,yahoo.com,Educación / Colegio / Escuela (AMIE),Consolidado
colegiomaue@yahoo.es,yahoo.es,Educación / Colegio / Escuela (AMIE),Consolidado
colegiomilenium99@yahoo.es,yahoo.es,Educación / Colegio / Escuela (AMIE),2324 cole nuev.csv
colegiomilitar8@hotmail.com,hotmail.com,Educación / Colegio / Escuela (AMIE),2324 cole nuev.csv
colegiomocache@yahoo.es,yahoo.es,Educación / Colegio / Escuela (AMIE),Consolidado
colegiomurillo@hotmail.com,hotmail.com,Educación / Colegio / Escuela (AMIE),2324 cole nuev.csv
colegionacional16demayo@yahoo.com,yahoo.com,Educación / Colegio / Escuela (AMIE),Consolidado
colegionacionalpueblonuevo@yahoo.es,yahoo.es,Educación / Colegio / Escuela (AMIE),Consolidado
colegionuestromundosalitre@yahoo.es,yahoo.es,Educación / Colegio / Escuela (AMIE),2324 cole nuev.csv
colegiopadrecarlosmantilla@hotmail.com,hotmail.com,Educación / Colegio / Escuela (AMIE),2324 cole nuev.csv
colegioparticularadistancia.jualeonmera2002@hotmail.com,hotmail.com,Educación / Colegio / Escuela (AMIE),Consolidado
colegioparticularbalzar@hotmail.com,hotmail.com,Educación / Colegio / Escuela (AMIE),2324 cole nuev.csv
colegiopetrillo@hotmail.com,hotmail.com,Educación / Colegio / Escuela (AMIE),2324 cole nuev.csv
colegioporvenir26@hotmail.com,hotmail.com,Educación / Colegio / Escuela (AMIE),2324 cole nuev.csv
colegioprovinciadeimbabura@hotmail.com,hotmail.com,Educación / Colegio / Escuela (AMIE),2324 cole nuev.csv
colegiopueblonuevo@gmail.com,gmail.com,Educación / Colegio / Escuela (AMIE),2324 cole nuev.csv
colegiopuna@gmail.com,gmail.com,Educación / Colegio / Escuela (AMIE),2324 cole nuev.csv
colegioreplicavicenterocafuerte@hotmail.com,hotmail.com,Educación / Colegio / Escuela (AMIE),2324 cole nuev.csv
colegiosoldadomonge@yahoo.es,yahoo.es,Educación / Colegio / Escuela (AMIE),2324 cole nuev.csv
colegioue@hotmail.com,hotmail.com,Educación / Colegio / Escuela (AMIE),Consolidado
colegiovinces@hotmail.com,hotmail.com,Educación / Colegio / Escuela (AMIE),Consolidado
colegio_ancon@hotmail.com,hotmail.com,Educación / Colegio / Escuela (AMIE),2324 cole nuev.csv
colegio_apch_sm@yahoo.es,yahoo.es,Educación / Colegio / Escuela (AMIE),Consolidado
colegio_felixgranja2003@yahoo.com,yahoo.com,Educación / Colegio / Escuela (AMIE),Consolidado
colegio_ibero@hotmail.com,hotmail.com,Educación / Colegio / Escuela (AMIE),2324 cole nuev.csv
colegio_isidroayoracueva@hotmail.com,hotmail.com,Educación / Colegio / Escuela (AMIE),2324 cole nuev.csv
colegio_lase@hotmail.com,hotmail.com,Educación / Colegio / Escuela (AMIE),2324 cole nuev.csv
colegio_ngalapagos@hotmail.es,hotmail.es,Educación / Colegio / Escuela (AMIE),Consolidado
colegio_nueva_generacion@hotmail.com,hotmail.com,Educación / Colegio / Escuela (AMIE),2324 cole nuev.csv
colegio_peniel@hotmail.com,hotmail.com,Educación / Colegio / Escuela (AMIE),2324 cole nuev.csv
colegio_riopuca@hotmail.com,hotmail.com,Educación / Colegio / Escuela (AMIE),Consolidado
colegio_rohde@hotmail.com,hotmail.com,Educación / Colegio / Escuela (AMIE),2324 cole nuev.csv
colegio_sanesteban@yahoo.com,yahoo.com,Educación / Colegio / Escuela (AMIE),2324 cole nuev.csv
colegio_vpc@hotmail.com,hotmail.com,Educación / Colegio / Escuela (AMIE),2324 cole nuev.csv
colon.laje@educacion.gob.ec,educacion.gob.ec,Educación / Colegio / Escuela (AMIE),Consolidado
compras@colegiobritanico.edu.ec,colegiobritanico.edu.ec,Educación / Colegio / Escuela (AMIE),Consolidado
contabilidad@ellibertador.edu.ec,ellibertador.edu.ec,Educación / Colegio / Escuela (AMIE),Consolidado
contabilidad@emanuel.edu.ec,emanuel.edu.ec,Educación / Colegio / Escuela (AMIE),Consolidado
corganizacional@uees.edu.ec,uees.edu.ec,Educación / Colegio / Escuela (AMIE),Consolidado
cpila@victoriaacademy.edu.ec,victoriaacademy.edu.ec,Educación / Colegio / Escuela (AMIE),Consolidado
cvchavez@sfelipeneri.edu.ec,sfelipeneri.edu.ec,Educación / Colegio / Escuela (AMIE),Consolidado
colegionacionaldaule@hotmail.com,hotmail.com,Educación / Colegio / Escuela (AMIE),2324 cole nuev.csv
dario.paez@smaris.edu.ec,smaris.edu.ec,Educación / Colegio / Escuela (AMIE),Consolidado
djaramillo@utpl.edu.ec,utpl.edu.ec,Educación / Colegio / Escuela (AMIE),Consolidado
dmguevara@puce.edu.ec,puce.edu.ec,Educación / Colegio / Escuela (AMIE),Consolidado
dmmera@uees.edu.ec,uees.edu.ec,Educación / Colegio / Escuela (AMIE),Consolidado
dperez@internacional.edu.ec,internacional.edu.ec,Educación / Colegio / Escuela (AMIE),Consolidado
e-documentos@ipac.edu.ec,ipac.edu.ec,Educación / Colegio / Escuela (AMIE),Consolidado
eduardoarauz@liceocristiano.edu.ec,liceocristiano.edu.ec,Educación / Colegio / Escuela (AMIE),2324 cole nuev.csv
emora@cenu.edu.ec,cenu.edu.ec,Educación / Colegio / Escuela (AMIE),Consolidado
eperezy@cpu.edu.ec,cpu.edu.ec,Educación / Colegio / Escuela (AMIE),Consolidado
escuela-angela-aviles@hmail.com,hmail.com,Educación / Colegio / Escuela (AMIE),2324 cole nuev.csv
escuela-eugenioespejo@hotmail.com,hotmail.com,Educación / Colegio / Escuela (AMIE),2324 cole nuev.csv
escuela-ilustremunicipiorellana@hotmail.con,hotmail.con,Educación / Colegio / Escuela (AMIE),Consolidado
escuela.galapagos@yahoo.com,yahoo.com,Educación / Colegio / Escuela (AMIE),Consolidado
escuela.h.miguel@hotmail.com,hotmail.com,Educación / Colegio / Escuela (AMIE),Consolidado
escuela.rmv@hotmail.com,hotmail.com,Educación / Colegio / Escuela (AMIE),Consolidado
escuela13deagosto@hotmail.es,hotmail.es,Educación / Colegio / Escuela (AMIE),Consolidado
escuela18denoviembre@hotmail.com,hotmail.com,Educación / Colegio / Escuela (AMIE),2324 cole nuev.csv
escuela21demayo@hotmail.com,hotmail.com,Educación / Colegio / Escuela (AMIE),Consolidado
escuela27defebrero@hotmail.com,hotmail.com,Educación / Colegio / Escuela (AMIE),2324 cole nuev.csv
escuela27defebrero@live.com,live.com,Educación / Colegio / Escuela (AMIE),Consolidado
escuela27denoviembre@hotmail.com,hotmail.com,Educación / Colegio / Escuela (AMIE),2324 cole nuev.csv
escuela9octubre@hotmail.es,hotmail.es,Educación / Colegio / Escuela (AMIE),2324 cole nuev.csv
escuelaalmirantecolon@hotmail.com,hotmail.com,Educación / Colegio / Escuela (AMIE),Consolidado
escuelaanasalazar@hotmail.com,hotmail.com,Educación / Colegio / Escuela (AMIE),2324 cole nuev.csv
escuelaangelsochoa@hotmail.com,hotmail.com,Educación / Colegio / Escuela (AMIE),Consolidado
escuelaarquimides@yahoo.es,yahoo.es,Educación / Colegio / Escuela (AMIE),Consolidado
escuelaatenas@hotmail.es,hotmail.es,Educación / Colegio / Escuela (AMIE),Consolidado
escuelabartolome@hotmail.com,hotmail.com,Educación / Colegio / Escuela (AMIE),Consolidado
escuelacarlosyuquimedina@gmail.com,gmail.com,Educación / Colegio / Escuela (AMIE),2324 cole nuev.csv
escuelaceforacarrillo2@hotmail.com,hotmail.com,Educación / Colegio / Escuela (AMIE),Consolidado
escuelacomienzos@yahoo.es,yahoo.es,Educación / Colegio / Escuela (AMIE),2324 cole nuev.csv
escueladavalos@yahoo.com,yahoo.com,Educación / Colegio / Escuela (AMIE),Consolidado
escueladelideres2008@hotmail.es,hotmail.es,Educación / Colegio / Escuela (AMIE),Consolidado
escuelaecuador4@hotmail.com,hotmail.com,Educación / Colegio / Escuela (AMIE),2324 cole nuev.csv
escuelaeloyalfaro@hotmail.com,hotmail.com,Educación / Colegio / Escuela (AMIE),Consolidado
escuelaeloyalfaro_1900@hotmail.com,hotmail.com,Educación / Colegio / Escuela (AMIE),Consolidado
escuelaeugenioespejo2011@hotmail.com,hotmail.com,Educación / Colegio / Escuela (AMIE),Consolidado
escuelaf19pmn@hotmail.com,hotmail.com,Educación / Colegio / Escuela (AMIE),2324 cole nuev.csv
escuelafermincevallos@hotmail.es,hotmail.es,Educación / Colegio / Escuela (AMIE),Consolidado
escuelafhr@hotmail.com,hotmail.com,Educación / Colegio / Escuela (AMIE),2324 cole nuev.csv
escuelafiscal13sn@hotmail.com,hotmail.com,Educación / Colegio / Escuela (AMIE),2324 cole nuev.csv
escuelafiscalegg151@hotmail.com,hotmail.com,Educación / Colegio / Escuela (AMIE),2324 cole nuev.csv
escuelafiscaleloyalfarodaule@hotmail.com,hotmail.com,Educación / Colegio / Escuela (AMIE),Consolidado
escuelafiscaljaimeroldos_a@hotmail.com,hotmail.com,Educación / Colegio / Escuela (AMIE),Consolidado
escuelafiscalmean@hotmail.com,hotmail.com,Educación / Colegio / Escuela (AMIE),Consolidado
escuelafiscalmixta13_libertad@hotmail.com,hotmail.com,Educación / Colegio / Escuela (AMIE),Consolidado
escuelafiscalmixta21dragermaniafigueroaleon@hotmail.com,hotmail.com,Educación / Colegio / Escuela (AMIE),Consolidado
escuelafiscalmixtajaimeroldosaguilera@hotmail.com,hotmail.com,Educación / Colegio / Escuela (AMIE),Consolidado
escuelafiscalpadreplacidomunozmacias@hotmail.com,hotmail.com,Educación / Colegio / Escuela (AMIE),Consolidado
escuelafiscalpdj209@hotmail.com,hotmail.com,Educación / Colegio / Escuela (AMIE),2324 cole nuev.csv
escuelafiscalsimonortegadiaz@yahoo.com,yahoo.com,Educación / Colegio / Escuela (AMIE),Consolidado
escuelafiscalsinnombre@hotmail.com,hotmail.com,Educación / Colegio / Escuela (AMIE),Consolidado
escuelafiscal_camilomontenegro@hotmail.com,hotmail.com,Educación / Colegio / Escuela (AMIE),Consolidado
escuelafrankvargas@hotmail.com,hotmail.com,Educación / Colegio / Escuela (AMIE),2324 cole nuev.csv
escuelageneralvernaza@gmail.com,gmail.com,Educación / Colegio / Escuela (AMIE),Consolidado
escuelaguayasaminduran@hotmail.com,hotmail.com,Educación / Colegio / Escuela (AMIE),2324 cole nuev.csv
escuelahectorabelardo@yahoo.es,yahoo.es,Educación / Colegio / Escuela (AMIE),Consolidado
escuelaheroesdetiwintza@hotmail.com,hotmail.com,Educación / Colegio / Escuela (AMIE),2324 cole nuev.csv
escuelahumbertogavilanez@gmail.com,gmail.com,Educación / Colegio / Escuela (AMIE),Consolidado
escuelaingenieroscivilescotopaxi@hotmail.com,hotmail.com,Educación / Colegio / Escuela (AMIE),Consolidado
escuelajfc1978@hotmail.com,hotmail.com,Educación / Colegio / Escuela (AMIE),Consolidado
escuelajgl@hotmail.com,hotmail.com,Educación / Colegio / Escuela (AMIE),2324 cole nuev.csv
escuelajorgecrespotoral@yahoo.es,yahoo.es,Educación / Colegio / Escuela (AMIE),Consolidado
escuelajoseperalta1@hotmail.com,hotmail.com,Educación / Colegio / Escuela (AMIE),Consolidado
escuelajuana@hotmail.com,hotmail.com,Educación / Colegio / Escuela (AMIE),Consolidado
escuelalaflorida7@hotmail.com,hotmail.com,Educación / Colegio / Escuela (AMIE),2324 cole nuev.csv
escuelalatola2010@hotmail.com,hotmail.com,Educación / Colegio / Escuela (AMIE),Consolidado
escuelalaunioncarrizal@hotmail.com,hotmail.com,Educación / Colegio / Escuela (AMIE),Consolidado
escuelaliassaltos@gmail.com,gmail.com,Educación / Colegio / Escuela (AMIE),Consolidado
escuelaloschimbos@hotmail.com,hotmail.com,Educación / Colegio / Escuela (AMIE),Consolidado
escuelalosshirys23@hotmail.com,hotmail.com,Educación / Colegio / Escuela (AMIE),Consolidado
escuelaluisfelipeborja@hotmail.com,hotmail.com,Educación / Colegio / Escuela (AMIE),Consolidado
escuelaluisstacey@gmail.com,gmail.com,Educación / Colegio / Escuela (AMIE),Consolidado
escuelamancocapac@hotmail.com,hotmail.com,Educación / Colegio / Escuela (AMIE),Consolidado
escuelamanuelitasaenz@gmail.com,gmail.com,Educación / Colegio / Escuela (AMIE),Consolidado
escuelamcanizares@hotmail.com,hotmail.com,Educación / Colegio / Escuela (AMIE),2324 cole nuev.csv
escuelamediform@yahoo.com,yahoo.com,Educación / Colegio / Escuela (AMIE),2324 cole nuev.csv
escuelansr@hotmail.com,hotmail.com,Educación / Colegio / Escuela (AMIE),Consolidado
escuelanuevafundacion@yahoo.com,yahoo.com,Educación / Colegio / Escuela (AMIE),Consolidado
escuelaottoarosemena@hotmail.com,hotmail.com,Educación / Colegio / Escuela (AMIE),Consolidado
escuelaottoarosemenagomez16@hotmail.com,hotmail.com,Educación / Colegio / Escuela (AMIE),Consolidado
escuelapadreeterno@yahoo.es,yahoo.es,Educación / Colegio / Escuela (AMIE),2324 cole nuev.csv
escuelapaquisha@yahoo.es,yahoo.es,Educación / Colegio / Escuela (AMIE),2324 cole nuev.csv
escuelapatrianueva@yahoo.com,yahoo.com,Educación / Colegio / Escuela (AMIE),2324 cole nuev.csv
escuelapea@hotmail.com,hotmail.com,Educación / Colegio / Escuela (AMIE),Consolidado
escuelaperezguerrero@hotmail.com,hotmail.com,Educación / Colegio / Escuela (AMIE),2324 cole nuev.csv
escuelapichilingue@gmail.com,gmail.com,Educación / Colegio / Escuela (AMIE),Consolidado
escuelaplaton@hotmail.es,hotmail.es,Educación / Colegio / Escuela (AMIE),Consolidado
escuelaprovinciaddebolivar@hotmail.es,hotmail.es,Educación / Colegio / Escuela (AMIE),Consolidado
escuelaqlibre@gmail.com,gmail.com,Educación / Colegio / Escuela (AMIE),Consolidado
escuelaramonjustinozambrano@hotmail.com,hotmail.com,Educación / Colegio / Escuela (AMIE),Consolidado
escuelarchile21@yahoo.com,yahoo.com,Educación / Colegio / Escuela (AMIE),2324 cole nuev.csv
escuelaremigiotamariz@hotmail.com,hotmail.com,Educación / Colegio / Escuela (AMIE),Consolidado
escuelaritalecumberri@hotmail.com,hotmail.com,Educación / Colegio / Escuela (AMIE),2324 cole nuev.csv
escuelaruminahui@hotmail.com,hotmail.com,Educación / Colegio / Escuela (AMIE),Consolidado
escuelasanmiguel@hotmail.es,hotmail.es,Educación / Colegio / Escuela (AMIE),Consolidado
escuelasantarsicio@yahoo.com,yahoo.com,Educación / Colegio / Escuela (AMIE),2324 cole nuev.csv
escuelasantateresita@hotmail.es,hotmail.es,Educación / Colegio / Escuela (AMIE),2324 cole nuev.csv
escuelasietedeagosto@hotmail.com,hotmail.com,Educación / Colegio / Escuela (AMIE),Consolidado
escuelasietelagos@hotmail.com,hotmail.com,Educación / Colegio / Escuela (AMIE),2324 cole nuev.csv
escuelasimonbolivarguaranda@gmail.com,gmail.com,Educación / Colegio / Escuela (AMIE),Consolidado
escuelasinnombre47@hotmail.com,hotmail.com,Educación / Colegio / Escuela (AMIE),2324 cole nuev.csv
escuelatenienteabdonc@hotmail.com,hotmail.com,Educación / Colegio / Escuela (AMIE),Consolidado
escuelateodorowolf@hotmail.com,hotmail.com,Educación / Colegio / Escuela (AMIE),2324 cole nuev.csv
escuelatomebamba@yahoo.es,yahoo.es,Educación / Colegio / Escuela (AMIE),Consolidado
escuelaunionchimboracense@live.com,live.com,Educación / Colegio / Escuela (AMIE),Consolidado
escuelavanguardia@yahoo.es,yahoo.es,Educación / Colegio / Escuela (AMIE),2324 cole nuev.csv
escuelavictorlazoalarconn3@hotmail.com,hotmail.com,Educación / Colegio / Escuela (AMIE),2324 cole nuev.csv
escuela_achm@hotmail.com,hotmail.com,Educación / Colegio / Escuela (AMIE),Consolidado
escuela_camilo_ponce@hotmail.com,hotmail.com,Educación / Colegio / Escuela (AMIE),Consolidado
escuela_canari@hotmail.com,hotmail.com,Educación / Colegio / Escuela (AMIE),Consolidado
escuela_carmenmontenegro@hotmail.com,hotmail.com,Educación / Colegio / Escuela (AMIE),2324 cole nuev.csv
escuela_eloyalfaro1@hotmail.com,hotmail.com,Educación / Colegio / Escuela (AMIE),Consolidado
escuela_fic@hotmail.com,hotmail.com,Educación / Colegio / Escuela (AMIE),2324 cole nuev.csv
escuela_félixsarmiento@hotmail.com,hotmail.com,Educación / Colegio / Escuela (AMIE),Consolidado
escuela_gandhi@yahoo.com,yahoo.com,Educación / Colegio / Escuela (AMIE),2324 cole nuev.csv
escuela_j.m.l_montanita@hotmail.com,hotmail.com,Educación / Colegio / Escuela (AMIE),2324 cole nuev.csv
escuela_ladolorosa_de_balzar@hotmail.com,hotmail.com,Educación / Colegio / Escuela (AMIE),2324 cole nuev.csv
escuela_maria_agustina_solorzano_robles@hotmail.com,hotmail.com,Educación / Colegio / Escuela (AMIE),Consolidado
escuela_nsc@hotmail.com,hotmail.com,Educación / Colegio / Escuela (AMIE),2324 cole nuev.csv
escuela_nuevo_amanecer@hotmail.com,hotmail.com,Educación / Colegio / Escuela (AMIE),Consolidado
escuela_riomashpi@hotmail.com,hotmail.com,Educación / Colegio / Escuela (AMIE),Consolidado
escuela_sanramon@hotmail.com,hotmail.com,Educación / Colegio / Escuela (AMIE),Consolidado
escuela_tc@yahoo.es,yahoo.es,Educación / Colegio / Escuela (AMIE),Consolidado
escuela_teodoroortoz@hotmail.com,hotmail.com,Educación / Colegio / Escuela (AMIE),Consolidado
escuela_vicenterocafuerte@yahoo.com,yahoo.com,Educación / Colegio / Escuela (AMIE),Consolidado
facturaprov@anai.edu.ec,anai.edu.ec,Educación / Colegio / Escuela (AMIE),Consolidado
facturas@uazuay.edu.ec,uazuay.edu.ec,Educación / Colegio / Escuela (AMIE),Consolidado
facturas@udla.edu.ec,udla.edu.ec,Educación / Colegio / Escuela (AMIE),Consolidado
gerenciafinanciera@nenes.edu.ec,nenes.edu.ec,Educación / Colegio / Escuela (AMIE),Consolidado
gmarquez@umet.edu.ec,umet.edu.ec,Educación / Colegio / Escuela (AMIE),Consolidado
gmoreira@ueldv.edu.ec,ueldv.edu.ec,Educación / Colegio / Escuela (AMIE),Consolidado
gperez@tecnologicoargos.edu.ec,tecnologicoargos.edu.ec,Educación / Colegio / Escuela (AMIE),Consolidado
grupoescuela_3042@hotmail.com,hotmail.com,Educación / Colegio / Escuela (AMIE),Consolidado
guadalupe.jara@shalon.edu.ec,shalon.edu.ec,Educación / Colegio / Escuela (AMIE),Consolidado
gvela@ide.edu.ec,ide.edu.ec,Educación / Colegio / Escuela (AMIE),Consolidado
ipac@ipac.edu.ec,ipac.edu.ec,Educación / Colegio / Escuela (AMIE),2324 cole nuev.csv
icavagnaro@uees.edu.ec,uees.edu.ec,Educación / Colegio / Escuela (AMIE),Consolidado
infoinfo@universidadecotec.edu.ec,universidadecotec.edu.ec,Educación / Colegio / Escuela (AMIE),Consolidado
infoinfo@upacifico.edu.ec,upacifico.edu.ec,Educación / Colegio / Escuela (AMIE),Consolidado
inoe@liceocristiano.edu.ec,liceocristiano.edu.ec,Educación / Colegio / Escuela (AMIE),Consolidado
iruiz@espol.edu.ec,espol.edu.ec,Educación / Colegio / Escuela (AMIE),Consolidado
ivera@liceopanamericano.edu.ec,liceopanamericano.edu.ec,Educación / Colegio / Escuela (AMIE),Consolidado
jardin-escuelaucs5@hotmail.com,hotmail.com,Educación / Colegio / Escuela (AMIE),2324 cole nuev.csv
jardinescuelalahuella@gmail.com,gmail.com,Educación / Colegio / Escuela (AMIE),2324 cole nuev.csv
jardinescuelamariauxiliadora@hotmail.com,hotmail.com,Educación / Colegio / Escuela (AMIE),Consolidado
jardinescuelapuertoazul@hotmail.com,hotmail.com,Educación / Colegio / Escuela (AMIE),2324 cole nuev.csv
jardinescuelarutadelsol@hotmail.com,hotmail.com,Educación / Colegio / Escuela (AMIE),Consolidado
jardin_escuela@hotmail.com,hotmail.com,Educación / Colegio / Escuela (AMIE),2324 cole nuev.csv
jbpcolegio@yahoo.es,yahoo.es,Educación / Colegio / Escuela (AMIE),Consolidado
jmleon26@utpl.edu.ec,utpl.edu.ec,Educación / Colegio / Escuela (AMIE),Consolidado
jota@educacion.gob.ec,educacion.gob.ec,Educación / Colegio / Escuela (AMIE),Consolidado
jpaltamirano@puce.edu.ec,puce.edu.ec,Educación / Colegio / Escuela (AMIE),Consolidado
jponce@jkepler.edu.ec,jkepler.edu.ec,Educación / Colegio / Escuela (AMIE),Consolidado
jrodriguez@torremar.edu.ec,torremar.edu.ec,Educación / Colegio / Escuela (AMIE),Consolidado
jshenaop@pucesd.edu.ec,pucesd.edu.ec,Educación / Colegio / Escuela (AMIE),Consolidado
juanpablobarzallo@santana.edu.ec,santana.edu.ec,Educación / Colegio / Escuela (AMIE),Consolidado
jvilla@cees.edu.ec,cees.edu.ec,Educación / Colegio / Escuela (AMIE),2324 cole nuev.csv
kgarcia@liceocristiano.edu.ec,liceocristiano.edu.ec,Educación / Colegio / Escuela (AMIE),Consolidado
ksilva@ecomundo.edu.ec,ecomundo.edu.ec,Educación / Colegio / Escuela (AMIE),Consolidado
levvygotsky@lev.edu.ec,lev.edu.ec,Educación / Colegio / Escuela (AMIE),Consolidado
liliana.morales@cordillera.edu.ec,cordillera.edu.ec,Educación / Colegio / Escuela (AMIE),Consolidado
logos@logosacademy.edu.ec,logosacademy.edu.ec,Educación / Colegio / Escuela (AMIE),2324 cole nuev.csv
lortega@torremar.edu.ec,torremar.edu.ec,Educación / Colegio / Escuela (AMIE),Consolidado
lpavon@pucesi.edu.ec,pucesi.edu.ec,Educación / Colegio / Escuela (AMIE),Consolidado
lserrano@unidadborja.edu.ec,unidadborja.edu.ec,Educación / Colegio / Escuela (AMIE),Consolidado
lvillon@universidadecotec.edu.ec,universidadecotec.edu.ec,Educación / Colegio / Escuela (AMIE),Consolidado
m.gordillo@colegiorudolfsteiner.edu.ec,colegiorudolfsteiner.edu.ec,Educación / Colegio / Escuela (AMIE),Consolidado
manuelzurita@educacion.gob.ec,educacion.gob.ec,Educación / Colegio / Escuela (AMIE),Consolidado
marco.acosta@ute.edu.ec,ute.edu.ec,Educación / Colegio / Escuela (AMIE),Consolidado
maria.vargas06@cu.ucsg.edu.ec,cu.ucsg.edu.ec,Educación / Colegio / Escuela (AMIE),Consolidado
mariochicogpp@educacion.gob.ec,educacion.gob.ec,Educación / Colegio / Escuela (AMIE),Consolidado
maroca@colegioletort.edu.ec,colegioletort.edu.ec,Educación / Colegio / Escuela (AMIE),Consolidado
mdavalos@isaacnewton.edu.ec,isaacnewton.edu.ec,Educación / Colegio / Escuela (AMIE),Consolidado
mgbalda@espe.edu.ec,espe.edu.ec,Educación / Colegio / Escuela (AMIE),Consolidado
mgomez@cristobalcolon.edu.ec,cristobalcolon.edu.ec,Educación / Colegio / Escuela (AMIE),Consolidado
mguillenc@cedfi.edu.ec,cedfi.edu.ec,Educación / Colegio / Escuela (AMIE),Consolidado
mlafuente@colegiosanfrancisco.edu.ec,colegiosanfrancisco.edu.ec,Educación / Colegio / Escuela (AMIE),Consolidado
mmonteverde@torremar.edu.ec,torremar.edu.ec,Educación / Colegio / Escuela (AMIE),Consolidado
mpaguay@espoch.edu.ec,espoch.edu.ec,Educación / Colegio / Escuela (AMIE),Consolidado
mviteri@ecomundobabahoyo.edu.ec,ecomundobabahoyo.edu.ec,Educación / Colegio / Escuela (AMIE),Consolidado
mxherrera@espe.edu.ec,espe.edu.ec,Educación / Colegio / Escuela (AMIE),Consolidado
mzurita@ecomundobabahoyo.edu.ec,ecomundobabahoyo.edu.ec,Educación / Colegio / Escuela (AMIE),Consolidado
ncevallo@espol.edu.ec,espol.edu.ec,Educación / Colegio / Escuela (AMIE),Consolidado
norbertoanarahotmail.com@educacion.gob.ec,educacion.gob.ec,Educación / Colegio / Escuela (AMIE),Consolidado
paces@ups.edu.ec,ups.edu.ec,Educación / Colegio / Escuela (AMIE),Consolidado
patricia_uyana@ctsdonbosco.edu.ec,ctsdonbosco.edu.ec,Educación / Colegio / Escuela (AMIE),Consolidado
pedro-barco@educacion.gob.ec,educacion.gob.ec,Educación / Colegio / Escuela (AMIE),Consolidado
pmolina@southamerican.edu.ec,southamerican.edu.ec,Educación / Colegio / Escuela (AMIE),Consolidado
primaria@liceolosandes.edu.ec,liceolosandes.edu.ec,Educación / Colegio / Escuela (AMIE),Consolidado
psegura@celsis.edu.ec,celsis.edu.ec,Educación / Colegio / Escuela (AMIE),Consolidado
pzevallosd@antares.edu.ec,antares.edu.ec,Educación / Colegio / Escuela (AMIE),Consolidado
r.robles@colegiorudolfsteiner.edu.ec,colegiorudolfsteiner.edu.ec,Educación / Colegio / Escuela (AMIE),Consolidado
raflores@espol.edu.ec,espol.edu.ec,Educación / Colegio / Escuela (AMIE),Consolidado
rectorado@frasales.edu.ec,frasales.edu.ec,Educación / Colegio / Escuela (AMIE),Consolidado
rectoradonacional@caq.edu.ec,caq.edu.ec,Educación / Colegio / Escuela (AMIE),Consolidado
riniguez@lasalleguayaquil.edu.ec,lasalleguayaquil.edu.ec,Educación / Colegio / Escuela (AMIE),2324 cole nuev.csv
secretaria.secundaria@caq.edu.ec,caq.edu.ec,Educación / Colegio / Escuela (AMIE),Consolidado
secretaria.uesm@cu.ucsg.edu.ec,cu.ucsg.edu.ec,Educación / Colegio / Escuela (AMIE),2324 cole nuev.csv
secretaria@duplos.edu.ec,duplos.edu.ec,Educación / Colegio / Escuela (AMIE),Consolidado
secretaria@juanbosco.edu.ec,juanbosco.edu.ec,Educación / Colegio / Escuela (AMIE),2324 cole nuev.csv
secretaria@lemas.edu.ec,lemas.edu.ec,Educación / Colegio / Escuela (AMIE),2324 cole nuev.csv
secretaria@narcisadejesus.edu.ec,narcisadejesus.edu.ec,Educación / Colegio / Escuela (AMIE),2324 cole nuev.csv
secretaria@sscc.edu.ec,sscc.edu.ec,Educación / Colegio / Escuela (AMIE),2324 cole nuev.csv
secretaria@tecsu.edu.ec,tecsu.edu.ec,Educación / Colegio / Escuela (AMIE),2324 cole nuev.csv
secretaria@uespra.edu.ec,uespra.edu.ec,Educación / Colegio / Escuela (AMIE),2324 cole nuev.csv
secret_secundaria@cahgye.edu.ec,cahgye.edu.ec,Educación / Colegio / Escuela (AMIE),2324 cole nuev.csv
secundaria@liceodelvalle.edu.ec,liceodelvalle.edu.ec,Educación / Colegio / Escuela (AMIE),Consolidado
secundaria@miguelangelsuarez.edu.ec,miguelangelsuarez.edu.ec,Educación / Colegio / Escuela (AMIE),Consolidado
ser.colegio.playas@gmail.com,gmail.com,Educación / Colegio / Escuela (AMIE),2324 cole nuev.csv
sgaraicoa@delfos.edu.ec,delfos.edu.ec,Educación / Colegio / Escuela (AMIE),Consolidado
silviadonoso@gsp.edu.ec,gsp.edu.ec,Educación / Colegio / Escuela (AMIE),Consolidado
silviaduranv@uees.edu.ec,uees.edu.ec,Educación / Colegio / Escuela (AMIE),Consolidado
sorayda.paredes@colegioamericano.edu.ec,colegioamericano.edu.ec,Educación / Colegio / Escuela (AMIE),Consolidado
spuyol@montetabornazaret.edu.ec,montetabornazaret.edu.ec,Educación / Colegio / Escuela (AMIE),Consolidado
sruiz@uotavalo.edu.ec,uotavalo.edu.ec,Educación / Colegio / Escuela (AMIE),Consolidado
stkarla@ueoblatas.edu.ec,ueoblatas.edu.ec,Educación / Colegio / Escuela (AMIE),Consolidado
tcifuentes@ism.edu.ec,ism.edu.ec,Educación / Colegio / Escuela (AMIE),Consolidado
ua038955@uazuay.edu.ec,uazuay.edu.ec,Educación / Colegio / Escuela (AMIE),Consolidado
uasb@uasb.edu.ec,uasb.edu.ec,Educación / Colegio / Escuela (AMIE),Consolidado
unidad@vidanueva.edu.ec,vidanueva.edu.ec,Educación / Colegio / Escuela (AMIE),Consolidado
unidadeducativaaio@hotmail.com,hotmail.com,Educación / Colegio / Escuela (AMIE),Consolidado
unidadeducativacarlugue@hotmail.com,hotmail.com,Educación / Colegio / Escuela (AMIE),Consolidado
unidadeducativaemanuel@yahoo.es,yahoo.es,Educación / Colegio / Escuela (AMIE),2324 cole nuev.csv
unidadeducativafae3@hotmail.com,hotmail.com,Educación / Colegio / Escuela (AMIE),2324 cole nuev.csv
unidadeducativahispana@yahoo.es,yahoo.es,Educación / Colegio / Escuela (AMIE),Consolidado
unidadeducativalasamericas@cablemodem.com,cablemodem.com,Educación / Colegio / Escuela (AMIE),2324 cole nuev.csv
unidadeducativapasionista@hotmail.com,hotmail.com,Educación / Colegio / Escuela (AMIE),2324 cole nuev.csv
unidadeducativapdg@gmail.com,gmail.com,Educación / Colegio / Escuela (AMIE),2324 cole nuev.csv
unidadeducativasimonbolivar@gmail.com,gmail.com,Educación / Colegio / Escuela (AMIE),Consolidado
unidadeducativavileo1995@hotmail.com,hotmail.com,Educación / Colegio / Escuela (AMIE),Consolidado
velascoibarraescuela@gmail.com,gmail.com,Educación / Colegio / Escuela (AMIE),2324 cole nuev.csv
velasquez@bolivariano.edu.ec,bolivariano.edu.ec,Educación / Colegio / Escuela (AMIE),Consolidado
veronica.sosa@becquerel.edu.ec,becquerel.edu.ec,Educación / Colegio / Escuela (AMIE),Consolidado
vesparza@usfq.edu.ec,usfq.edu.ec,Educación / Colegio / Escuela (AMIE),Consolidado
vgav64yahoo.com@educacion.gob.ec,educacion.gob.ec,Educación / Colegio / Escuela (AMIE),Consolidado
vicenterocafuerteescuela@hotmail.com,hotmail.com,Educación / Colegio / Escuela (AMIE),Consolidado
villagomez.lenin@condamine.edu.ec,condamine.edu.ec,Educación / Colegio / Escuela (AMIE),Consolidado
vrrcolegiofiscal@yahoo.com,yahoo.com,Educación / Colegio / Escuela (AMIE),2324 cole nuev.csv
vvelasquez@bolivariano.edu.ec,bolivariano.edu.ec,Educación / Colegio / Escuela (AMIE),Consolidado
wleon@ecomundo.edu.ec,ecomundo.edu.ec,Educación / Colegio / Escuela (AMIE),Consolidado
www.delfos@delfos.edu.ec,delfos.edu.ec,Educación / Colegio / Escuela (AMIE),Consolidado
a_yasunicolegio2011@hotmail.com,hotmail.com,Educación / Colegio / Escuela (AMIE),Consolidado
aariasb@ulvr.edu.ec,ulvr.edu.ec,Educación / Colegio / Escuela (AMIE),Consolidado
abayolo@ups.edu.ec,ups.edu.ec,Educación / Colegio / Escuela (AMIE),Consolidado
academia@ang.edu.ec,ang.edu.ec,Educación / Colegio / Escuela (AMIE),Consolidado
academianavalguayaquil@ang.edu.ec,ang.edu.ec,Educación / Colegio / Escuela (AMIE),Consolidado
acanales@uees.edu.ec,uees.edu.ec,Educación / Colegio / Escuela (AMIE),Consolidado
acandrade@utpl.edu.ec,utpl.edu.ec,Educación / Colegio / Escuela (AMIE),Consolidado
acecescuela@hotmail.com,hotmail.com,Educación / Colegio / Escuela (AMIE),Consolidado
adan.lindao@educacion.gob.ec,educacion.gob.ec,Educación / Colegio / Escuela (AMIE),Consolidado
adaupsuio@ups.edu.ec,ups.edu.ec,Educación / Colegio / Escuela (AMIE),Consolidado
adetupscue@ups.edu.ec,ups.edu.ec,Educación / Colegio / Escuela (AMIE),Consolidado
adltorre@ute.edu.ec,ute.edu.ec,Educación / Colegio / Escuela (AMIE),Consolidado
admiciones@upacifico.edu.ec,upacifico.edu.ec,Educación / Colegio / Escuela (AMIE),Consolidado
adminfo@ctsa.edu.ec,ctsa.edu.ec,Educación / Colegio / Escuela (AMIE),Consolidado
administracion@anai.edu.ec,anai.edu.ec,Educación / Colegio / Escuela (AMIE),Consolidado
administracion@angeldelaguarda.edu.ec,angeldelaguarda.edu.ec,Educación / Colegio / Escuela (AMIE),Consolidado
administracion@bgarelli.edu.ec,bgarelli.edu.ec,Educación / Colegio / Escuela (AMIE),1195 cole gquil.csv
administracion@casitadeverano.edu.ec,casitadeverano.edu.ec,Educación / Colegio / Escuela (AMIE),Consolidado
administracion@doloressopena.edu.ec,doloressopena.edu.ec,Educación / Colegio / Escuela (AMIE),Consolidado
administracion@juandiego.edu.ec,juandiego.edu.ec,Educación / Colegio / Escuela (AMIE),1195 cole gquil.csv
administracion@nsmontebello.edu.ec,nsmontebello.edu.ec,Educación / Colegio / Escuela (AMIE),Consolidado
administracion@prolucianas.edu.ec,prolucianas.edu.ec,Educación / Colegio / Escuela (AMIE),MR COLEGIOS 2017.csv
administracion@sanesteban.edu.ec,sanesteban.edu.ec,Educación / Colegio / Escuela (AMIE),1195 cole gquil.csv
administracion@semillitasdonbosco.edu.ec,semillitasdonbosco.edu.ec,Educación / Colegio / Escuela (AMIE),1195 cole gquil.csv
administracion@seneca.edu.ec,seneca.edu.ec,Educación / Colegio / Escuela (AMIE),Consolidado
administracion@stomas.edu.ec,stomas.edu.ec,Educación / Colegio / Escuela (AMIE),1195 cole gquil.csv
administracion@uedlasuncion.edu.ec,uedlasuncion.edu.ec,Educación / Colegio / Escuela (AMIE),Consolidado
administración@lemas.edu.ec,lemas.edu.ec,Educación / Colegio / Escuela (AMIE),Consolidado
administrativa@colegiocervantes.edu.ec,colegiocervantes.edu.ec,Educación / Colegio / Escuela (AMIE),Consolidado
admision@itsae.edu.ec,itsae.edu.ec,Educación / Colegio / Escuela (AMIE),Consolidado
admision@jefferson.edu.ec,jefferson.edu.ec,Educación / Colegio / Escuela (AMIE),Consolidado
admision@udla.edu.ec,udla.edu.ec,Educación / Colegio / Escuela (AMIE),Consolidado
admisiones@americanschool.edu.ec,americanschool.edu.ec,Educación / Colegio / Escuela (AMIE),Consolidado
admisiones@atenasschool.edu.ec,atenasschool.edu.ec,Educación / Colegio / Escuela (AMIE),Consolidado
admisiones@becquerel.edu.ec,becquerel.edu.ec,Educación / Colegio / Escuela (AMIE),Consolidado
admisiones@britanico.edu.ec,britanico.edu.ec,Educación / Colegio / Escuela (AMIE),Consolidado
admisiones@colegioamericano.edu.ec,colegioamericano.edu.ec,Educación / Colegio / Escuela (AMIE),Consolidado
admisiones@colegiobritanico.edu.ec,colegiobritanico.edu.ec,Educación / Colegio / Escuela (AMIE),Consolidado
admisiones@crear.edu.ec,crear.edu.ec,Educación / Colegio / Escuela (AMIE),Consolidado
admisiones@delfos.edu.ec,delfos.edu.ec,Educación / Colegio / Escuela (AMIE),Consolidado
admisiones@duplos.edu.ec,duplos.edu.ec,Educación / Colegio / Escuela (AMIE),Consolidado
admisiones@jkepler.edu.ec,jkepler.edu.ec,Educación / Colegio / Escuela (AMIE),Consolidado
admisiones@mariscalsucre.edu.ec,mariscalsucre.edu.ec,Educación / Colegio / Escuela (AMIE),Consolidado
admisiones@nuevomundo.edu.ec,nuevomundo.edu.ec,Educación / Colegio / Escuela (AMIE),Consolidado
admisiones@pachamama.edu.ec,pachamama.edu.ec,Educación / Colegio / Escuela (AMIE),Consolidado
admisiones@santiagomayor.edu.ec,santiagomayor.edu.ec,Educación / Colegio / Escuela (AMIE),Consolidado
admisiones@tecsu.edu.ec,tecsu.edu.ec,Educación / Colegio / Escuela (AMIE),Consolidado
admisiones@torremolinos.edu.ec,torremolinos.edu.ec,Educación / Colegio / Escuela (AMIE),MR COLEGIOS 2017.csv
admisiones@uees.edu.ec,uees.edu.ec,Educación / Colegio / Escuela (AMIE),Consolidado
admisiones@uepaulrivet.edu.ec,uepaulrivet.edu.ec,Educación / Colegio / Escuela (AMIE),Consolidado
adquisiciones@cristobalcolon.edu.ec,cristobalcolon.edu.ec,Educación / Colegio / Escuela (AMIE),Consolidado
adrianap.suarez@educacion.gob.ec,educacion.gob.ec,Educación / Colegio / Escuela (AMIE),Consolidado
aetutn@utn.edu.ec,utn.edu.ec,Educación / Colegio / Escuela (AMIE),Consolidado
aeusse@ueapch.edu.ec,ueapch.edu.ec,Educación / Colegio / Escuela (AMIE),Consolidado
afantoni@americanschool.edu.ec,americanschool.edu.ec,Educación / Colegio / Escuela (AMIE),1195 cole gquil.csv
agescuela@yahoo.es,yahoo.es,Educación / Colegio / Escuela (AMIE),Consolidado
aguirre.leticia@condamine.edu.ec,condamine.edu.ec,Educación / Colegio / Escuela (AMIE),Consolidado
aidrovo@uees.edu.ec,uees.edu.ec,Educación / Colegio / Escuela (AMIE),Consolidado
ajalopez@espol.edu.ec,espol.edu.ec,Educación / Colegio / Escuela (AMIE),Consolidado
ajiggins@britishschoolquito.edu.ec,britishschoolquito.edu.ec,Educación / Colegio / Escuela (AMIE),Consolidado
alba.morales@educacion.gob.ec,educacion.gob.ec,Educación / Colegio / Escuela (AMIE),Consolidado
alberto.vargas@educacion.gob.ec,educacion.gob.ec,Educación / Colegio / Escuela (AMIE),Consolidado
albocolegio@hotmail.com,hotmail.com,Educación / Colegio / Escuela (AMIE),Consolidado
alejandra.vasquez@educacion.gob.ec,educacion.gob.ec,Educación / Colegio / Escuela (AMIE),Consolidado
alex.proano@educacion.gob.ec,educacion.gob.ec,Educación / Colegio / Escuela (AMIE),Consolidado
alex.vinueza@educacion.gob.ec,educacion.gob.ec,Educación / Colegio / Escuela (AMIE),Consolidado
alexanderescuela@hotmail.com,hotmail.com,Educación / Colegio / Escuela (AMIE),Consolidado
alexandra.arevalo@educacion.gob.ec,educacion.gob.ec,Educación / Colegio / Escuela (AMIE),Consolidado
alexer.villon@educacion.gob.ec,educacion.gob.ec,Educación / Colegio / Escuela (AMIE),Consolidado
alfarocolegioalfaro@gmail.com,gmail.com,Educación / Colegio / Escuela (AMIE),Consolidado
alfredo.gomez@educacion.gob.ec,educacion.gob.ec,Educación / Colegio / Escuela (AMIE),Consolidado
aliana@uees.edu.ec,uees.edu.ec,Educación / Colegio / Escuela (AMIE),Consolidado
amanecer-escuela@hotmail.es,hotmail.es,Educación / Colegio / Escuela (AMIE),1195 cole gquil.csv
ambrocio.ati@educacion.gob.ec,educacion.gob.ec,Educación / Colegio / Escuela (AMIE),Consolidado
amelina.montenegro@colegioamericano.edu.ec,colegioamericano.edu.ec,Educación / Colegio / Escuela (AMIE),Consolidado
americaescuela@yahoo.es,yahoo.es,Educación / Colegio / Escuela (AMIE),Consolidado
amparo.monga@educacion.gob.ec,educacion.gob.ec,Educación / Colegio / Escuela (AMIE),Consolidado
amsuarez@espol.edu.ec,espol.edu.ec,Educación / Colegio / Escuela (AMIE),Consolidado
amuela@internacional.edu.ec,internacional.edu.ec,Educación / Colegio / Escuela (AMIE),Consolidado
ana.castro@educacion.gob.ec,educacion.gob.ec,Educación / Colegio / Escuela (AMIE),Consolidado
ana.delugo@upacifico.edu.ec,upacifico.edu.ec,Educación / Colegio / Escuela (AMIE),Consolidado
ana.zambranoc@educacion.gob.ec,educacion.gob.ec,Educación / Colegio / Escuela (AMIE),Consolidado
ana.zurita@educacion.gob.ec,educacion.gob.ec,Educación / Colegio / Escuela (AMIE),Consolidado
anad.castillo@educacion.gob.ec,educacion.gob.ec,Educación / Colegio / Escuela (AMIE),Consolidado
ancaarbo@espol.edu.ec,espol.edu.ec,Educación / Colegio / Escuela (AMIE),Consolidado
andrea.martinez@educacion.gob.ec,educacion.gob.ec,Educación / Colegio / Escuela (AMIE),Consolidado
andres.arguello@uasb.edu.ec,uasb.edu.ec,Educación / Colegio / Escuela (AMIE),Consolidado
andresbelloescuela@hotmail.com,hotmail.com,Educación / Colegio / Escuela (AMIE),Consolidado
angel.farias@educacion.gob.ec,educacion.gob.ec,Educación / Colegio / Escuela (AMIE),Consolidado
angela.calderon@educacion.gob.ec,educacion.gob.ec,Educación / Colegio / Escuela (AMIE),Consolidado
angela.malagon@educacion.gob.ec,educacion.gob.ec,Educación / Colegio / Escuela (AMIE),Consolidado
angelh.espinoza@educacion.gob.ec,educacion.gob.ec,Educación / Colegio / Escuela (AMIE),Consolidado
angelica.espinoza@upacifico.edu.ec,upacifico.edu.ec,Educación / Colegio / Escuela (AMIE),Consolidado
anproano@uees.edu.ec,uees.edu.ec,Educación / Colegio / Escuela (AMIE),Consolidado
antoniaa.alcivar@educacion.gob.ec,educacion.gob.ec,Educación / Colegio / Escuela (AMIE),Consolidado
antonio.cedeno@educacion.gob.ec,educacion.gob.ec,Educación / Colegio / Escuela (AMIE),Consolidado
antonio.cedenor@educacion.gob.ec,educacion.gob.ec,Educación / Colegio / Escuela (AMIE),Consolidado
apalma@email.balandra.edu.ec,email.balandra.edu.ec,Educación / Colegio / Escuela (AMIE),Consolidado
apespol@espol.edu.ec,espol.edu.ec,Educación / Colegio / Escuela (AMIE),Consolidado
apuepse@upse.edu.ec,upse.edu.ec,Educación / Colegio / Escuela (AMIE),Consolidado
araceli.gavilanes@educacion.gob.ec,educacion.gob.ec,Educación / Colegio / Escuela (AMIE),Consolidado
aramirez@fundacionacm.edu.ec,fundacionacm.edu.ec,Educación / Colegio / Escuela (AMIE),1195 cole gquil.csv
arcesio.penafiel@educacion.gob.ec,educacion.gob.ec,Educación / Colegio / Escuela (AMIE),Consolidado
ariverac@usfq.edu.ec,usfq.edu.ec,Educación / Colegio / Escuela (AMIE),Consolidado
armando.caiza@educacion.gob.ec,educacion.gob.ec,Educación / Colegio / Escuela (AMIE),Consolidado
arqmarmor@pucei.edu.ec,pucei.edu.ec,Educación / Colegio / Escuela (AMIE),Consolidado
aseplas@espol.edu.ec,espol.edu.ec,Educación / Colegio / Escuela (AMIE),Consolidado
asi.dir@lemas.edu.ec,lemas.edu.ec,Educación / Colegio / Escuela (AMIE),1195 cole gquil.csv
asistentefinanciero@uteg.edu.ec,uteg.edu.ec,Educación / Colegio / Escuela (AMIE),Consolidado
asociacionempleados@utpl.edu.ec,utpl.edu.ec,Educación / Colegio / Escuela (AMIE),Consolidado
aspe@espe.edu.ec,espe.edu.ec,Educación / Colegio / Escuela (AMIE),Consolidado
aspuda@uazuay.edu.ec,uazuay.edu.ec,Educación / Colegio / Escuela (AMIE),Consolidado
asuquilanda@espe.edu.ec,espe.edu.ec,Educación / Colegio / Escuela (AMIE),Consolidado
atenas@atenas.edu.ec,atenas.edu.ec,Educación / Colegio / Escuela (AMIE),Consolidado
atupse@upse.edu.ec,upse.edu.ec,Educación / Colegio / Escuela (AMIE),Consolidado
autoclub5@usfq.edu.ec,usfq.edu.ec,Educación / Colegio / Escuela (AMIE),Consolidado
avalarezo@ecomundo.edu.ec,ecomundo.edu.ec,Educación / Colegio / Escuela (AMIE),177 CONSUL EXTERNO.csv
avlescuelavespertina@hotmail.com,hotmail.com,Educación / Colegio / Escuela (AMIE),Consolidado
ayfreire@uees.edu.ec,uees.edu.ec,Educación / Colegio / Escuela (AMIE),Consolidado
bachillerato@colegioletort.edu.ec,colegioletort.edu.ec,Educación / Colegio / Escuela (AMIE),Consolidado
bar@cees.edu.ec,cees.edu.ec,Educación / Colegio / Escuela (AMIE),Consolidado
basico@liceolosandes.edu.ec,liceolosandes.edu.ec,Educación / Colegio / Escuela (AMIE),Consolidado
bchoez@soler.edu.ec,soler.edu.ec,Educación / Colegio / Escuela (AMIE),Consolidado
bchuquilla@liceodelasamericas.edu.ec,liceodelasamericas.edu.ec,Educación / Colegio / Escuela (AMIE),Consolidado
benito.buri@educacion.gob.ec,educacion.gob.ec,Educación / Colegio / Escuela (AMIE),Consolidado
bertha.tinoco@educacion.gob.ec,educacion.gob.ec,Educación / Colegio / Escuela (AMIE),Consolidado
bessy.flores@educacion.gob.ec,educacion.gob.ec,Educación / Colegio / Escuela (AMIE),Consolidado
bgarzon@copol.edu.ec,copol.edu.ec,Educación / Colegio / Escuela (AMIE),Consolidado
biespino16@est.ucacue.edu.ec,est.ucacue.edu.ec,Educación / Colegio / Escuela (AMIE),Consolidado
bjaramillo@steiner.edu.ec,steiner.edu.ec,Educación / Colegio / Escuela (AMIE),Consolidado
blanca.gavilanes@educacion.gob.ec,educacion.gob.ec,Educación / Colegio / Escuela (AMIE),Consolidado
brasilescuela@hotmail.com,hotmail.com,Educación / Colegio / Escuela (AMIE),Consolidado
brayan.pauker6@utc.edu.ec,utc.edu.ec,Educación / Colegio / Escuela (AMIE),Consolidado
brzambrano@utm.edu.ec,utm.edu.ec,Educación / Colegio / Escuela (AMIE),Consolidado
bvelez@utm.edu.ec,utm.edu.ec,Educación / Colegio / Escuela (AMIE),Consolidado
bvera@utm.edu.ec,utm.edu.ec,Educación / Colegio / Escuela (AMIE),Consolidado
bvillaprado@utm.edu.ec,utm.edu.ec,Educación / Colegio / Escuela (AMIE),Consolidado
byron.gonzales@educacion.gob.ec,educacion.gob.ec,Educación / Colegio / Escuela (AMIE),Consolidado
byron.lopez@unesum.edu.ec,unesum.edu.ec,Educación / Colegio / Escuela (AMIE),Consolidado
byron.morales@unesum.edu.ec,unesum.edu.ec,Educación / Colegio / Escuela (AMIE),Consolidado
byron.pincay@unesum.edu.ec,unesum.edu.ec,Educación / Colegio / Escuela (AMIE),Consolidado
byron.sanchez@unesum.edu.ec,unesum.edu.ec,Educación / Colegio / Escuela (AMIE),Consolidado
bzamora@utm.edu.ec,utm.edu.ec,Educación / Colegio / Escuela (AMIE),Consolidado
c.fernandez@tecnoecuatoriano.edu.ec,tecnoecuatoriano.edu.ec,Educación / Colegio / Escuela (AMIE),Consolidado
c07colegiochordelegbi@hotmail.com,hotmail.com,Educación / Colegio / Escuela (AMIE),Consolidado
c07colegiofasaynan@hotmail.com,hotmail.com,Educación / Colegio / Escuela (AMIE),Consolidado
cacedeno@utm.edu.ec,utm.edu.ec,Educación / Colegio / Escuela (AMIE),Consolidado
cacevallos@utm.edu.ec,utm.edu.ec,Educación / Colegio / Escuela (AMIE),Consolidado
cafernandez@utm.edu.ec,utm.edu.ec,Educación / Colegio / Escuela (AMIE),Consolidado
caintriago@utm.edu.ec,utm.edu.ec,Educación / Colegio / Escuela (AMIE),Consolidado
calava@utm.edu.ec,utm.edu.ec,Educación / Colegio / Escuela (AMIE),Consolidado
camendoza@utm.edu.ec,utm.edu.ec,Educación / Colegio / Escuela (AMIE),Consolidado
cami_narvaez@educacion.gob.ec,educacion.gob.ec,Educación / Colegio / Escuela (AMIE),Consolidado
canciller@internacional.edu.ec,internacional.edu.ec,Educación / Colegio / Escuela (AMIE),Consolidado
candrade@liceocampoverde.edu.ec,liceocampoverde.edu.ec,Educación / Colegio / Escuela (AMIE),Consolidado
candrade@ups.edu.ec,ups.edu.ec,Educación / Colegio / Escuela (AMIE),Consolidado
canzambrano@utm.edu.ec,utm.edu.ec,Educación / Colegio / Escuela (AMIE),Consolidado
capacita@cruzrojainstituto.edu.ec,cruzrojainstituto.edu.ec,Educación / Colegio / Escuela (AMIE),Consolidado
capacitacion@continental.edu.ec,continental.edu.ec,Educación / Colegio / Escuela (AMIE),Consolidado
capacitacion@montepiedra.edu.ec,montepiedra.edu.ec,Educación / Colegio / Escuela (AMIE),Consolidado
capacitacion@tecnologicosucre.edu.ec,tecnologicosucre.edu.ec,Educación / Colegio / Escuela (AMIE),Consolidado
carellano1@uees.edu.ec,uees.edu.ec,Educación / Colegio / Escuela (AMIE),Consolidado
cariamangaescuela@yahoo.es,yahoo.es,Educación / Colegio / Escuela (AMIE),Consolidado
carla.gutierrez@educacion.gob.ec,educacion.gob.ec,Educación / Colegio / Escuela (AMIE),Consolidado
carlos.chaflau@educacion.gob.ec,educacion.gob.ec,Educación / Colegio / Escuela (AMIE),Consolidado
carlos.orlando@unesum.edu.ec,unesum.edu.ec,Educación / Colegio / Escuela (AMIE),Consolidado
carlos.pazos@educacion.gob.ec,educacion.gob.ec,Educación / Colegio / Escuela (AMIE),Consolidado
carlos.suarez@unesum.edu.ec,unesum.edu.ec,Educación / Colegio / Escuela (AMIE),Consolidado
carlos.villegasb@ug.edu.ec,ug.edu.ec,Educación / Colegio / Escuela (AMIE),Consolidado
carlosp.vargas@educacion.gob.ec,educacion.gob.ec,Educación / Colegio / Escuela (AMIE),Consolidado
carmen.gomez@cu.ucsg.edu.ec,cu.ucsg.edu.ec,Educación / Colegio / Escuela (AMIE),Consolidado
casc@casc.edu.ec,casc.edu.ec,Educación / Colegio / Escuela (AMIE),Consolidado
cayambeescuela@yahoo.es,yahoo.es,Educación / Colegio / Escuela (AMIE),Consolidado
cbarriga@jefferson.edu.ec,jefferson.edu.ec,Educación / Colegio / Escuela (AMIE),Consolidado
cbastidas@ism.edu.ec,ism.edu.ec,Educación / Colegio / Escuela (AMIE),Consolidado
cbobadilla@copol.edu.ec,copol.edu.ec,Educación / Colegio / Escuela (AMIE),Consolidado
ccc@cristobalcolon.edu.ec,cristobalcolon.edu.ec,Educación / Colegio / Escuela (AMIE),Consolidado
ccsud@sudamericano.edu.ec,sudamericano.edu.ec,Educación / Colegio / Escuela (AMIE),Consolidado
cdigregoriocordero@ucacue.edu.ec,ucacue.edu.ec,Educación / Colegio / Escuela (AMIE),Consolidado
cdpineida@espe.edu.ec,espe.edu.ec,Educación / Colegio / Escuela (AMIE),Consolidado
cecilia.pagalo@educacion.gob.ec,educacion.gob.ec,Educación / Colegio / Escuela (AMIE),Consolidado
cecilia.viscarra@becquerel.edu.ec,becquerel.edu.ec,Educación / Colegio / Escuela (AMIE),Consolidado
celeon@espol.edu.ec,espol.edu.ec,Educación / Colegio / Escuela (AMIE),Consolidado
cema@espol.edu.ec,espol.edu.ec,Educación / Colegio / Escuela (AMIE),Consolidado
cemeicotocollao@educacion.gob.ec,educacion.gob.ec,Educación / Colegio / Escuela (AMIE),Consolidado
centralcolegio@yahoo.es,yahoo.es,Educación / Colegio / Escuela (AMIE),Consolidado
centroescuela_eloyalfaro@hotmail.es,hotmail.es,Educación / Colegio / Escuela (AMIE),Consolidado
centroescueladrjosesantosrodriguez@hotmail.com,hotmail.com,Educación / Colegio / Escuela (AMIE),Consolidado
ceortega@ecomundo.edu.ec,ecomundo.edu.ec,Educación / Colegio / Escuela (AMIE),Consolidado
cesar.anastacio@educacion.gob.ec,educacion.gob.ec,Educación / Colegio / Escuela (AMIE),Consolidado
cflores@indeg.edu.ec,indeg.edu.ec,Educación / Colegio / Escuela (AMIE),Consolidado
cgromero@espe.edu.ec,espe.edu.ec,Educación / Colegio / Escuela (AMIE),Consolidado
cibe@espol.edu.ec,espol.edu.ec,Educación / Colegio / Escuela (AMIE),Consolidado
cidrovow@uees.edu.ec,uees.edu.ec,Educación / Colegio / Escuela (AMIE),Consolidado
cindy_medina@ang.edu.ec,ang.edu.ec,Educación / Colegio / Escuela (AMIE),Consolidado
cinthya.jairala@cu.ucsg.edu.ec,cu.ucsg.edu.ec,Educación / Colegio / Escuela (AMIE),Consolidado
citydrivescuela@hotmail.com,hotmail.com,Educación / Colegio / Escuela (AMIE),Consolidado
clarreategui@udla.edu.ec,udla.edu.ec,Educación / Colegio / Escuela (AMIE),Consolidado
claudia.peralta@cu.ucsg.edu.ec,cu.ucsg.edu.ec,Educación / Colegio / Escuela (AMIE),Consolidado
clgjuanmontalvo@uleam.edu.ec,uleam.edu.ec,Educación / Colegio / Escuela (AMIE),Consolidado
cmartinez@delfos.edu.ec,delfos.edu.ec,Educación / Colegio / Escuela (AMIE),Consolidado
cmorochoq@ucacue.edu.ec,ucacue.edu.ec,Educación / Colegio / Escuela (AMIE),Consolidado
cmzambrano@uees.edu.ec,uees.edu.ec,Educación / Colegio / Escuela (AMIE),Consolidado
cobranzas@caq.edu.ec,caq.edu.ec,Educación / Colegio / Escuela (AMIE),LISTADO DE OFERTAS BASE.xlsx [COOPERATIVAS]
col.7.nov@hotmail.com,hotmail.com,Educación / Colegio / Escuela (AMIE),Consolidado
col.7agosto@gmail.com,gmail.com,Educación / Colegio / Escuela (AMIE),MR COLEGIOS 2017.csv
col.adolfotorres@hotmail.com,hotmail.com,Educación / Colegio / Escuela (AMIE),Consolidado
col.amontenegro@hotmail.com,hotmail.com,Educación / Colegio / Escuela (AMIE),Consolidado
col.amparitoarguello@gmail.com,gmail.com,Educación / Colegio / Escuela (AMIE),Consolidado
col.benjamincarrion.ccenlr@gimel.com,gimel.com,Educación / Colegio / Escuela (AMIE),Consolidado
col.bernabe@feyalegria.org.ec,feyalegria.org.ec,Educación / Colegio / Escuela (AMIE),Consolidado
col.calicuchima@hotmail.com,hotmail.com,Educación / Colegio / Escuela (AMIE),Consolidado
col.cfsmdn@gmail.com,gmail.com,Educación / Colegio / Escuela (AMIE),Consolidado
col.consejoprovincial@gmail.com,gmail.com,Educación / Colegio / Escuela (AMIE),Consolidado
col.decontadoresdeeloro@gmail.com,gmail.com,Educación / Colegio / Escuela (AMIE),Consolidado
col.esmeraldas@hotmail.com,hotmail.com,Educación / Colegio / Escuela (AMIE),Consolidado
col.faustomolina.torata@hotmail.com,hotmail.com,Educación / Colegio / Escuela (AMIE),Consolidado
col.galoplazalasso@gmail.com,gmail.com,Educación / Colegio / Escuela (AMIE),Consolidado
col.humomar@hotmail.com,hotmail.com,Educación / Colegio / Escuela (AMIE),Consolidado
col.ignacioloyola@feyalegria.org.ec,feyalegria.org.ec,Educación / Colegio / Escuela (AMIE),Consolidado
col.josefelix@gmail.com,gmail.com,Educación / Colegio / Escuela (AMIE),Consolidado
col.juanwisneth@gmail.com,gmail.com,Educación / Colegio / Escuela (AMIE),Consolidado
col.juliocarchivar@gmail.com,gmail.com,Educación / Colegio / Escuela (AMIE),Consolidado
col.luzyguia@hotmail.com,hotmail.com,Educación / Colegio / Escuela (AMIE),Consolidado
col.margaritaocchiena@hotmail.com,hotmail.com,Educación / Colegio / Escuela (AMIE),Consolidado
col.menadelhierro@hotmail.com,hotmail.com,Educación / Colegio / Escuela (AMIE),Consolidado
col.odilongomez.chone@gmail.com,gmail.com,Educación / Colegio / Escuela (AMIE),Consolidado
col.ritalecumberri@hotmail.com,hotmail.com,Educación / Colegio / Escuela (AMIE),Consolidado
col.sade1991@hotmail.com,hotmail.com,Educación / Colegio / Escuela (AMIE),Consolidado
col.simon.rodriguez@gmail.com,gmail.com,Educación / Colegio / Escuela (AMIE),Consolidado
col.simonbolivar@hotmail.com,hotmail.com,Educación / Colegio / Escuela (AMIE),Consolidado
col.tecnicolomasdesargentillo@hotmail.com,hotmail.com,Educación / Colegio / Escuela (AMIE),Consolidado
col.tecnicozoilorodrigueztsl@gmail.com,gmail.com,Educación / Colegio / Escuela (AMIE),Consolidado
col.veintedemarzo@hotmail.com,hotmail.com,Educación / Colegio / Escuela (AMIE),Consolidado
colecturia@internationalschool.edu.ec,internationalschool.edu.ec,Educación / Colegio / Escuela (AMIE),Consolidado
colecturia@ipac.edu.ec,ipac.edu.ec,Educación / Colegio / Escuela (AMIE),Consolidado
colegio-64@hotmail.com,hotmail.com,Educación / Colegio / Escuela (AMIE),Consolidado
colegio-benigno-malo@hotmail.com,hotmail.com,Educación / Colegio / Escuela (AMIE),Consolidado
colegio-narankay@hotmail.com,hotmail.com,Educación / Colegio / Escuela (AMIE),Consolidado
colegio.anarosa@yahoo.es,yahoo.es,Educación / Colegio / Escuela (AMIE),Consolidado
colegio.apch@hotmail.com,hotmail.com,Educación / Colegio / Escuela (AMIE),Consolidado
colegio.ascazubi@yahoo.com,yahoo.com,Educación / Colegio / Escuela (AMIE),Consolidado
colegio.atahualpa@yahoo.com,yahoo.com,Educación / Colegio / Escuela (AMIE),Consolidado
colegio.autachi@hotmail.com,hotmail.com,Educación / Colegio / Escuela (AMIE),Consolidado
colegio.darioguevara@hotmail.com,hotmail.com,Educación / Colegio / Escuela (AMIE),Consolidado
colegio.daulis@gmail.com,gmail.com,Educación / Colegio / Escuela (AMIE),2324 cole nuev.csv
colegio.ebenezer@hotmail.com,hotmail.com,Educación / Colegio / Escuela (AMIE),Consolidado
colegio.ecuatoriano@gmail.com,gmail.com,Educación / Colegio / Escuela (AMIE),Consolidado
colegio.ecuatorianochino@gmail.com,gmail.com,Educación / Colegio / Escuela (AMIE),2324 cole nuev.csv
colegio.libertador@yahoo.es,yahoo.es,Educación / Colegio / Escuela (AMIE),Consolidado
colegio.manu@hotmail.com,hotmail.com,Educación / Colegio / Escuela (AMIE),Consolidado
colegio.mariscal@yahoo.es,yahoo.es,Educación / Colegio / Escuela (AMIE),Consolidado
colegio.migueldeunamuno@educacionadventista.ec,educacionadventista.ec,Educación / Colegio / Escuela (AMIE),Consolidado
colegio.muey@hotmail.com,hotmail.com,Educación / Colegio / Escuela (AMIE),Consolidado
colegio.nazaret@yahoo.es,yahoo.es,Educación / Colegio / Escuela (AMIE),Consolidado
colegio.nuevo.ecuador@hotmail.com,hotmail.com,Educación / Colegio / Escuela (AMIE),Consolidado
colegio.pacifico@educacionadventista.ec,educacionadventista.ec,Educación / Colegio / Escuela (AMIE),Consolidado
colegio.quito@hotmail.com,hotmail.com,Educación / Colegio / Escuela (AMIE),Consolidado
colegio.riobamba@hotmail.com,hotmail.com,Educación / Colegio / Escuela (AMIE),Consolidado
colegio.ruminahui@yahoo.com,yahoo.com,Educación / Colegio / Escuela (AMIE),Consolidado
colegio.sudamerica@gmail.com,gmail.com,Educación / Colegio / Escuela (AMIE),MR COLEGIOS 2017.csv
colegio10deoctubre@hotmail.com,hotmail.com,Educación / Colegio / Escuela (AMIE),Consolidado
colegio13deoctubre@yahoo.es,yahoo.es,Educación / Colegio / Escuela (AMIE),Consolidado
colegio14deenero@hotmail.com,hotmail.com,Educación / Colegio / Escuela (AMIE),Consolidado
colegio15oct70@yahoo.es,yahoo.es,Educación / Colegio / Escuela (AMIE),Consolidado
colegio16dejulio@yahoo.es,yahoo.es,Educación / Colegio / Escuela (AMIE),Consolidado
colegio16dejunio@hotmail.com,hotmail.com,Educación / Colegio / Escuela (AMIE),Consolidado
colegio17abril@yahoo.es,yahoo.es,Educación / Colegio / Escuela (AMIE),Consolidado
colegio17deseptiembre@hotmail.com,hotmail.com,Educación / Colegio / Escuela (AMIE),Consolidado
colegio17septiembre@hotmail.com,hotmail.com,Educación / Colegio / Escuela (AMIE),Consolidado
colegio18deoctubre@hotmail.com,hotmail.com,Educación / Colegio / Escuela (AMIE),Consolidado
colegio19denoviembre@yahoo.es,yahoo.es,Educación / Colegio / Escuela (AMIE),Consolidado
colegio1dejunio@hotmail.com,hotmail.com,Educación / Colegio / Escuela (AMIE),Consolidado
colegio1mayo@hotmail.com,hotmail.com,Educación / Colegio / Escuela (AMIE),Consolidado
colegio21dejulio@hotmail.com,hotmail.com,Educación / Colegio / Escuela (AMIE),Consolidado
colegio21dejulio@hotmail.es,hotmail.es,Educación / Colegio / Escuela (AMIE),Consolidado
colegio23abril@yahoo.es,yahoo.es,Educación / Colegio / Escuela (AMIE),Consolidado
colegio23octubre@hotmail.com,hotmail.com,Educación / Colegio / Escuela (AMIE),Consolidado
colegio24dejuliopacto@gmail.com,gmail.com,Educación / Colegio / Escuela (AMIE),Consolidado
colegio24demayo@hotmail.com,hotmail.com,Educación / Colegio / Escuela (AMIE),Consolidado
colegio24demayosdt@hotmail.com,hotmail.com,Educación / Colegio / Escuela (AMIE),Consolidado
colegio25demayo@hotmail.com,hotmail.com,Educación / Colegio / Escuela (AMIE),Consolidado
colegio27@latinmail.com,latinmail.com,Educación / Colegio / Escuela (AMIE),Consolidado
colegio27deagosto@yahoo.com,yahoo.com,Educación / Colegio / Escuela (AMIE),2324 cole nuev.csv
colegio3demayo@yahoo.com,yahoo.com,Educación / Colegio / Escuela (AMIE),Consolidado
colegio3denero@hotmail.com,hotmail.com,Educación / Colegio / Escuela (AMIE),Consolidado
colegio4375@hotmail.com,hotmail.com,Educación / Colegio / Escuela (AMIE),Consolidado
colegio5dejunio@hotmail.com,hotmail.com,Educación / Colegio / Escuela (AMIE),Consolidado
colegio6dediciembre@hotmail.com,hotmail.com,Educación / Colegio / Escuela (AMIE),Consolidado
colegio7septiembre@hotmail.es,hotmail.es,Educación / Colegio / Escuela (AMIE),Consolidado
colegio8denoviembre@hotmail.com,hotmail.com,Educación / Colegio / Escuela (AMIE),Consolidado
colegio8deseptiembre@hotmail.com,hotmail.com,Educación / Colegio / Escuela (AMIE),Consolidado
colegio@bioquimifarma.org,bioquimifarma.org,Educación / Colegio / Escuela (AMIE),Consolidado
colegio@montetabornazaret.edu.ec,montetabornazaret.edu.ec,Educación / Colegio / Escuela (AMIE),Consolidado
colegio@sudamericano.edu.ec,sudamericano.edu.ec,Educación / Colegio / Escuela (AMIE),Consolidado
colegio@uemtn.edu.ec,uemtn.edu.ec,Educación / Colegio / Escuela (AMIE),MR COLEGIOS 2017.csv
colegio_22rocafuerte@hotmail.com,hotmail.com,Educación / Colegio / Escuela (AMIE),Consolidado
colegio_6_demarzo@hotmail.com,hotmail.com,Educación / Colegio / Escuela (AMIE),Consolidado
colegio_acropolis@hotmail.com,hotmail.com,Educación / Colegio / Escuela (AMIE),Consolidado
colegio_alonsoviteri@hotmail.es,hotmail.es,Educación / Colegio / Escuela (AMIE),Consolidado
colegio_ambato@hotmail.com,hotmail.com,Educación / Colegio / Escuela (AMIE),Consolidado
colegio_americascenter@hotmail.com,hotmail.com,Educación / Colegio / Escuela (AMIE),Consolidado
colegio_antoniojsucre@hotmail.com,hotmail.com,Educación / Colegio / Escuela (AMIE),2324 cole nuev.csv
colegio_asuncion2003@yahoo.com,yahoo.com,Educación / Colegio / Escuela (AMIE),Consolidado
colegio_bilingue_italia@hotmail.com,hotmail.com,Educación / Colegio / Escuela (AMIE),Consolidado
colegio_castro565@hotamil.com,hotamil.com,Educación / Colegio / Escuela (AMIE),Consolidado
colegio_cesartamayo@hotmail.com,hotmail.com,Educación / Colegio / Escuela (AMIE),Consolidado
colegio_chaquinan@yahoo.es,yahoo.es,Educación / Colegio / Escuela (AMIE),Consolidado
colegio_cice@funcice.org,funcice.org,Educación / Colegio / Escuela (AMIE),Consolidado
colegio_dolorosa@yahoo.com,yahoo.com,Educación / Colegio / Escuela (AMIE),Consolidado
colegio_educar2000@yahoo.com,yahoo.com,Educación / Colegio / Escuela (AMIE),Consolidado
colegio_emerson@hotmail.com,hotmail.com,Educación / Colegio / Escuela (AMIE),Consolidado
colegio_farina@yahoo.com,yahoo.com,Educación / Colegio / Escuela (AMIE),Consolidado
colegio_foc@hotmail.com,hotmail.com,Educación / Colegio / Escuela (AMIE),Consolidado
colegio_forestal@hotmail.com,hotmail.com,Educación / Colegio / Escuela (AMIE),Consolidado
colegio_gran_bretania@hotmail.com,hotmail.com,Educación / Colegio / Escuela (AMIE),Consolidado
colegio_guayacanes@hotmail.com,hotmail.com,Educación / Colegio / Escuela (AMIE),Consolidado
colegio_hcpnapo@hotmail.com,hotmail.com,Educación / Colegio / Escuela (AMIE),Consolidado
colegio_industria@yahoo.com,yahoo.com,Educación / Colegio / Escuela (AMIE),Consolidado
colegio_institutocoello@hotmail.com,hotmail.com,Educación / Colegio / Escuela (AMIE),Consolidado
colegio_intiraimi@hotmail.com,hotmail.com,Educación / Colegio / Escuela (AMIE),Consolidado
colegio_jacm@yahoo.com,yahoo.com,Educación / Colegio / Escuela (AMIE),Consolidado
colegio_jaimeroldos@hotmail.com,hotmail.com,Educación / Colegio / Escuela (AMIE),Consolidado
colegio_jorge_icaza_coronel@hotmail.com,hotmail.com,Educación / Colegio / Escuela (AMIE),Consolidado
colegio_jra1980@hotmail.es,hotmail.es,Educación / Colegio / Escuela (AMIE),Consolidado
colegio_jra@hotmail.com,hotmail.com,Educación / Colegio / Escuela (AMIE),Consolidado
colegio_kyrios@hotmail.com,hotmail.com,Educación / Colegio / Escuela (AMIE),Consolidado
colegio_la_victoria@hotmail.es,hotmail.es,Educación / Colegio / Escuela (AMIE),Consolidado
colegio_lautarovl@hotmail.com,hotmail.com,Educación / Colegio / Escuela (AMIE),Consolidado
colegio_libertador@hotmail.com,hotmail.com,Educación / Colegio / Escuela (AMIE),Consolidado
colegio_manuelquiroga@yahoo.es,yahoo.es,Educación / Colegio / Escuela (AMIE),Consolidado
colegio_mdelpino1980@hotmail.com,hotmail.com,Educación / Colegio / Escuela (AMIE),Consolidado
colegio_muey@hotmail.com,hotmail.com,Educación / Colegio / Escuela (AMIE),Consolidado
colegio_octaviopaz@yahoo.com,yahoo.com,Educación / Colegio / Escuela (AMIE),Consolidado
colegio_orienteecuatoriano@hotmail.com,hotmail.com,Educación / Colegio / Escuela (AMIE),Consolidado
colegio_quevedo@hotmail.com,hotmail.com,Educación / Colegio / Escuela (AMIE),Consolidado
colegio_quitumbe@hotmail.com,hotmail.com,Educación / Colegio / Escuela (AMIE),Consolidado
colegio_ramonsp@hotmail.com,hotmail.com,Educación / Colegio / Escuela (AMIE),Consolidado
colegio_roberto3281@hotmail.com,hotmail.com,Educación / Colegio / Escuela (AMIE),Consolidado
colegio_rrodas@yahoo.es,yahoo.es,Educación / Colegio / Escuela (AMIE),Consolidado
colegio_santiago2005@yahoo.es,yahoo.es,Educación / Colegio / Escuela (AMIE),Consolidado
colegio_santiago_apostol@yahoo.es,yahoo.es,Educación / Colegio / Escuela (AMIE),Consolidado
colegio_santotomasarenillas@hotmail.com,hotmail.com,Educación / Colegio / Escuela (AMIE),Consolidado
colegio_simonb@yahoo.com,yahoo.com,Educación / Colegio / Escuela (AMIE),Consolidado
colegio_tecnico_seisdeoctubre@hotmail.com,hotmail.com,Educación / Colegio / Escuela (AMIE),Consolidado
colegio_trujillo@hotmail.com,hotmail.com,Educación / Colegio / Escuela (AMIE),2324 cole nuev.csv
colegio_tuna@yahoo.es,yahoo.es,Educación / Colegio / Escuela (AMIE),Consolidado
colegio_utn@hotmail.com,hotmail.com,Educación / Colegio / Escuela (AMIE),Consolidado
colegio_vrb@hotmail.com,hotmail.com,Educación / Colegio / Escuela (AMIE),Consolidado
colegio_yaguachi@hotmail.com,hotmail.com,Educación / Colegio / Escuela (AMIE),Consolidado
colegioa.p.ch@hotmail.com,hotmail.com,Educación / Colegio / Escuela (AMIE),Consolidado
colegioabdon@hotmail.com,hotmail.com,Educación / Colegio / Escuela (AMIE),Consolidado
colegioabyayala@outlook.com,outlook.com,Educación / Colegio / Escuela (AMIE),Consolidado
colegioadistanciabec@hotmail.com,hotmail.com,Educación / Colegio / Escuela (AMIE),Consolidado
colegioadistanciasantaelena@gmail.com,gmail.com,Educación / Colegio / Escuela (AMIE),Consolidado
colegioadmcervantes@hotmail.com,hotmail.com,Educación / Colegio / Escuela (AMIE),Consolidado
colegioaguirreabad@yahoo.com,yahoo.com,Educación / Colegio / Escuela (AMIE),Consolidado
colegioajsucre@hotmail.com,hotmail.com,Educación / Colegio / Escuela (AMIE),Consolidado
colegioalajuela@yahoo.com,yahoo.com,Educación / Colegio / Escuela (AMIE),Consolidado
colegioalemania@hotmail.com,hotmail.com,Educación / Colegio / Escuela (AMIE),Consolidado
colegioalfonsomorenomora@hotmail.com,hotmail.com,Educación / Colegio / Escuela (AMIE),Consolidado
colegioalpes@gmail.com,gmail.com,Educación / Colegio / Escuela (AMIE),Consolidado
colegioalvernia@hotmail.com,hotmail.com,Educación / Colegio / Escuela (AMIE),Consolidado
colegioamazonasquito@gmail.com,gmail.com,Educación / Colegio / Escuela (AMIE),Consolidado
colegioambrosioandrade@yahoo.es,yahoo.es,Educación / Colegio / Escuela (AMIE),Consolidado
colegioameliagallegosd@gmail.com,gmail.com,Educación / Colegio / Escuela (AMIE),Consolidado
colegioamoncayo@yahoo.com,yahoo.com,Educación / Colegio / Escuela (AMIE),Consolidado
colegioandrewquito@gmail.com,gmail.com,Educación / Colegio / Escuela (AMIE),Consolidado
colegioanexo@hotmail.com,hotmail.com,Educación / Colegio / Escuela (AMIE),Consolidado
colegioangelbarbisotti@hotmail.com,hotmail.com,Educación / Colegio / Escuela (AMIE),Consolidado
colegioanibalandrade@hotmail.com,hotmail.com,Educación / Colegio / Escuela (AMIE),Consolidado
colegioaquilesvalenciadelgado@yahoo.com,yahoo.com,Educación / Colegio / Escuela (AMIE),Consolidado
colegioarchidona@hotmail.com,hotmail.com,Educación / Colegio / Escuela (AMIE),Consolidado
colegioargentinalamana@gmail.com,gmail.com,Educación / Colegio / Escuela (AMIE),Consolidado
colegioasaadbucaram@yahoo.com,yahoo.com,Educación / Colegio / Escuela (AMIE),Consolidado
colegioasanjuan@gmail.com,gmail.com,Educación / Colegio / Escuela (AMIE),Consolidado
colegioasturias@andinanet.net,andinanet.net,Educación / Colegio / Escuela (AMIE),Consolidado
colegioasturias@asturias.edu.ec,asturias.edu.ec,Educación / Colegio / Escuela (AMIE),Consolidado
colegioatahualpasecretariaa@hotmail.com,hotmail.com,Educación / Colegio / Escuela (AMIE),Consolidado
colegioatr@hotmail.com,hotmail.com,Educación / Colegio / Escuela (AMIE),Consolidado
colegioaugustoariassecretaria@hotmail.com,hotmail.com,Educación / Colegio / Escuela (AMIE),Consolidado
colegiobachilleratofvay@hotmail.com,hotmail.com,Educación / Colegio / Escuela (AMIE),Consolidado
colegiobachilleratovalencia@hotmail.es,hotmail.es,Educación / Colegio / Escuela (AMIE),Consolidado
colegiobahiademanta@hotmail.com,hotmail.com,Educación / Colegio / Escuela (AMIE),Consolidado
colegiobalbinamoreno@yahoo.es,yahoo.es,Educación / Colegio / Escuela (AMIE),Consolidado
colegiobaltazara@yahoo.es,yahoo.es,Educación / Colegio / Escuela (AMIE),Consolidado
colegiobaron@hotmail.com,hotmail.com,Educación / Colegio / Escuela (AMIE),Consolidado
colegiobarquero@gmail.com,gmail.com,Educación / Colegio / Escuela (AMIE),Consolidado
colegiobeatrizcueva@yahoo.com,yahoo.com,Educación / Colegio / Escuela (AMIE),Consolidado
colegiobijahual@gmail.com,gmail.com,Educación / Colegio / Escuela (AMIE),Consolidado
colegiobinet2010@hotmail.com,hotmail.com,Educación / Colegio / Escuela (AMIE),Consolidado
colegioblaspascal1990@yahoo.com,yahoo.com,Educación / Colegio / Escuela (AMIE),Consolidado
colegiobolivar2575@hotmail.com,hotmail.com,Educación / Colegio / Escuela (AMIE),Consolidado
colegiobolivariano_vinces97@hotmail.com,hotmail.com,Educación / Colegio / Escuela (AMIE),Consolidado
colegiobrisas@hotmail.com,hotmail.com,Educación / Colegio / Escuela (AMIE),2324 cole nuev.csv
colegiocamilogallegos-arenillas@hotmail.es,hotmail.es,Educación / Colegio / Escuela (AMIE),Consolidado
colegiocamilogallegosd@gmail.com,gmail.com,Educación / Colegio / Escuela (AMIE),Consolidado
colegiocaminoreal@yahoo.es,yahoo.es,Educación / Colegio / Escuela (AMIE),Consolidado
colegiocarlosgarbaym@hotmail.com,hotmail.com,Educación / Colegio / Escuela (AMIE),Consolidado
colegiocarlosgarciamora@yahoo.com,yahoo.com,Educación / Colegio / Escuela (AMIE),Consolidado
colegiocarlosluispa@hotmail.com,hotmail.com,Educación / Colegio / Escuela (AMIE),Consolidado
colegiocarmo@hotmail.es,hotmail.es,Educación / Colegio / Escuela (AMIE),Consolidado
colegiocascales@yahoo.es,yahoo.es,Educación / Colegio / Escuela (AMIE),Consolidado
colegiocasd@yahoo.es,yahoo.es,Educación / Colegio / Escuela (AMIE),Consolidado
colegiocecomsys@gmail.com,gmail.com,Educación / Colegio / Escuela (AMIE),Consolidado
colegiocesarandradeycordero@gmail.com,gmail.com,Educación / Colegio / Escuela (AMIE),Consolidado
colegiocesarantoniomosquera@gmail.com,gmail.com,Educación / Colegio / Escuela (AMIE),Consolidado
colegiochambo@hotmail.com,hotmail.com,Educación / Colegio / Escuela (AMIE),Consolidado
colegiochiguilpe@hotmail.com,hotmail.com,Educación / Colegio / Escuela (AMIE),Consolidado
colegiochiriboga@andinanet.net,andinanet.net,Educación / Colegio / Escuela (AMIE),Consolidado
colegiochirijos@yahoo.es,yahoo.es,Educación / Colegio / Escuela (AMIE),2324 cole nuev.csv
colegiocolimes@hotmail.com,hotmail.com,Educación / Colegio / Escuela (AMIE),Consolidado
colegiocordova@yahoo.com,yahoo.com,Educación / Colegio / Escuela (AMIE),Consolidado
colegiocorinaparral1@gmail.com,gmail.com,Educación / Colegio / Escuela (AMIE),Consolidado
colegiocrsrcuenca@gmail.com,gmail.com,Educación / Colegio / Escuela (AMIE),Consolidado
colegiocruzdelnorte@hotmail.com,hotmail.com,Educación / Colegio / Escuela (AMIE),Consolidado
colegiocuenca@heraldos.ec,heraldos.ec,Educación / Colegio / Escuela (AMIE),Consolidado
colegiocumbe@hotmail.com,hotmail.com,Educación / Colegio / Escuela (AMIE),Consolidado
colegioczm_3190@hotmail.com,hotmail.com,Educación / Colegio / Escuela (AMIE),2324 cole nuev.csv
colegiodanielleonborja@hotmail.com,hotmail.com,Educación / Colegio / Escuela (AMIE),Consolidado
colegiodaquilemasecre@gmail.com,gmail.com,Educación / Colegio / Escuela (AMIE),Consolidado
colegiodavidmm@hotmail.com,hotmail.com,Educación / Colegio / Escuela (AMIE),Consolidado
colegiodearteslamerced@yahoo.es,yahoo.es,Educación / Colegio / Escuela (AMIE),Consolidado
colegiodebachillerato27defebrero@hotmail.com,hotmail.com,Educación / Colegio / Escuela (AMIE),Consolidado
colegiodebachilleratolatingue@hotmail.com,hotmail.com,Educación / Colegio / Escuela (AMIE),Consolidado
colegiodebachilleratolimon@hotmail.es,hotmail.es,Educación / Colegio / Escuela (AMIE),Consolidado
colegiodeenfermera.org@hotmail.com,hotmail.com,Educación / Colegio / Escuela (AMIE),Consolidado
colegiodelpacificoadistancia@gmail.com,gmail.com,Educación / Colegio / Escuela (AMIE),Consolidado
colegiodepensadores@hotmail.com,hotmail.com,Educación / Colegio / Escuela (AMIE),Consolidado
colegiodetimbre@gmail.com,gmail.com,Educación / Colegio / Escuela (AMIE),Consolidado
colegiodiezdeagos@yahoo.es,yahoo.es,Educación / Colegio / Escuela (AMIE),Consolidado
colegiodoctorbenjamincarrion@hotmail.com,hotmail.com,Educación / Colegio / Escuela (AMIE),Consolidado
colegiodolorosa@gmail.com,gmail.com,Educación / Colegio / Escuela (AMIE),Consolidado
colegiodomingoolmedom@hotmail.com,hotmail.com,Educación / Colegio / Escuela (AMIE),Consolidado
colegiodonbosco@ymail.com,ymail.com,Educación / Colegio / Escuela (AMIE),Consolidado
colegioduran@gmail.com,gmail.com,Educación / Colegio / Escuela (AMIE),Consolidado
colegiodureno@hotmail.com,hotmail.com,Educación / Colegio / Escuela (AMIE),Consolidado
colegioeduardommoreno@hotmail.com,hotmail.com,Educación / Colegio / Escuela (AMIE),Consolidado
colegioelcarmen1970@gmail.com,gmail.com,Educación / Colegio / Escuela (AMIE),Consolidado
colegioelcisne@hotmail.com,hotmail.com,Educación / Colegio / Escuela (AMIE),Consolidado
colegioelcosmopolita@hotmail.com,hotmail.com,Educación / Colegio / Escuela (AMIE),Consolidado
colegioeldescanso@hotmail.com,hotmail.com,Educación / Colegio / Escuela (AMIE),Consolidado
colegioelectronicopichincha@hotmail.com,hotmail.com,Educación / Colegio / Escuela (AMIE),Consolidado
colegioelenamoscosotamariz@yahoo.com,yahoo.com,Educación / Colegio / Escuela (AMIE),Consolidado
colegioelguabo@hotmail.com,hotmail.com,Educación / Colegio / Escuela (AMIE),ASOCIACION DE FUNDACIONES DE ECUADOR.xlsx [Hoja1]
colegioeloyalfaro@hotmail.com,hotmail.com,Educación / Colegio / Escuela (AMIE),Consolidado
colegioeloyalfarotsachila@hotmail.com,hotmail.com,Educación / Colegio / Escuela (AMIE),Consolidado
colegioelpueblito@hotmail.es,hotmail.es,Educación / Colegio / Escuela (AMIE),Consolidado
colegioemanuel_jaramijo@hotmail.es,hotmail.es,Educación / Colegio / Escuela (AMIE),Consolidado
colegioemerson@hotmail.com,hotmail.com,Educación / Colegio / Escuela (AMIE),Consolidado
colegioemilianoag@hotmail.com,hotmail.com,Educación / Colegio / Escuela (AMIE),Consolidado
colegioempresarialorense@hotmail.com,hotmail.com,Educación / Colegio / Escuela (AMIE),Consolidado
colegioenfermeraspichincha@outlook.com,outlook.com,Educación / Colegio / Escuela (AMIE),Consolidado
colegioerciliademartinez@hotmail.com,hotmail.com,Educación / Colegio / Escuela (AMIE),Consolidado
colegiofabianalarcon_tur@hotmail.es,hotmail.es,Educación / Colegio / Escuela (AMIE),Consolidado
colegiofcaldas@yahoo.com,yahoo.com,Educación / Colegio / Escuela (AMIE),Consolidado
colegiofelixchan@hotmail.es,hotmail.es,Educación / Colegio / Escuela (AMIE),2324 cole nuev.csv
colegiofg@hotmail.com,hotmail.com,Educación / Colegio / Escuela (AMIE),Consolidado
colegiofggm@hotmail.com,hotmail.com,Educación / Colegio / Escuela (AMIE),Consolidado
colegiofiscalcuencadelguayas@yahoo.es,yahoo.es,Educación / Colegio / Escuela (AMIE),Consolidado
colegiofiscaldrluisfelipeborjaperez@hotmail.com,hotmail.com,Educación / Colegio / Escuela (AMIE),Consolidado
colegiofiscaljoseabelcastillo@hotmail.es,hotmail.es,Educación / Colegio / Escuela (AMIE),Consolidado
colegiofiscalprovdeloja@hotmail.com,hotmail.com,Educación / Colegio / Escuela (AMIE),Consolidado
colegiofiscalprovinciadelosrios@hotmail.com,hotmail.com,Educación / Colegio / Escuela (AMIE),Consolidado
colegioflaviopalacios2007@hotmail.com,hotmail.com,Educación / Colegio / Escuela (AMIE),Consolidado
colegiofminfante@hotmail.com,hotmail.com,Educación / Colegio / Escuela (AMIE),Consolidado
colegiofranciscorellana@hotmail.com,hotmail.com,Educación / Colegio / Escuela (AMIE),Consolidado
colegiofranzschubert@hotmail.com,hotmail.com,Educación / Colegio / Escuela (AMIE),Consolidado
colegiofvp5@hotmail.com,hotmail.com,Educación / Colegio / Escuela (AMIE),2324 cole nuev.csv
colegiogarciamoreno@yahoo.es,yahoo.es,Educación / Colegio / Escuela (AMIE),Consolidado
colegiogauss2015@gmail.com,gmail.com,Educación / Colegio / Escuela (AMIE),MR COLEGIOS 2017.csv
colegiogauss@hotmail.com,hotmail.com,Educación / Colegio / Escuela (AMIE),1195 cole gquil.csv
colegioglobaldelecuador@yahoo.com,yahoo.com,Educación / Colegio / Escuela (AMIE),Consolidado
colegiogonzol2197@yahoo.es,yahoo.es,Educación / Colegio / Escuela (AMIE),Consolidado
colegiogpa@hotmail.es,hotmail.es,Educación / Colegio / Escuela (AMIE),Consolidado
colegiogralvernaza@gmail.com,gmail.com,Educación / Colegio / Escuela (AMIE),Consolidado
colegiogralvernaza@yahoo.com,yahoo.com,Educación / Colegio / Escuela (AMIE),2324 cole nuev.csv
colegioguale@hotmail.com,hotmail.com,Educación / Colegio / Escuela (AMIE),Consolidado
colegioguanazan07h01234@gmail.com,gmail.com,Educación / Colegio / Escuela (AMIE),Consolidado
colegioguayasamin@hotmail.es,hotmail.es,Educación / Colegio / Escuela (AMIE),Consolidado
colegioguillermoherreras-secretaria@hotmail.com,hotmail.com,Educación / Colegio / Escuela (AMIE),Consolidado
colegioguizhaguina07h01239@gmail.com,gmail.com,Educación / Colegio / Escuela (AMIE),Consolidado
colegiogustavolemosramirez@yahoo.es,yahoo.es,Educación / Colegio / Escuela (AMIE),Consolidado
colegiohc05@yahoo.es,yahoo.es,Educación / Colegio / Escuela (AMIE),Consolidado
colegiohc@hotmail.com,hotmail.com,Educación / Colegio / Escuela (AMIE),1195 cole gquil.csv
colegiohelmut@hotmail.com,hotmail.com,Educación / Colegio / Escuela (AMIE),Consolidado
colegiohernangallardo@hotmail.com,hotmail.com,Educación / Colegio / Escuela (AMIE),Consolidado
colegioheroes1941@gmail.com,gmail.com,Educación / Colegio / Escuela (AMIE),Consolidado
colegioheroesdemitierra@ymail.com,ymail.com,Educación / Colegio / Escuela (AMIE),1195 cole gquil.csv
colegiohispanoa@yahoo.com,yahoo.com,Educación / Colegio / Escuela (AMIE),Consolidado
colegiohispanoamericano74@yahoo.com,yahoo.com,Educación / Colegio / Escuela (AMIE),1195 cole gquil.csv
colegiohomeroardila@hotmail.com,hotmail.com,Educación / Colegio / Escuela (AMIE),Consolidado
colegiohuamboya@live.com,live.com,Educación / Colegio / Escuela (AMIE),Consolidado
colegiohuayrapungo@gmail.com,gmail.com,Educación / Colegio / Escuela (AMIE),Consolidado
colegiohuertas2@hotmail.com,hotmail.com,Educación / Colegio / Escuela (AMIE),Consolidado
colegiohugomoncayo@yahoo.es,yahoo.es,Educación / Colegio / Escuela (AMIE),Consolidado
colegiohvtecnico@hotmail.coml,hotmail.coml,Educación / Colegio / Escuela (AMIE),Consolidado
colegioibarra@gmail.com,gmail.com,Educación / Colegio / Escuela (AMIE),Consolidado
colegioibero_sto@hotmail.com,hotmail.com,Educación / Colegio / Escuela (AMIE),Consolidado
colegioieapc2011@hotmail.com,hotmail.com,Educación / Colegio / Escuela (AMIE),Consolidado
colegioilinizas@hotmail.com,hotmail.com,Educación / Colegio / Escuela (AMIE),Consolidado
colegioinfportoviejo@yahoo.com,yahoo.com,Educación / Colegio / Escuela (AMIE),Consolidado
colegioinsutec@gmail.com,gmail.com,Educación / Colegio / Escuela (AMIE),Consolidado
colegioinsutec@hotmail.com,hotmail.com,Educación / Colegio / Escuela (AMIE),Consolidado
colegiointerculturalsanjose@gmail.com,gmail.com,Educación / Colegio / Escuela (AMIE),Consolidado
colegioipa@hotmail.com,hotmail.com,Educación / Colegio / Escuela (AMIE),Consolidado
colegioitalia_68@hotmail.com,hotmail.com,Educación / Colegio / Escuela (AMIE),Consolidado
colegiojacaranda@profamilia.org.ec,profamilia.org.ec,Educación / Colegio / Escuela (AMIE),Consolidado
colegiojacintoburgos@hotmail.com,hotmail.com,Educación / Colegio / Escuela (AMIE),Consolidado
colegiojacquescousteau@hotmail.com,hotmail.com,Educación / Colegio / Escuela (AMIE),Consolidado
colegiojaimeestrada@hotmail.com,hotmail.com,Educación / Colegio / Escuela (AMIE),Consolidado
colegiojaimeroldos_2002@hotmail.com,hotmail.com,Educación / Colegio / Escuela (AMIE),Consolidado
colegiojama@hotmail.com,hotmail.com,Educación / Colegio / Escuela (AMIE),Consolidado
colegiojambeli2013@gmail.com,gmail.com,Educación / Colegio / Escuela (AMIE),Consolidado
colegiojambeli@gmail.com,gmail.com,Educación / Colegio / Escuela (AMIE),Consolidado
colegiojaponteofilo1@gmail.com,gmail.com,Educación / Colegio / Escuela (AMIE),Consolidado
colegiojaveriano@hotmail.es,hotmail.es,Educación / Colegio / Escuela (AMIE),Consolidado
colegiojeanpiaget_jp@hotmail.com,hotmail.com,Educación / Colegio / Escuela (AMIE),Consolidado
colegiojeffersonriobamba@hotmail.com,hotmail.com,Educación / Colegio / Escuela (AMIE),Consolidado
colegiojimirwin2@yahoo.com,yahoo.com,Educación / Colegio / Escuela (AMIE),Consolidado
colegiojimmyveintimilla@hotmail.com,hotmail.com,Educación / Colegio / Escuela (AMIE),Consolidado
colegiojimrwin@hotmail.com,hotmail.com,Educación / Colegio / Escuela (AMIE),Consolidado
colegiojireh2011@hotmail.com,hotmail.com,Educación / Colegio / Escuela (AMIE),Consolidado
colegiojjrousseaucay@andinanet.net,andinanet.net,Educación / Colegio / Escuela (AMIE),Consolidado
colegiojjrousseaucay@hotmail.com,hotmail.com,Educación / Colegio / Escuela (AMIE),Consolidado
colegiojjrs@hotmail.com,hotmail.com,Educación / Colegio / Escuela (AMIE),Consolidado
colegiojmo@hotmail.com,hotmail.com,Educación / Colegio / Escuela (AMIE),Consolidado
colegiojorgeicaza80@yahoo.com,yahoo.com,Educación / Colegio / Escuela (AMIE),Consolidado
colegiojosejoaquindeolmedo@hotmail.com,hotmail.com,Educación / Colegio / Escuela (AMIE),Consolidado
colegiojosejoaquingquil@hotmail.com,hotmail.com,Educación / Colegio / Escuela (AMIE),Consolidado
colegiojosemiller@gmail.com,gmail.com,Educación / Colegio / Escuela (AMIE),Consolidado
colegiojoseperalta@hotmail.com,hotmail.com,Educación / Colegio / Escuela (AMIE),ASOCIACION DE FUNDACIONES DE ECUADOR.xlsx [Hoja1]
colegiojoseperalta@yahoo.com,yahoo.com,Educación / Colegio / Escuela (AMIE),Consolidado
colegiojph@gmail.com,gmail.com,Educación / Colegio / Escuela (AMIE),Consolidado
colegiojuancruzaizpruaboyaca@hotmail.es,hotmail.es,Educación / Colegio / Escuela (AMIE),Consolidado
colegiojuanhenriquezcoello@hotmail.com,hotmail.com,Educación / Colegio / Escuela (AMIE),Consolidado
colegiojudithiza@yahoo.com,yahoo.com,Educación / Colegio / Escuela (AMIE),Consolidado
colegiojuliopimentelcarbo@hotmail.com,hotmail.com,Educación / Colegio / Escuela (AMIE),2324 cole nuev.csv
colegiojumariecuador@hotmail.com,hotmail.com,Educación / Colegio / Escuela (AMIE),Consolidado
colegiojunquillal@gmail.com,gmail.com,Educación / Colegio / Escuela (AMIE),Consolidado
colegiokennedyedu@gmail.com,gmail.com,Educación / Colegio / Escuela (AMIE),Consolidado
colegiokevinroberts@hotmail.com,hotmail.com,Educación / Colegio / Escuela (AMIE),Consolidado
colegioladolorosa@yahoo.es,yahoo.es,Educación / Colegio / Escuela (AMIE),Consolidado
colegiolamerced72@hotmail.com,hotmail.com,Educación / Colegio / Escuela (AMIE),Consolidado
colegiolapalma@hotmail.com,hotmail.com,Educación / Colegio / Escuela (AMIE),Consolidado
colegiolasalletulcan@gmail.com,gmail.com,Educación / Colegio / Escuela (AMIE),Consolidado
colegiolaslomas@gmail.com,gmail.com,Educación / Colegio / Escuela (AMIE),Consolidado
colegiolaunion_1986@homail.com,homail.com,Educación / Colegio / Escuela (AMIE),Consolidado
colegiolavictoria09h04908@gmail.com,gmail.com,Educación / Colegio / Escuela (AMIE),Consolidado
colegioleomaldonado@hotmail.com,hotmail.com,Educación / Colegio / Escuela (AMIE),Consolidado
colegioleonardomurialdo@yahoo.es,yahoo.es,Educación / Colegio / Escuela (AMIE),Consolidado
colegioleonardomurialdo_ambato@hotmail.com,hotmail.com,Educación / Colegio / Escuela (AMIE),Consolidado
colegioleoponcepozo@hotmail.com,hotmail.com,Educación / Colegio / Escuela (AMIE),Consolidado
colegiolevigostky@hotmail.com,hotmail.com,Educación / Colegio / Escuela (AMIE),Consolidado
colegiolg@hotmail.com,hotmail.com,Educación / Colegio / Escuela (AMIE),Consolidado
colegiolibertador_1988@hotmail.com,hotmail.com,Educación / Colegio / Escuela (AMIE),Consolidado
colegiolosguayacanes@hotmail.com,hotmail.com,Educación / Colegio / Escuela (AMIE),Consolidado
colegioluisamartinez@outlook.com,outlook.com,Educación / Colegio / Escuela (AMIE),Consolidado
colegioluisduenas@hotmail.com,hotmail.com,Educación / Colegio / Escuela (AMIE),Consolidado
colegioluisespinosatamayo@gmail.com,gmail.com,Educación / Colegio / Escuela (AMIE),Consolidado
colegioluisfelipeborja.03d03@gmail.com,gmail.com,Educación / Colegio / Escuela (AMIE),Consolidado
colegioluisfvivero123@hotmail.com,hotmail.com,Educación / Colegio / Escuela (AMIE),2324 cole nuev.csv
colegioluisfvivero@hotmail.com,hotmail.com,Educación / Colegio / Escuela (AMIE),Consolidado
colegioluisrivadeneira@hotmail.com,hotmail.com,Educación / Colegio / Escuela (AMIE),Consolidado
colegiomadrebernarda@yahoo.es,yahoo.es,Educación / Colegio / Escuela (AMIE),Consolidado
colegiomadredelsalvador@hotmail.com,hotmail.com,Educación / Colegio / Escuela (AMIE),Consolidado
colegiomalchingui@yahoo.es,yahoo.es,Educación / Colegio / Escuela (AMIE),Consolidado
colegiomaldonado37@yahoo.com,yahoo.com,Educación / Colegio / Escuela (AMIE),Consolidado
colegiomanta1966@hotmail.com,hotmail.com,Educación / Colegio / Escuela (AMIE),Consolidado
colegiomanuelagaraicoa@hotmail.com,hotmail.com,Educación / Colegio / Escuela (AMIE),Consolidado
colegiomanuelcastillohidalgo@gmail.com,gmail.com,Educación / Colegio / Escuela (AMIE),Consolidado
colegiomanuelcordova3041@hotmail.com,hotmail.com,Educación / Colegio / Escuela (AMIE),Consolidado
colegiomanuelcordovagalarza@gmail.com,gmail.com,Educación / Colegio / Escuela (AMIE),Consolidado
colegiomanueljcalle@gmail.com,gmail.com,Educación / Colegio / Escuela (AMIE),Consolidado
colegiomanuelmonterosv1990@hotmail.com,hotmail.com,Educación / Colegio / Escuela (AMIE),Consolidado
colegiomanuelquintana@hotmail.com,hotmail.com,Educación / Colegio / Escuela (AMIE),Consolidado
colegiomanuelrivadeneira@portoviejo.gob.ec,portoviejo.gob.ec,Educación / Colegio / Escuela (AMIE),Consolidado
colegiomanueltobar@gmail.com,gmail.com,Educación / Colegio / Escuela (AMIE),Consolidado
colegiomargaritaponcesecretaria@hotmail.com,hotmail.com,Educación / Colegio / Escuela (AMIE),Consolidado
colegiomarianitas@hotmail.com,hotmail.com,Educación / Colegio / Escuela (AMIE),Consolidado
colegiomarianobenitez@yahoo.es,yahoo.es,Educación / Colegio / Escuela (AMIE),Consolidado
colegiomariscalsucre1234@hotmail.com,hotmail.com,Educación / Colegio / Escuela (AMIE),Consolidado
colegiomariscalsucre@hotmail.com,hotmail.com,Educación / Colegio / Escuela (AMIE),Consolidado
colegiomedicosguayas@gmail.com,gmail.com,Educación / Colegio / Escuela (AMIE),Consolidado
colegiomembrillo@hotmail.com,hotmail.com,Educación / Colegio / Escuela (AMIE),Consolidado
colegiomenorgye@colegiomenor.edu.ec,colegiomenor.edu.ec,Educación / Colegio / Escuela (AMIE),1195 cole gquil.csv
colegiomenoruniandes@yahoo.es,yahoo.es,Educación / Colegio / Escuela (AMIE),Consolidado
colegiomercedes@yahoo.com,yahoo.com,Educación / Colegio / Escuela (AMIE),Consolidado
colegiomercedes@yahoo.es,yahoo.es,Educación / Colegio / Escuela (AMIE),Consolidado
colegiomife@hotmail.com,hotmail.com,Educación / Colegio / Escuela (AMIE),Consolidado
colegiomiguelcorderocrespo@hotmail.es,hotmail.es,Educación / Colegio / Escuela (AMIE),Consolidado
colegiomigueldelhierro@gmail.com,gmail.com,Educación / Colegio / Escuela (AMIE),Consolidado
colegiomiguelsalinas@hotmail.com,hotmail.com,Educación / Colegio / Escuela (AMIE),Consolidado
colegiomisahualli@hotmail.com,hotmail.com,Educación / Colegio / Escuela (AMIE),Consolidado
colegiomixtoatacames@hotmail.com,hotmail.com,Educación / Colegio / Escuela (AMIE),Consolidado
colegiomodestoparedes@hotmail.com,hotmail.com,Educación / Colegio / Escuela (AMIE),Consolidado
colegiomogrovejo@yahoo.es,yahoo.es,Educación / Colegio / Escuela (AMIE),Consolidado
colegiomolleturo1981@hotmail.com,hotmail.com,Educación / Colegio / Escuela (AMIE),Consolidado
colegiomonserratealavadegonzalez@yahoo.es,yahoo.es,Educación / Colegio / Escuela (AMIE),Consolidado
colegiomontini2007@hotmail.com,hotmail.com,Educación / Colegio / Escuela (AMIE),Consolidado
colegiomontufar@hotmail.com,hotmail.com,Educación / Colegio / Escuela (AMIE),Consolidado
colegiomoromoro1982@gmail.com,gmail.com,Educación / Colegio / Escuela (AMIE),Consolidado
colegiomunicipal2008@hotmail.com,hotmail.com,Educación / Colegio / Escuela (AMIE),Consolidado
colegiomunicipal@salitre.gob.ec,salitre.gob.ec,Educación / Colegio / Escuela (AMIE),Consolidado
colegiomunicipalapg@hotmail.es,hotmail.es,Educación / Colegio / Escuela (AMIE),Consolidado
colegiomunicipalhuaquillas@hotmail.com,hotmail.com,Educación / Colegio / Escuela (AMIE),Consolidado
colegiomushukhan@hotmail.com,hotmail.com,Educación / Colegio / Escuela (AMIE),Consolidado
colegiomushullacta@gmail.com,gmail.com,Educación / Colegio / Escuela (AMIE),Consolidado
colegiomvc@gmail.com,gmail.com,Educación / Colegio / Escuela (AMIE),Consolidado
colegionacional25@hotmail.com,hotmail.com,Educación / Colegio / Escuela (AMIE),Consolidado
colegionacional26deoctubre@hotmail.com,hotmail.com,Educación / Colegio / Escuela (AMIE),Consolidado
colegionacionalcaracol@hotmail.com,hotmail.com,Educación / Colegio / Escuela (AMIE),Consolidado
colegionacionalcelica@hotmail.com,hotmail.com,Educación / Colegio / Escuela (AMIE),Consolidado
colegionacionaldanzarin@gmail.com,gmail.com,Educación / Colegio / Escuela (AMIE),Consolidado
colegionacionalelesfuerzo@gmail.com,gmail.com,Educación / Colegio / Escuela (AMIE),Consolidado
colegionacionallosandes-1980@hotmail.com,hotmail.com,Educación / Colegio / Escuela (AMIE),Consolidado
colegionacionalmixtocasipamba@yahoo.es,yahoo.es,Educación / Colegio / Escuela (AMIE),Consolidado
colegionacionaloa@yahoo.es,yahoo.es,Educación / Colegio / Escuela (AMIE),Consolidado
colegionacionaloña@yahoo.es,yahoo.es,Educación / Colegio / Escuela (AMIE),Consolidado
colegionacionalrocafuerte@hotmail.com,hotmail.com,Educación / Colegio / Escuela (AMIE),Consolidado
colegionacionalshungumarca@hotmail.com,hotmail.com,Educación / Colegio / Escuela (AMIE),Consolidado
colegionacionaluyumbicho@hotmail.com,hotmail.com,Educación / Colegio / Escuela (AMIE),Consolidado
colegionanegal@yahoo.com,yahoo.com,Educación / Colegio / Escuela (AMIE),Consolidado
colegionaranjito@hotmail.com,hotmail.com,Educación / Colegio / Escuela (AMIE),Consolidado
colegionarcisadejesus@hotmail.com,hotmail.com,Educación / Colegio / Escuela (AMIE),Consolidado
colegionelson@yahoo.es,yahoo.es,Educación / Colegio / Escuela (AMIE),Consolidado
colegionelsonestupinanbasstonsupa@live.com,live.com,Educación / Colegio / Escuela (AMIE),Consolidado
colegionelsontorres_cayambe@hotmail.com,hotmail.com,Educación / Colegio / Escuela (AMIE),Consolidado
colegionoboa@gmail.com,gmail.com,Educación / Colegio / Escuela (AMIE),Consolidado
colegionocturnosanfrancisco@hotmail.com,hotmail.com,Educación / Colegio / Escuela (AMIE),Consolidado
colegionocturnoune@hotmail.com,hotmail.com,Educación / Colegio / Escuela (AMIE),Consolidado
colegionocturnounp@hotmail.com,hotmail.com,Educación / Colegio / Escuela (AMIE),Consolidado
colegionpll@hotmail.com,hotmail.com,Educación / Colegio / Escuela (AMIE),Consolidado
colegionuevaaurora@hotmail.com,hotmail.com,Educación / Colegio / Escuela (AMIE),Consolidado
colegionuevacalifornia@hotmail.com,hotmail.com,Educación / Colegio / Escuela (AMIE),1195 cole gquil.csv
colegionuevoecuador_ava@hotmail.com,hotmail.com,Educación / Colegio / Escuela (AMIE),Consolidado
colegionuevomundoe@yahoo.com,yahoo.com,Educación / Colegio / Escuela (AMIE),Consolidado
colegionuevoshorizontesdelsurn1@hotmail.com,hotmail.com,Educación / Colegio / Escuela (AMIE),Consolidado
colegiooctaviocorderopalacios@gmail.com,gmail.com,Educación / Colegio / Escuela (AMIE),Consolidado
colegiooe@hotmail.com,hotmail.com,Educación / Colegio / Escuela (AMIE),Consolidado
colegiooncedemarzo@yahoo.es,yahoo.es,Educación / Colegio / Escuela (AMIE),Consolidado
colegiooptometristasp@hotmail.com,hotmail.com,Educación / Colegio / Escuela (AMIE),Consolidado
colegiooswaldoguayasamin@hotmail.com,hotmail.com,Educación / Colegio / Escuela (AMIE),Consolidado
colegiopajan@hotmail.com,hotmail.com,Educación / Colegio / Escuela (AMIE),Consolidado
colegiopalora@hotmail.com,hotmail.com,Educación / Colegio / Escuela (AMIE),Consolidado
colegioparticularadistancia-j-l-m@hotmail.com,hotmail.com,Educación / Colegio / Escuela (AMIE),Consolidado
colegioparticularamazonas@gmail.com,gmail.com,Educación / Colegio / Escuela (AMIE),Consolidado
colegioparticularanatoly@hotmail.com,hotmail.com,Educación / Colegio / Escuela (AMIE),Consolidado
colegioparticularfdp@gmail.com,gmail.com,Educación / Colegio / Escuela (AMIE),Consolidado
colegioparticularlalorena@hotmail.com,hotmail.com,Educación / Colegio / Escuela (AMIE),Consolidado
colegioparticularmaster@hotmail.com,hotmail.com,Educación / Colegio / Escuela (AMIE),Consolidado
colegioparticularmixtoconvento@hotmail.com,hotmail.com,Educación / Colegio / Escuela (AMIE),Consolidado
colegioparticularnuevedemayo@yahoo.com,yahoo.com,Educación / Colegio / Escuela (AMIE),Consolidado
colegioparticularsm@gmail.com,gmail.com,Educación / Colegio / Escuela (AMIE),Consolidado
colegiopauldirac@hotmail.com,hotmail.com,Educación / Colegio / Escuela (AMIE),Consolidado
colegiopedrofrancod@hotmail.com,hotmail.com,Educación / Colegio / Escuela (AMIE),Consolidado
colegiopedropablogomez@yahoo.es,yahoo.es,Educación / Colegio / Escuela (AMIE),Consolidado
colegiopensionado_olivo1956@yahoo.com,yahoo.com,Educación / Colegio / Escuela (AMIE),Consolidado
colegiopert@gmail.com,gmail.com,Educación / Colegio / Escuela (AMIE),1195 cole gquil.csv
colegiopindal@hotmail.com,hotmail.com,Educación / Colegio / Escuela (AMIE),Consolidado
colegiopioxii_secretaria@hotmail.com,hotmail.com,Educación / Colegio / Escuela (AMIE),Consolidado
colegiopjp1985@yahoo.com,yahoo.com,Educación / Colegio / Escuela (AMIE),Consolidado
colegioplayaprieta@hotmail.com,hotmail.com,Educación / Colegio / Escuela (AMIE),Consolidado
colegioportoviejo13h00288@hotmail.com,hotmail.com,Educación / Colegio / Escuela (AMIE),Consolidado
colegiopozul@hotmail.com,hotmail.com,Educación / Colegio / Escuela (AMIE),Consolidado
colegioprovinciadechimborazo@hotmail.com,hotmail.com,Educación / Colegio / Escuela (AMIE),Consolidado
colegiopucara97@yahoo.es,yahoo.es,Educación / Colegio / Escuela (AMIE),Consolidado
colegiopucara@live.com,live.com,Educación / Colegio / Escuela (AMIE),Consolidado
colegiopueblonuevo@yahoo.com,yahoo.com,Educación / Colegio / Escuela (AMIE),Consolidado
colegiopuebloviejo@yahoo.es,yahoo.es,Educación / Colegio / Escuela (AMIE),Consolidado
colegiopuellaro@hotmail.com,hotmail.com,Educación / Colegio / Escuela (AMIE),Consolidado
colegiopuruwa@yahoo.es,yahoo.es,Educación / Colegio / Escuela (AMIE),Consolidado
colegiopx@yahoo.com,yahoo.com,Educación / Colegio / Escuela (AMIE),Consolidado
colegioquinchefelix@hotmail.com,hotmail.com,Educación / Colegio / Escuela (AMIE),Consolidado
colegioquisapincha1@yahoo.es,yahoo.es,Educación / Colegio / Escuela (AMIE),Consolidado
colegioquitenolibre@hotmail.com,hotmail.com,Educación / Colegio / Escuela (AMIE),Consolidado
colegioquitoluzdeamerica@yahoo.es,yahoo.es,Educación / Colegio / Escuela (AMIE),Consolidado
colegiorafa82@yahoo.es,yahoo.es,Educación / Colegio / Escuela (AMIE),Consolidado
colegiorafaelsotomayor_macul@yahoo.es,yahoo.es,Educación / Colegio / Escuela (AMIE),Consolidado
colegioramonandy@yahoo.es,yahoo.es,Educación / Colegio / Escuela (AMIE),Consolidado
colegiorashidtorbayrectorado@hotmail.com,hotmail.com,Educación / Colegio / Escuela (AMIE),Consolidado
colegioraulandrade@gmail.com,gmail.com,Educación / Colegio / Escuela (AMIE),Consolidado
colegiorealaudienciadequito@hotmail.com,hotmail.com,Educación / Colegio / Escuela (AMIE),Consolidado
colegioregulodemora@yahoo.es,yahoo.es,Educación / Colegio / Escuela (AMIE),Consolidado
colegioremigiogeogomez_2462@hotmail.es,hotmail.es,Educación / Colegio / Escuela (AMIE),Consolidado
colegioremigiogeogomez_246@hotmail.es,hotmail.es,Educación / Colegio / Escuela (AMIE),ASOCIACION DE FUNDACIONES DE ECUADOR.xlsx [Hoja1]
colegiorepublicadefrancia@hotmail.com,hotmail.com,Educación / Colegio / Escuela (AMIE),Consolidado
colegioricardocornejonaranjo@hotmail.com,hotmail.com,Educación / Colegio / Escuela (AMIE),Consolidado
colegioriodashino@hotmail.com,hotmail.com,Educación / Colegio / Escuela (AMIE),Consolidado
colegiorma@hotmail.com,hotmail.com,Educación / Colegio / Escuela (AMIE),Consolidado
colegiorobertoarregui@yahoo.es,yahoo.es,Educación / Colegio / Escuela (AMIE),Consolidado
colegiorodrigobarreno@hotmail.com,hotmail.com,Educación / Colegio / Escuela (AMIE),Consolidado
colegioroldos@hotmail.com,hotmail.com,Educación / Colegio / Escuela (AMIE),Consolidado
colegiortorbay.playas@hotmail.com,hotmail.com,Educación / Colegio / Escuela (AMIE),Consolidado
colegiorubira@yahoo.es,yahoo.es,Educación / Colegio / Escuela (AMIE),2324 cole nuev.csv
colegiorumania_ec@hotmail.com,hotmail.com,Educación / Colegio / Escuela (AMIE),Consolidado
colegioruminahuisangolquiedu@hotmail.com,hotmail.com,Educación / Colegio / Escuela (AMIE),Consolidado
colegiosalcedo@gmail.com,gmail.com,Educación / Colegio / Escuela (AMIE),Consolidado
colegiosamborondon@hotmail.com,hotmail.com,Educación / Colegio / Escuela (AMIE),Consolidado
colegiosanalfonso@yahoo.es,yahoo.es,Educación / Colegio / Escuela (AMIE),Consolidado
colegiosanandrescentro@gmail.com,gmail.com,Educación / Colegio / Escuela (AMIE),Consolidado
colegiosancamilo1981@hotmail.com,hotmail.com,Educación / Colegio / Escuela (AMIE),Consolidado
colegiosancarlos2009@hotmail.com,hotmail.com,Educación / Colegio / Escuela (AMIE),Consolidado
colegiosanjacintodelbua@hotmail.com,hotmail.com,Educación / Colegio / Escuela (AMIE),Consolidado
colegiosanjuan2010@hotmail.com,hotmail.com,Educación / Colegio / Escuela (AMIE),Consolidado
colegiosanmarino@gmail.com,gmail.com,Educación / Colegio / Escuela (AMIE),Consolidado
colegiosanpedro7238@yahoo.es,yahoo.es,Educación / Colegio / Escuela (AMIE),Consolidado
colegiosanrafael02@hotmail.com,hotmail.com,Educación / Colegio / Escuela (AMIE),Consolidado
colegiosantaanadecotacachi@hotmail.com,hotmail.com,Educación / Colegio / Escuela (AMIE),Consolidado
colegiosantaisabelazuay@gmail.com,gmail.com,Educación / Colegio / Escuela (AMIE),Consolidado
colegiosantateresa091996@hotmail.com,hotmail.com,Educación / Colegio / Escuela (AMIE),Consolidado
colegiosantiagodequito@hotmail.com,hotmail.com,Educación / Colegio / Escuela (AMIE),Consolidado
colegiosantodomingodeloscolorados@hotmail.com,hotmail.com,Educación / Colegio / Escuela (AMIE),Consolidado
colegiosanvicente2010@yahoo.es,yahoo.es,Educación / Colegio / Escuela (AMIE),Consolidado
colegiosaraserrano@hotmail.com,hotmail.com,Educación / Colegio / Escuela (AMIE),Consolidado
colegiosfranciscotachina@gmail.com,gmail.com,Educación / Colegio / Escuela (AMIE),Consolidado
colegioshaglli@hotmail.com,hotmail.com,Educación / Colegio / Escuela (AMIE),Consolidado
colegioshumiral@gmail.com,gmail.com,Educación / Colegio / Escuela (AMIE),Consolidado
colegiosigloxiiedu@hotmail.com,hotmail.com,Educación / Colegio / Escuela (AMIE),Consolidado
colegiosigloxxiedu@hotmail.com,hotmail.com,Educación / Colegio / Escuela (AMIE),Consolidado
colegiosimonbolivar_@hotmail.com,hotmail.com,Educación / Colegio / Escuela (AMIE),1195 cole gquil.csv
colegiosindicato@hotmail.es,hotmail.es,Educación / Colegio / Escuela (AMIE),Consolidado
colegiosinfronterasdelecuador@hotmail.com,hotmail.com,Educación / Colegio / Escuela (AMIE),Consolidado
colegiosjm@hotmail.com,hotmail.com,Educación / Colegio / Escuela (AMIE),Consolidado
colegioslorenzo@hayoo.es,hayoo.es,Educación / Colegio / Escuela (AMIE),Consolidado
colegiosolidaridad@gmail.com,gmail.com,Educación / Colegio / Escuela (AMIE),Consolidado
colegiospeed@hotmail.com,hotmail.com,Educación / Colegio / Escuela (AMIE),MR COLEGIOS 2017.csv
colegiospiller@yahoo.com,yahoo.com,Educación / Colegio / Escuela (AMIE),Consolidado
colegiostamarianita@hotmail.com,hotmail.com,Educación / Colegio / Escuela (AMIE),Consolidado
colegiosucumbios@hotmail.com,hotmail.com,Educación / Colegio / Escuela (AMIE),Consolidado
colegiosusudel@gmail.com,gmail.com,Educación / Colegio / Escuela (AMIE),Consolidado
colegiot10@latinmail.com,latinmail.com,Educación / Colegio / Escuela (AMIE),Consolidado
colegiotae@hotmail.com,hotmail.com,Educación / Colegio / Escuela (AMIE),Consolidado
colegiotag@gmail.com,gmail.com,Educación / Colegio / Escuela (AMIE),Consolidado
colegiotaisha@hotmail.com,hotmail.com,Educación / Colegio / Escuela (AMIE),Consolidado
colegiotarqui@hotmail.com,hotmail.com,Educación / Colegio / Escuela (AMIE),Consolidado
colegiotayuza@hotmail.com,hotmail.com,Educación / Colegio / Escuela (AMIE),Consolidado
colegiotecindnorte@hotmail.com,hotmail.com,Educación / Colegio / Escuela (AMIE),Consolidado
colegiotecnico2012@hotmail.com,hotmail.com,Educación / Colegio / Escuela (AMIE),Consolidado
colegiotecnicodayuma@hotmail.com,hotmail.com,Educación / Colegio / Escuela (AMIE),Consolidado
colegiotecnicoecuador@yahoo.com,yahoo.com,Educación / Colegio / Escuela (AMIE),Consolidado
colegiotecnicoelpan@hotmail.com,hotmail.com,Educación / Colegio / Escuela (AMIE),Consolidado
colegiotecnicohuasimpamba@latinmail.com,latinmail.com,Educación / Colegio / Escuela (AMIE),Consolidado
colegiotecnicopedromaldonado@gmail.com,gmail.com,Educación / Colegio / Escuela (AMIE),Consolidado
colegiotecnicopopularpatate@yahoo.es,yahoo.es,Educación / Colegio / Escuela (AMIE),Consolidado
colegiotecnicosanisidro@yahoo.es,yahoo.es,Educación / Colegio / Escuela (AMIE),Consolidado
colegiotecnicoune@hotmail.com,hotmail.com,Educación / Colegio / Escuela (AMIE),Consolidado
colegiotelmohidalgo@gmail.com,gmail.com,Educación / Colegio / Escuela (AMIE),Consolidado
colegiotiguino@hotmail.com,hotmail.com,Educación / Colegio / Escuela (AMIE),Consolidado
colegiotiwintza@hotmail.com,hotmail.com,Educación / Colegio / Escuela (AMIE),Consolidado
colegiotms@hotmail.com,hotmail.com,Educación / Colegio / Escuela (AMIE),Consolidado
colegiotmsazaruma@hotmail.com,hotmail.com,Educación / Colegio / Escuela (AMIE),Consolidado
colegiotomasrendon-rectorado@outlook.es,outlook.es,Educación / Colegio / Escuela (AMIE),Consolidado
colegiotomastadeu@gmail.com,gmail.com,Educación / Colegio / Escuela (AMIE),Consolidado
colegiotonchigue@yahoo.es,yahoo.es,Educación / Colegio / Escuela (AMIE),Consolidado
colegiotosagua@yahoo.es,yahoo.es,Educación / Colegio / Escuela (AMIE),Consolidado
colegiotreintadeagosto@hotmail.com,hotmail.com,Educación / Colegio / Escuela (AMIE),Consolidado
colegioune_gquil3007@hotmail.com,hotmail.com,Educación / Colegio / Escuela (AMIE),Consolidado
colegiounechicana@hotmail.com,hotmail.com,Educación / Colegio / Escuela (AMIE),Consolidado
colegiounedid@hotmail.com,hotmail.com,Educación / Colegio / Escuela (AMIE),Consolidado
colegioupse@gmail.com,gmail.com,Educación / Colegio / Escuela (AMIE),Consolidado
colegiouruguay@hotmail.com,hotmail.com,Educación / Colegio / Escuela (AMIE),Consolidado
colegiovaldivia@hotmail.com,hotmail.com,Educación / Colegio / Escuela (AMIE),Consolidado
colegiovallehermoso@yahoo.es,yahoo.es,Educación / Colegio / Escuela (AMIE),Consolidado
colegiovee@hotmail.com,hotmail.com,Educación / Colegio / Escuela (AMIE),Consolidado
colegioveintisietedeagosto@gmail.com,gmail.com,Educación / Colegio / Escuela (AMIE),Consolidado
colegiovelascoibarra@yahoo.es,yahoo.es,Educación / Colegio / Escuela (AMIE),Consolidado
colegioventanas@gmail.com,gmail.com,Educación / Colegio / Escuela (AMIE),Consolidado
colegioveracruz1@hotmail.com,hotmail.com,Educación / Colegio / Escuela (AMIE),Consolidado
colegiovicenteramon.r@gmail.com,gmail.com,Educación / Colegio / Escuela (AMIE),Consolidado
colegiovicentino@hotmail.com,hotmail.com,Educación / Colegio / Escuela (AMIE),Consolidado
colegiovilcabamba@ymail.com,ymail.com,Educación / Colegio / Escuela (AMIE),Consolidado
colegiovillafloridasdt@hotmail.com,hotmail.com,Educación / Colegio / Escuela (AMIE),Consolidado
colegiovirgilioabarca@hotmail.com,hotmail.com,Educación / Colegio / Escuela (AMIE),Consolidado
colegiovmg@hotmail.com,hotmail.com,Educación / Colegio / Escuela (AMIE),Consolidado
colegiovrpichincha@hotmail.com,hotmail.com,Educación / Colegio / Escuela (AMIE),Consolidado
colegioyerovi@hotmail.com,hotmail.com,Educación / Colegio / Escuela (AMIE),Consolidado
colegiozuleta@gmail.com,gmail.com,Educación / Colegio / Escuela (AMIE),Consolidado
colegiozumba@hotmail.com,hotmail.com,Educación / Colegio / Escuela (AMIE),Consolidado
colinteram@colegiointeramericano.edu.ec,colegiointeramericano.edu.ec,Educación / Colegio / Escuela (AMIE),Consolidado
colonescuela456@hotmail.com,hotmail.com,Educación / Colegio / Escuela (AMIE),Consolidado
computer@espol.edu.ec,espol.edu.ec,Educación / Colegio / Escuela (AMIE),Consolidado
comunicacion@espe.edu.ec,espe.edu.ec,Educación / Colegio / Escuela (AMIE),Consolidado
comunicacion@espol.edu.ec,espol.edu.ec,Educación / Colegio / Escuela (AMIE),Consolidado
comunicacion@spellman.edu.ec,spellman.edu.ec,Educación / Colegio / Escuela (AMIE),Consolidado
comunicacion@unidadborja.edu.ec,unidadborja.edu.ec,Educación / Colegio / Escuela (AMIE),Consolidado
comunicaciones_copol@copol.edu.ec,copol.edu.ec,Educación / Colegio / Escuela (AMIE),Consolidado
consultas@tecnologicolci.edu.ec,tecnologicolci.edu.ec,Educación / Colegio / Escuela (AMIE),Consolidado
contabilidad@anai.edu.ec,anai.edu.ec,Educación / Colegio / Escuela (AMIE),Consolidado
contabilidad@doloressopena.edu.ec,doloressopena.edu.ec,Educación / Colegio / Escuela (AMIE),Consolidado
contabilidad@ipac.edu.ec,ipac.edu.ec,Educación / Colegio / Escuela (AMIE),CLIENMY PIMES  CUCUENTAS ACTIVAS SUPERCIAS ESTUDIOS ACTUARIALES RAFAEL CALDERON 2024.xls 1.xls [GUAYAS ACTIVAS ]
contabilidad_logos@logosacademy.edu.ec,logosacademy.edu.ec,Educación / Colegio / Escuela (AMIE),CLIENMY PIMES  CUCUENTAS ACTIVAS SUPERCIAS ESTUDIOS ACTUARIALES RAFAEL CALDERON 2024.xls 1.xls [GUAYAS ACTIVAS ]
contabilidadgye@ctsa.edu.ec,ctsa.edu.ec,Educación / Colegio / Escuela (AMIE),Consolidado
contacto@anavi.edu.ec,anavi.edu.ec,Educación / Colegio / Escuela (AMIE),Consolidado
contacto@liceointernacional.edu.ec,liceointernacional.edu.ec,Educación / Colegio / Escuela (AMIE),Consolidado
contacto@seneca.edu.ec,seneca.edu.ec,Educación / Colegio / Escuela (AMIE),Consolidado
contadora@itv.edu.ec,itv.edu.ec,Educación / Colegio / Escuela (AMIE),Consolidado
cooperativapuce@puce.edu.ec,puce.edu.ec,Educación / Colegio / Escuela (AMIE),Consolidado
coopuce@puce.edu.ec,puce.edu.ec,Educación / Colegio / Escuela (AMIE),LISTADO DE OFERTAS BASE.xlsx [COOPERATIVAS]
coordinacion.emprendedores@cu.ucsg.edu.ec,cu.ucsg.edu.ec,Educación / Colegio / Escuela (AMIE),Consolidado
coordinacion.zonal3@educacion.gob.ec,educacion.gob.ec,Educación / Colegio / Escuela (AMIE),Consolidado
coordinacion.zonal7@educacion.gob.ec,educacion.gob.ec,Educación / Colegio / Escuela (AMIE),Consolidado
coordinacion@aseccbi.edu.ec,aseccbi.edu.ec,Educación / Colegio / Escuela (AMIE),Consolidado
coordinacion_ifelix@liceolosalamos.edu.ec,liceolosalamos.edu.ec,Educación / Colegio / Escuela (AMIE),Consolidado
coordinadoratalentohumano@uteg.edu.ec,uteg.edu.ec,Educación / Colegio / Escuela (AMIE),Consolidado
coordinadordigital@unikids.edu.ec,unikids.edu.ec,Educación / Colegio / Escuela (AMIE),Consolidado
coorpreescolar@colegiobritanico.edu.ec,colegiobritanico.edu.ec,Educación / Colegio / Escuela (AMIE),Consolidado
copolprimaria@copol.edu.ec,copol.edu.ec,Educación / Colegio / Escuela (AMIE),2324 cole nuev.csv
correo-escuelaecuatorial@hotmail.com,hotmail.com,Educación / Colegio / Escuela (AMIE),Consolidado
correocolegiocarmenmora@hotmail.com,hotmail.com,Educación / Colegio / Escuela (AMIE),Consolidado
cram1021208@ute.edu.ec,ute.edu.ec,Educación / Colegio / Escuela (AMIE),Consolidado
cramos@uteg.edu.ec,uteg.edu.ec,Educación / Colegio / Escuela (AMIE),Consolidado
cristina.merchan@educacion.gob.ec,educacion.gob.ec,Educación / Colegio / Escuela (AMIE),Consolidado
cruz.garcia@educacion.gob.ec,educacion.gob.ec,Educación / Colegio / Escuela (AMIE),Consolidado
csosa@puce.edu.ec,puce.edu.ec,Educación / Colegio / Escuela (AMIE),Consolidado
ctt@espol.edu.ec,espol.edu.ec,Educación / Colegio / Escuela (AMIE),Consolidado
cucaescuela2012@hotmail.com,hotmail.com,Educación / Colegio / Escuela (AMIE),Consolidado
cuencaescuela@gmail.com,gmail.com,Educación / Colegio / Escuela (AMIE),Consolidado
cvera@jefferson.edu.ec,jefferson.edu.ec,Educación / Colegio / Escuela (AMIE),Consolidado
cvinculacion@espoch.edu.ec,espoch.edu.ec,Educación / Colegio / Escuela (AMIE),Consolidado
cvinueza@interamericano.edu.ec,interamericano.edu.ec,Educación / Colegio / Escuela (AMIE),Consolidado
cwgranda@utpl.edu.ec,utpl.edu.ec,Educación / Colegio / Escuela (AMIE),Consolidado
dalinda.mero@dsavio.edu.ec,dsavio.edu.ec,Educación / Colegio / Escuela (AMIE),Consolidado
daniel.mite@educacion.gob.ec,educacion.gob.ec,Educación / Colegio / Escuela (AMIE),Consolidado
daniela.cevallos@educacion.gob.ec,educacion.gob.ec,Educación / Colegio / Escuela (AMIE),Consolidado
daniela_delpozo@ang.edu.ec,ang.edu.ec,Educación / Colegio / Escuela (AMIE),Consolidado
danilo.gomez@educacion.gob.ec,educacion.gob.ec,Educación / Colegio / Escuela (AMIE),Consolidado
darwin_mejillon@ang.edu.ec,ang.edu.ec,Educación / Colegio / Escuela (AMIE),Consolidado
david.flores@cordillera.edu.ec,cordillera.edu.ec,Educación / Colegio / Escuela (AMIE),Consolidado
dcanarte@ecotec.edu.ec,ecotec.edu.ec,Educación / Colegio / Escuela (AMIE),Consolidado
dcc@uce.edu.ec,uce.edu.ec,Educación / Colegio / Escuela (AMIE),Consolidado
dchiriboga@cenecuador.edu.ec,cenecuador.edu.ec,Educación / Colegio / Escuela (AMIE),Consolidado
ddominguez@laescueladeloschefs.edu.ec,laescueladeloschefs.edu.ec,Educación / Colegio / Escuela (AMIE),Consolidado
decanato.fcm@uce.edu.ec,uce.edu.ec,Educación / Colegio / Escuela (AMIE),Consolidado
deliae.romero@educacion.gob.ec,educacion.gob.ec,Educación / Colegio / Escuela (AMIE),Consolidado
deysi.lesano@educacion.gob.ec,educacion.gob.ec,Educación / Colegio / Escuela (AMIE),Consolidado
digna.espana@educacion.gob.ec,educacion.gob.ec,Educación / Colegio / Escuela (AMIE),Consolidado
diluz.quintero@educacion.gob.ec,educacion.gob.ec,Educación / Colegio / Escuela (AMIE),Consolidado
diosas.escuelademisses@gmail.com,gmail.com,Educación / Colegio / Escuela (AMIE),Consolidado
direccion@alejandrodumas.edu.ec,alejandrodumas.edu.ec,Educación / Colegio / Escuela (AMIE),Consolidado
direccion@colegiohenrydunant.edu.ec,colegiohenrydunant.edu.ec,Educación / Colegio / Escuela (AMIE),Consolidado
direccion@jmriera.edu.ec,jmriera.edu.ec,Educación / Colegio / Escuela (AMIE),Consolidado
direccion@juanbosco.edu.ec,juanbosco.edu.ec,Educación / Colegio / Escuela (AMIE),Consolidado
direccion@lemas.edu.ec,lemas.edu.ec,Educación / Colegio / Escuela (AMIE),Consolidado
direccion@uesantamaria.edu.ec,uesantamaria.edu.ec,Educación / Colegio / Escuela (AMIE),1195 cole gquil.csv
direccion@uevigotsky.edu.ec,uevigotsky.edu.ec,Educación / Colegio / Escuela (AMIE),Consolidado
direccionescuela@starosa.edu.ec,starosa.edu.ec,Educación / Colegio / Escuela (AMIE),1195 cole gquil.csv
direccon@mnastudillo.edu.ec,mnastudillo.edu.ec,Educación / Colegio / Escuela (AMIE),Consolidado
dirgeneral@colegiomenor.edu.ec,colegiomenor.edu.ec,Educación / Colegio / Escuela (AMIE),Consolidado
dirgeneral@itv.edu.ec,itv.edu.ec,Educación / Colegio / Escuela (AMIE),Consolidado
djalvara@espol.edu.ec,espol.edu.ec,Educación / Colegio / Escuela (AMIE),Consolidado
dlandazuri@unidadborja.edu.ec,unidadborja.edu.ec,Educación / Colegio / Escuela (AMIE),Consolidado
dmorales@uees.edu.ec,uees.edu.ec,Educación / Colegio / Escuela (AMIE),Consolidado
doris.proanio@educacion.gob.ec,educacion.gob.ec,Educación / Colegio / Escuela (AMIE),Consolidado
dponce@montepiedra.edu.ec,montepiedra.edu.ec,Educación / Colegio / Escuela (AMIE),Consolidado
dri@epn.edu.ec,epn.edu.ec,Educación / Colegio / Escuela (AMIE),Consolidado
drojas@uazuay.edu.ec,uazuay.edu.ec,Educación / Colegio / Escuela (AMIE),Consolidado
dtapia@espol.edu.ec,espol.edu.ec,Educación / Colegio / Escuela (AMIE),Consolidado
dtrelles@ucacue.edu.ec,ucacue.edu.ec,Educación / Colegio / Escuela (AMIE),Consolidado
dvherrera@utpl.edu.ec,utpl.edu.ec,Educación / Colegio / Escuela (AMIE),Consolidado
dzansi@humane.edu.ec,humane.edu.ec,Educación / Colegio / Escuela (AMIE),Consolidado
ear.rodriguez@yavirac.edu.ec,yavirac.edu.ec,Educación / Colegio / Escuela (AMIE),Consolidado
ebenavidesp@uees.edu.ec,uees.edu.ec,Educación / Colegio / Escuela (AMIE),Consolidado
ecevallos@liceopanamericano.edu.ec,liceopanamericano.edu.ec,Educación / Colegio / Escuela (AMIE),Consolidado
ecuadorescuela@yahoo.com,yahoo.com,Educación / Colegio / Escuela (AMIE),Consolidado
eddy.suarez@educacion.gob.ec,educacion.gob.ec,Educación / Colegio / Escuela (AMIE),Consolidado
edgara.vargas@educacion.gob.ec,educacion.gob.ec,Educación / Colegio / Escuela (AMIE),Consolidado
edgarwchaglla@uta.edu.ec,uta.edu.ec,Educación / Colegio / Escuela (AMIE),Consolidado
edisonmendozaescueladayuma@yahoo.com,yahoo.com,Educación / Colegio / Escuela (AMIE),Consolidado
edith.castellanos@colegiofrances.edu.ec,colegiofrances.edu.ec,Educación / Colegio / Escuela (AMIE),Consolidado
educacion.continua@utc.edu.ec,utc.edu.ec,Educación / Colegio / Escuela (AMIE),Consolidado
educacion_continua@utmachala.edu.ec,utmachala.edu.ec,Educación / Colegio / Escuela (AMIE),Consolidado
educacioncontinua@aitec.edu.ec,aitec.edu.ec,Educación / Colegio / Escuela (AMIE),Consolidado
educamundo.info@ueem.edu.ec,ueem.edu.ec,Educación / Colegio / Escuela (AMIE),MR COLEGIOS 2017.csv
eescuelaambrosiocevallos@hotmail.com,hotmail.com,Educación / Colegio / Escuela (AMIE),Consolidado
eeuuescuela@gmail.com,gmail.com,Educación / Colegio / Escuela (AMIE),Consolidado
efrain.murillo@educacion.gob.ec,educacion.gob.ec,Educación / Colegio / Escuela (AMIE),Consolidado
efren.moran@educacion.gob.ec,educacion.gob.ec,Educación / Colegio / Escuela (AMIE),Consolidado
egherrera@uce.edu.ec,uce.edu.ec,Educación / Colegio / Escuela (AMIE),Consolidado
egna.castro@educacion.gob.ec,educacion.gob.ec,Educación / Colegio / Escuela (AMIE),Consolidado
egraciani@mariscalsucre.edu.ec,mariscalsucre.edu.ec,Educación / Colegio / Escuela (AMIE),Consolidado
elangelcolegio@yahoo.es,yahoo.es,Educación / Colegio / Escuela (AMIE),Consolidado
elcebollar@lasalle.edu.ec,lasalle.edu.ec,Educación / Colegio / Escuela (AMIE),Consolidado
elena.berrazueta@educacion.gob.ec,educacion.gob.ec,Educación / Colegio / Escuela (AMIE),Consolidado
elina.holguin@educacion.gob.ec,educacion.gob.ec,Educación / Colegio / Escuela (AMIE),Consolidado
elizabethr.vasquez@educacion.gob.ec,educacion.gob.ec,Educación / Colegio / Escuela (AMIE),Consolidado
elmer.reyes@educacion.gob.ec,educacion.gob.ec,Educación / Colegio / Escuela (AMIE),Consolidado
elprado@colegioelprado.edu.ec,colegioelprado.edu.ec,Educación / Colegio / Escuela (AMIE),Consolidado
elrodeoescuela@yahoo.com,yahoo.com,Educación / Colegio / Escuela (AMIE),Consolidado
elvia.andi@educacion.gob.ec,educacion.gob.ec,Educación / Colegio / Escuela (AMIE),Consolidado
elvia.ochoa@educacion.gob.ec,educacion.gob.ec,Educación / Colegio / Escuela (AMIE),Consolidado
elvin.cruz@educacion.gob.ec,educacion.gob.ec,Educación / Colegio / Escuela (AMIE),Consolidado
emelgar@bolivariano.edu.ec,bolivariano.edu.ec,Educación / Colegio / Escuela (AMIE),8222 PYMES.csv
emilia.villarroel@educacion.gob.ec,educacion.gob.ec,Educación / Colegio / Escuela (AMIE),Consolidado
emiliocolegio@hotmail.com,hotmail.com,Educación / Colegio / Escuela (AMIE),Consolidado
emoreano@anai.edu.ec,anai.edu.ec,Educación / Colegio / Escuela (AMIE),Consolidado
emprendedores@cu.ucsg.edu.ec,cu.ucsg.edu.ec,Educación / Colegio / Escuela (AMIE),Consolidado
emuti@educacion.gob.ec,educacion.gob.ec,Educación / Colegio / Escuela (AMIE),Consolidado
ena.gomero@educacion.gob.ec,educacion.gob.ec,Educación / Colegio / Escuela (AMIE),Consolidado
encarnacion.ramirez@educacion.gob.ec,educacion.gob.ec,Educación / Colegio / Escuela (AMIE),Consolidado
enis.tenelema@educacion.gob.ec,educacion.gob.ec,Educación / Colegio / Escuela (AMIE),Consolidado
enix.ramon@educacion.gob.ec,educacion.gob.ec,Educación / Colegio / Escuela (AMIE),Consolidado
enlinea@solcom.edu.ec,solcom.edu.ec,Educación / Colegio / Escuela (AMIE),Consolidado
enma.ordonez@educacion.gob.ec,educacion.gob.ec,Educación / Colegio / Escuela (AMIE),Consolidado
enny.cabrera@educacion.gob.ec,educacion.gob.ec,Educación / Colegio / Escuela (AMIE),Consolidado
enrique.delgado@uemt.edu.ec,uemt.edu.ec,Educación / Colegio / Escuela (AMIE),Consolidado
epifania.bravo@educacion.gob.ec,educacion.gob.ec,Educación / Colegio / Escuela (AMIE),Consolidado
eposso@gasset.edu.ec,gasset.edu.ec,Educación / Colegio / Escuela (AMIE),Consolidado
equishpe@espol.edu.ec,espol.edu.ec,Educación / Colegio / Escuela (AMIE),Consolidado
eramirez@ecomundobabahoyo.edu.ec,ecomundobabahoyo.edu.ec,Educación / Colegio / Escuela (AMIE),Consolidado
eramirez@funder.edu.ec,funder.edu.ec,Educación / Colegio / Escuela (AMIE),Consolidado
ercarden@espol.edu.ec,espol.edu.ec,Educación / Colegio / Escuela (AMIE),Consolidado
erica.albuja@educacion.gob.ec,educacion.gob.ec,Educación / Colegio / Escuela (AMIE),Consolidado
erika.chavez@educacion.gob.ec,educacion.gob.ec,Educación / Colegio / Escuela (AMIE),Consolidado
ernestina.reyes@educacion.gob.ec,educacion.gob.ec,Educación / Colegio / Escuela (AMIE),Consolidado
esanchez@anai.edu.ec,anai.edu.ec,Educación / Colegio / Escuela (AMIE),Consolidado
esangolqui@uazuay.edu.ec,uazuay.edu.ec,Educación / Colegio / Escuela (AMIE),Consolidado
escuela-24deoctubre@hotmail.com,hotmail.com,Educación / Colegio / Escuela (AMIE),Consolidado
escuela-29dejunio@hotmail.com,hotmail.com,Educación / Colegio / Escuela (AMIE),Consolidado
escuela-altagracia@hotmail.com,hotmail.com,Educación / Colegio / Escuela (AMIE),Consolidado
escuela-arcadio@hotmail.com,hotmail.com,Educación / Colegio / Escuela (AMIE),Consolidado
escuela-armadanacional@hotmail.com,hotmail.com,Educación / Colegio / Escuela (AMIE),Consolidado
escuela-bolivariana20052011@hotmail.com,hotmail.com,Educación / Colegio / Escuela (AMIE),Consolidado
escuela-ejercitodesalvacion@live.com,live.com,Educación / Colegio / Escuela (AMIE),Consolidado
escuela-flanagan@hotmail.com,hotmail.com,Educación / Colegio / Escuela (AMIE),Consolidado
escuela-guadalupe2011@hotmail.com,hotmail.com,Educación / Colegio / Escuela (AMIE),Consolidado
escuela-juanjosecastilloceli@hotmail.com,hotmail.com,Educación / Colegio / Escuela (AMIE),Consolidado
escuela-lavoisier@hotmail.com,hotmail.com,Educación / Colegio / Escuela (AMIE),Consolidado
escuela-leandromerareyna@hotmail.com,hotmail.com,Educación / Colegio / Escuela (AMIE),Consolidado
escuela-lorenzo-luzuriaga@hotmail.com,hotmail.com,Educación / Colegio / Escuela (AMIE),Consolidado
escuela-marina-gallardo@hotmail.com,hotmail.com,Educación / Colegio / Escuela (AMIE),Consolidado
escuela-mariscal-sucre@hotmail.com,hotmail.com,Educación / Colegio / Escuela (AMIE),Consolidado
escuela-medv@hotmail.com,hotmail.com,Educación / Colegio / Escuela (AMIE),Consolidado
escuela-pablopalacios@hotmail.com,hotmail.com,Educación / Colegio / Escuela (AMIE),Consolidado
escuela-pjuandevelasco@hotmail.com,hotmail.com,Educación / Colegio / Escuela (AMIE),Consolidado
escuela-rubendario1972@hotmail.com,hotmail.com,Educación / Colegio / Escuela (AMIE),Consolidado
escuela-sanjose2010@hotmail.com,hotmail.com,Educación / Colegio / Escuela (AMIE),Consolidado
escuela-sanjuan@hotmail.com,hotmail.com,Educación / Colegio / Escuela (AMIE),Consolidado
escuela.13demayo@hotmail.com,hotmail.com,Educación / Colegio / Escuela (AMIE),Consolidado
escuela.1995@hotmail.com,hotmail.com,Educación / Colegio / Escuela (AMIE),Consolidado
escuela.27defebrero@hotmail.com,hotmail.com,Educación / Colegio / Escuela (AMIE),Consolidado
escuela.5dejunio@hotmail.com,hotmail.com,Educación / Colegio / Escuela (AMIE),Consolidado
escuela.9dejulio@yahoo.es,yahoo.es,Educación / Colegio / Escuela (AMIE),Consolidado
escuela.abdoncalderon@hotmail.com,hotmail.com,Educación / Colegio / Escuela (AMIE),Consolidado
escuela.alfaro@hotmail.com,hotmail.com,Educación / Colegio / Escuela (AMIE),Consolidado
escuela.andoas@yahoo.es,yahoo.es,Educación / Colegio / Escuela (AMIE),Consolidado
escuela.antonioparra@hotmail.com,hotmail.com,Educación / Colegio / Escuela (AMIE),Consolidado
escuela.antonioricaurte@hotmail.com,hotmail.com,Educación / Colegio / Escuela (AMIE),Consolidado
escuela.auroraestrada@gmail.com,gmail.com,Educación / Colegio / Escuela (AMIE),Consolidado
escuela.caminemos.juntos@gmail.com,gmail.com,Educación / Colegio / Escuela (AMIE),Consolidado
escuela.carchi163babalosrios@hotmail.com,hotmail.com,Educación / Colegio / Escuela (AMIE),Consolidado
escuela.carlos.finlay@hotmail.com,hotmail.com,Educación / Colegio / Escuela (AMIE),Consolidado
escuela.catamayo@yahoo.es,yahoo.es,Educación / Colegio / Escuela (AMIE),Consolidado
escuela.charlesdarwin@yahoo.es,yahoo.es,Educación / Colegio / Escuela (AMIE),Consolidado
escuela.edumachala@gmail.com,gmail.com,Educación / Colegio / Escuela (AMIE),Consolidado
escuela.egb.antonioante@hotmail.com,hotmail.com,Educación / Colegio / Escuela (AMIE),Consolidado
escuela.ejercitoecuatoriano@yahoo.com,yahoo.com,Educación / Colegio / Escuela (AMIE),Consolidado
escuela.espejo.esc@hotmail.com,hotmail.com,Educación / Colegio / Escuela (AMIE),Consolidado
escuela.esperanzaurueta_297@hotmail.com,hotmail.com,Educación / Colegio / Escuela (AMIE),Consolidado
escuela.eugenioespejo@hotmail.com,hotmail.com,Educación / Colegio / Escuela (AMIE),Consolidado
escuela.franciscopizarro@gmail.com,gmail.com,Educación / Colegio / Escuela (AMIE),Consolidado
escuela.gabriel.inocente.b.m@gmail.com,gmail.com,Educación / Colegio / Escuela (AMIE),Consolidado
escuela.gabrielamistral@educacionadventista.ec,educacionadventista.ec,Educación / Colegio / Escuela (AMIE),Consolidado
escuela.gonzalo@yahoo.es,yahoo.es,Educación / Colegio / Escuela (AMIE),Consolidado
escuela.guidogarayvm@hotmail.com,hotmail.com,Educación / Colegio / Escuela (AMIE),Consolidado
escuela.jmmatovelle@yahoo.com,yahoo.com,Educación / Colegio / Escuela (AMIE),Consolidado
escuela.jose.pelaez@gmail.com,gmail.com,Educación / Colegio / Escuela (AMIE),Consolidado
escuela.juanmontalvo@live.com,live.com,Educación / Colegio / Escuela (AMIE),Consolidado
escuela.lazoilita@gmail.com,gmail.com,Educación / Colegio / Escuela (AMIE),Consolidado
escuela.leonidas.garcia@hotmail.com,hotmail.com,Educación / Colegio / Escuela (AMIE),Consolidado
escuela.lojacentineladelsur@gmail.com,gmail.com,Educación / Colegio / Escuela (AMIE),Consolidado
escuela.manuelcoello1996@yahoo.es,yahoo.es,Educación / Colegio / Escuela (AMIE),Consolidado
escuela.mariano.aguilera@hotmail.com,hotmail.com,Educación / Colegio / Escuela (AMIE),Consolidado
escuela.misiondeloslirios@gmail.com,gmail.com,Educación / Colegio / Escuela (AMIE),1195 cole gquil.csv
escuela.npv@hotmail.com,hotmail.com,Educación / Colegio / Escuela (AMIE),Consolidado
escuela.nuevavida@yahoo.com,yahoo.com,Educación / Colegio / Escuela (AMIE),Consolidado
escuela.nuevomundo@hotmail.com,hotmail.com,Educación / Colegio / Escuela (AMIE),Consolidado
escuela.numapompiliollona@yahoo.es,yahoo.es,Educación / Colegio / Escuela (AMIE),Consolidado
escuela.oea18@yahoo.es,yahoo.es,Educación / Colegio / Escuela (AMIE),Consolidado
escuela.olimpocardenas@hotmail.es,hotmail.es,Educación / Colegio / Escuela (AMIE),Consolidado
escuela.patate@yahoo.es,yahoo.es,Educación / Colegio / Escuela (AMIE),Consolidado
escuela.pvm.9@gmail.com,gmail.com,Educación / Colegio / Escuela (AMIE),2324 cole nuev.csv
escuela.regioninsular@hotmail.com,hotmail.com,Educación / Colegio / Escuela (AMIE),Consolidado
escuela.republica.de.peru@hotmail.com,hotmail.com,Educación / Colegio / Escuela (AMIE),2324 cole nuev.csv
escuela.s.p.b.b@gmail.com,gmail.com,Educación / Colegio / Escuela (AMIE),Consolidado
escuela.san.antonio@hotmail.com,hotmail.com,Educación / Colegio / Escuela (AMIE),Consolidado
escuela.sandalo@gmail.com,gmail.com,Educación / Colegio / Escuela (AMIE),MR COLEGIOS 2017.csv
escuela.santmari@hotmail.com,hotmail.com,Educación / Colegio / Escuela (AMIE),Consolidado
escuela.tiwintza@hotmail.com,hotmail.com,Educación / Colegio / Escuela (AMIE),Consolidado
escuela.tiwintza@yahoo.com,yahoo.com,Educación / Colegio / Escuela (AMIE),Consolidado
escuela10_deagosto@hotmail.com,hotmail.com,Educación / Colegio / Escuela (AMIE),Consolidado
escuela10deagosto@outlook.cl,outlook.cl,Educación / Colegio / Escuela (AMIE),Consolidado
escuela10denero@yahoo.es,yahoo.es,Educación / Colegio / Escuela (AMIE),Consolidado
escuela129fae@hotmail.com,hotmail.com,Educación / Colegio / Escuela (AMIE),Consolidado
escuela12defebrero2012@hotmail.com,hotmail.com,Educación / Colegio / Escuela (AMIE),Consolidado
escuela12dejulio@yahoo.es,yahoo.es,Educación / Colegio / Escuela (AMIE),Consolidado
escuela12dejuniogerinomalto@hotmail.com,hotmail.com,Educación / Colegio / Escuela (AMIE),Consolidado
escuela12demayo@hotmail.com,hotmail.com,Educación / Colegio / Escuela (AMIE),Consolidado
escuela12deoctubre@live.com,live.com,Educación / Colegio / Escuela (AMIE),Consolidado
escuela12deotubre@yahoo.com,yahoo.com,Educación / Colegio / Escuela (AMIE),Consolidado
escuela1366_renatobasso@hotmail.com,hotmail.com,Educación / Colegio / Escuela (AMIE),Consolidado
escuela13dediciembre@gmail.com,gmail.com,Educación / Colegio / Escuela (AMIE),Consolidado
escuela13demayo@yahoo.com,yahoo.com,Educación / Colegio / Escuela (AMIE),Consolidado
escuela13noviembre@outlook.es,outlook.es,Educación / Colegio / Escuela (AMIE),Consolidado
escuela15deabril@gmail.com,gmail.com,Educación / Colegio / Escuela (AMIE),Consolidado
escuela15demarzo@hotmail.com,hotmail.com,Educación / Colegio / Escuela (AMIE),Consolidado
escuela15demarzo@live.com,live.com,Educación / Colegio / Escuela (AMIE),Consolidado
escuela15denoviembre@hotmail.com,hotmail.com,Educación / Colegio / Escuela (AMIE),Consolidado
escuela15deoctubre@gmail.com,gmail.com,Educación / Colegio / Escuela (AMIE),Consolidado
escuela15deoctubre@hotmail.com,hotmail.com,Educación / Colegio / Escuela (AMIE),Consolidado
escuela15des@hotmai.com,hotmai.com,Educación / Colegio / Escuela (AMIE),Consolidado
escuela16dediciembre@hotmail.com,hotmail.com,Educación / Colegio / Escuela (AMIE),Consolidado
escuela16deoctubre@hotmail.com,hotmail.com,Educación / Colegio / Escuela (AMIE),Consolidado
escuela16nov@gmail.com,gmail.com,Educación / Colegio / Escuela (AMIE),Consolidado
escuela17deabril@hotmail.com,hotmail.com,Educación / Colegio / Escuela (AMIE),Consolidado
escuela17dedicembre@gmail.com,gmail.com,Educación / Colegio / Escuela (AMIE),Consolidado
escuela17mayo@gmail.com,gmail.com,Educación / Colegio / Escuela (AMIE),Consolidado
escuela17septiembre@hotmail.com,hotmail.com,Educación / Colegio / Escuela (AMIE),Consolidado
escuela18dejunio@hotmail.com,hotmail.com,Educación / Colegio / Escuela (AMIE),Consolidado
escuela18deoctubre2012@hotmail.com,hotmail.com,Educación / Colegio / Escuela (AMIE),Consolidado
escuela1erodejunio1950@gmail.com,gmail.com,Educación / Colegio / Escuela (AMIE),Consolidado
escuela1junio1980@outlook.es,outlook.es,Educación / Colegio / Escuela (AMIE),Consolidado
escuela1junio@gmail.com,gmail.com,Educación / Colegio / Escuela (AMIE),Consolidado
escuela1noviembre@hotmail.com,hotmail.com,Educación / Colegio / Escuela (AMIE),Consolidado
escuela20deenero@hotmail.com,hotmail.com,Educación / Colegio / Escuela (AMIE),Consolidado
escuela20defebrero@hotmail.com,hotmail.com,Educación / Colegio / Escuela (AMIE),Consolidado
escuela21deabril@hotmail.com,hotmail.com,Educación / Colegio / Escuela (AMIE),Consolidado
escuela21defebrero@hotmail.com,hotmail.com,Educación / Colegio / Escuela (AMIE),Consolidado
escuela21dejunio1969@hotmail.com,hotmail.com,Educación / Colegio / Escuela (AMIE),Consolidado
escuela22dediciembre-22@outlook.com,outlook.com,Educación / Colegio / Escuela (AMIE),Consolidado
escuela22dediciembre@hotmail.es,hotmail.es,Educación / Colegio / Escuela (AMIE),Consolidado
escuela22deseptiembre@hotmail.com,hotmail.com,Educación / Colegio / Escuela (AMIE),Consolidado
escuela23demayo@hotmail.com,hotmail.com,Educación / Colegio / Escuela (AMIE),Consolidado
escuela24demarzo@hotmail.com,hotmail.com,Educación / Colegio / Escuela (AMIE),Consolidado
escuela24demayo14@gmail.com,gmail.com,Educación / Colegio / Escuela (AMIE),Consolidado
escuela24demayo@hotmail.com,hotmail.com,Educación / Colegio / Escuela (AMIE),Consolidado
escuela24demayo@outlook.com,outlook.com,Educación / Colegio / Escuela (AMIE),Consolidado
escuela24demayo_90@hotmail.com,hotmail.com,Educación / Colegio / Escuela (AMIE),Consolidado
escuela24demayo_n2@outlook.com,outlook.com,Educación / Colegio / Escuela (AMIE),Consolidado
escuela24jsimon@hotmail.com,hotmail.com,Educación / Colegio / Escuela (AMIE),Consolidado
escuela24julio@gmail.com,gmail.com,Educación / Colegio / Escuela (AMIE),Consolidado
escuela24julio@hotmail.com,hotmail.com,Educación / Colegio / Escuela (AMIE),Consolidado
escuela24mayo_1944@hotmail.com,hotmail.com,Educación / Colegio / Escuela (AMIE),Consolidado
escuela25deagosto_@hotmail.com,hotmail.com,Educación / Colegio / Escuela (AMIE),Consolidado
escuela25dejulio@hotmail.es,hotmail.es,Educación / Colegio / Escuela (AMIE),Consolidado
escuela25dejunio@hotmail.com,hotmail.com,Educación / Colegio / Escuela (AMIE),Consolidado
escuela25deseptiembre@hotmail.com,hotmail.com,Educación / Colegio / Escuela (AMIE),Consolidado
escuela25diciembre@hotmail.com,hotmail.com,Educación / Colegio / Escuela (AMIE),Consolidado
escuela25noviembre@gmail.com,gmail.com,Educación / Colegio / Escuela (AMIE),1195 cole gquil.csv
escuela25septiembre@hotmail.com,hotmail.com,Educación / Colegio / Escuela (AMIE),Consolidado
escuela26deagosto@gmail.com,gmail.com,Educación / Colegio / Escuela (AMIE),1195 cole gquil.csv
escuela26defebrero@hotmail.es,hotmail.es,Educación / Colegio / Escuela (AMIE),Consolidado
escuela26deoctubre@gmail.com,gmail.com,Educación / Colegio / Escuela (AMIE),Consolidado
escuela27deabril@yahoo.es,yahoo.es,Educación / Colegio / Escuela (AMIE),Consolidado
escuela27dediciembre@hotmail.com,hotmail.com,Educación / Colegio / Escuela (AMIE),Consolidado
escuela27demayo@gmail.com,gmail.com,Educación / Colegio / Escuela (AMIE),Consolidado
escuela27deoctubre@hotmail.es,hotmail.es,Educación / Colegio / Escuela (AMIE),Consolidado
escuela27dfebrero@hotmail.com,hotmail.com,Educación / Colegio / Escuela (AMIE),Consolidado
escuela28deenero@yahoo.es,yahoo.es,Educación / Colegio / Escuela (AMIE),Consolidado
escuela28demayo.rosa@hotmail.com,hotmail.com,Educación / Colegio / Escuela (AMIE),Consolidado
escuela28demayo@hotmail.com,hotmail.com,Educación / Colegio / Escuela (AMIE),Consolidado
escuela28deseptiembre@hotmail.com,hotmail.com,Educación / Colegio / Escuela (AMIE),Consolidado
escuela28octubre@hotmail.com,hotmail.com,Educación / Colegio / Escuela (AMIE),Consolidado
escuela29deagosto@hotmail.com,hotmail.com,Educación / Colegio / Escuela (AMIE),Consolidado
escuela2deagosto1908@hotmail.com,hotmail.com,Educación / Colegio / Escuela (AMIE),Consolidado
escuela2deagosto@hotmail.es,hotmail.es,Educación / Colegio / Escuela (AMIE),Consolidado
escuela2deagostoalamor@yahoo.es,yahoo.es,Educación / Colegio / Escuela (AMIE),Consolidado
escuela2demayo@hotmail.com,hotmail.com,Educación / Colegio / Escuela (AMIE),Consolidado
escuela2eduviges@hotmail.com,hotmail.com,Educación / Colegio / Escuela (AMIE),Consolidado
escuela2gabriela@hotmail.com,hotmail.com,Educación / Colegio / Escuela (AMIE),Consolidado
escuela30dejulio@hotmail.es,hotmail.es,Educación / Colegio / Escuela (AMIE),Consolidado
escuela30denero@hotmail.com,hotmail.com,Educación / Colegio / Escuela (AMIE),Consolidado
escuela31demarzo@hotmail.com,hotmail.com,Educación / Colegio / Escuela (AMIE),Consolidado
escuela31deoctubre@yahoo.es,yahoo.es,Educación / Colegio / Escuela (AMIE),Consolidado
escuela3dejulio@hotmail.com,hotmail.com,Educación / Colegio / Escuela (AMIE),Consolidado
escuela3demayo@hotmail.com,hotmail.com,Educación / Colegio / Escuela (AMIE),Consolidado
escuela3eliasyunez@hotmail.com,hotmail.com,Educación / Colegio / Escuela (AMIE),Consolidado
escuela4agosto@hotmail.com,hotmail.com,Educación / Colegio / Escuela (AMIE),Consolidado
escuela4dejulio@hotmail.com,hotmail.com,Educación / Colegio / Escuela (AMIE),Consolidado
escuela4dejunio@hotmail.com,hotmail.com,Educación / Colegio / Escuela (AMIE),Consolidado
escuela4denoviembre@hotmail.com,hotmail.com,Educación / Colegio / Escuela (AMIE),Consolidado
escuela5dejunio09h05170@gmail.com,gmail.com,Educación / Colegio / Escuela (AMIE),Consolidado
escuela5sol@hotmail.com,hotmail.com,Educación / Colegio / Escuela (AMIE),Consolidado
escuela6_enero@outlook.com,outlook.com,Educación / Colegio / Escuela (AMIE),Consolidado
escuela6deagosto@hotmail.com,hotmail.com,Educación / Colegio / Escuela (AMIE),Consolidado
escuela6dediciembre@hotmail.com,hotmail.com,Educación / Colegio / Escuela (AMIE),Consolidado
escuela6deoctubre@yahoo.es,yahoo.es,Educación / Colegio / Escuela (AMIE),Consolidado
escuela7deagosto1964@hotmail.com,hotmail.com,Educación / Colegio / Escuela (AMIE),Consolidado
escuela7defebrero_@hotmail.com,hotmail.com,Educación / Colegio / Escuela (AMIE),Consolidado
escuela8demarzo@yahoo.com,yahoo.com,Educación / Colegio / Escuela (AMIE),Consolidado
escuela8deseptiembre@gmail.com,gmail.com,Educación / Colegio / Escuela (AMIE),Consolidado
escuela8deseptiembre@outlook.com,outlook.com,Educación / Colegio / Escuela (AMIE),Consolidado
escuela8deseptiembre_1950@hotmail.com,hotmail.com,Educación / Colegio / Escuela (AMIE),Consolidado
escuela9octubre@gmail.com,gmail.com,Educación / Colegio / Escuela (AMIE),Consolidado
escuela@ctsdonbosco.edu.ec,ctsdonbosco.edu.ec,Educación / Colegio / Escuela (AMIE),Consolidado
escuela_023@hotmail.com,hotmail.com,Educación / Colegio / Escuela (AMIE),2324 cole nuev.csv
escuela_10deagosto@live.com,live.com,Educación / Colegio / Escuela (AMIE),Consolidado
escuela_12_de_marzo@hotmail.com,hotmail.com,Educación / Colegio / Escuela (AMIE),Consolidado
escuela_12defebrero@hotmail.com,hotmail.com,Educación / Colegio / Escuela (AMIE),Consolidado
escuela_21denoviembre@hotmail.com,hotmail.com,Educación / Colegio / Escuela (AMIE),Consolidado
escuela_24demayo@hotmail.es,hotmail.es,Educación / Colegio / Escuela (AMIE),Consolidado
escuela_25dejulio@hotmail.com,hotmail.com,Educación / Colegio / Escuela (AMIE),Consolidado
escuela_26_de_septiembre@hotmail.com,hotmail.com,Educación / Colegio / Escuela (AMIE),Consolidado
escuela_4nov@hotmail.com,hotmail.com,Educación / Colegio / Escuela (AMIE),Consolidado
escuela_4octubre@outlook.es,outlook.es,Educación / Colegio / Escuela (AMIE),Consolidado
escuela_alberto_torres@outlook.es,outlook.es,Educación / Colegio / Escuela (AMIE),Consolidado
escuela_alfonso_carmona@hotmail.es,hotmail.es,Educación / Colegio / Escuela (AMIE),Consolidado
escuela_alfonsotoledo@hotmail.com,hotmail.com,Educación / Colegio / Escuela (AMIE),Consolidado
escuela_alvaroperez@hotmail.com,hotmail.com,Educación / Colegio / Escuela (AMIE),Consolidado
escuela_amazonas1@yahoo.com,yahoo.com,Educación / Colegio / Escuela (AMIE),Consolidado
escuela_ar@hotmail.com,hotmail.com,Educación / Colegio / Escuela (AMIE),Consolidado
escuela_atahualpa_sj@hotmail.com,hotmail.com,Educación / Colegio / Escuela (AMIE),Consolidado
escuela_ayupangue@hotmail.com,hotmail.com,Educación / Colegio / Escuela (AMIE),Consolidado
escuela_basica_marcel_laniado_wind@hotmail.com,hotmail.com,Educación / Colegio / Escuela (AMIE),Consolidado
escuela_bellavista@hotmail.com,hotmail.com,Educación / Colegio / Escuela (AMIE),Consolidado
escuela_buenosaires@hotmail.com,hotmail.com,Educación / Colegio / Escuela (AMIE),Consolidado
escuela_california@hotmail.com,hotmail.com,Educación / Colegio / Escuela (AMIE),Consolidado
escuela_capitan_julian_quito@hotmail.com,hotmail.com,Educación / Colegio / Escuela (AMIE),Consolidado
escuela_caracas@yahoo.es,yahoo.es,Educación / Colegio / Escuela (AMIE),Consolidado
escuela_castillo@hotmail.com,hotmail.com,Educación / Colegio / Escuela (AMIE),Consolidado
escuela_chimborazo@hotmail.com,hotmail.com,Educación / Colegio / Escuela (AMIE),Consolidado
escuela_ciudadderoma@hotmail.com,hotmail.com,Educación / Colegio / Escuela (AMIE),Consolidado
escuela_coa@hotmail.com,hotmail.com,Educación / Colegio / Escuela (AMIE),Consolidado
escuela_colombia@hotmail.es,hotmail.es,Educación / Colegio / Escuela (AMIE),Consolidado
escuela_colon_manabi@hotmail.com,hotmail.com,Educación / Colegio / Escuela (AMIE),Consolidado
escuela_corazon_de_angel@hotmail.com,hotmail.com,Educación / Colegio / Escuela (AMIE),Consolidado
escuela_dranibalsanandres@outlook.es,outlook.es,Educación / Colegio / Escuela (AMIE),Consolidado
escuela_drluiscorderocrespo@hotmail.com,hotmail.com,Educación / Colegio / Escuela (AMIE),1195 cole gquil.csv
escuela_ecj@hotmail.com,hotmail.com,Educación / Colegio / Escuela (AMIE),Consolidado
escuela_ecuador723@hotmail.com,hotmail.com,Educación / Colegio / Escuela (AMIE),Consolidado
escuela_eldorado@yahoo.es,yahoo.es,Educación / Colegio / Escuela (AMIE),Consolidado
escuela_esmeraldas@hotmail.com,hotmail.com,Educación / Colegio / Escuela (AMIE),Consolidado
escuela_estadosunidos@hotmail.com,hotmail.com,Educación / Colegio / Escuela (AMIE),Consolidado
escuela_fabianaguilar99@yahoo.es,yahoo.es,Educación / Colegio / Escuela (AMIE),Consolidado
escuela_fernandodearagon@hotmail.com,hotmail.com,Educación / Colegio / Escuela (AMIE),Consolidado
escuela_fidel_emilio@hotmail.com,hotmail.com,Educación / Colegio / Escuela (AMIE),Consolidado
escuela_fiscal_tiwintza@hotmail.com,hotmail.com,Educación / Colegio / Escuela (AMIE),Consolidado
escuela_fortunatolopez@hotmail.com,hotmail.com,Educación / Colegio / Escuela (AMIE),Consolidado
escuela_fr@hotmail.com,hotmail.com,Educación / Colegio / Escuela (AMIE),Consolidado
escuela_garciamoreno@hotmail.com,hotmail.com,Educación / Colegio / Escuela (AMIE),MR COLEGIOS 2017.csv
escuela_genesis7@hotmail.com,hotmail.com,Educación / Colegio / Escuela (AMIE),Consolidado
escuela_guachapeli@hotmail.com,hotmail.com,Educación / Colegio / Escuela (AMIE),Consolidado
escuela_guayaquil2013@yahoo.es,yahoo.es,Educación / Colegio / Escuela (AMIE),Consolidado
escuela_helencosmetic@hotmail.com,hotmail.com,Educación / Colegio / Escuela (AMIE),1195 cole gquil.csv
escuela_himmelmann@hotmail.com,hotmail.com,Educación / Colegio / Escuela (AMIE),Consolidado
escuela_humboldt@hotmail.com,hotmail.com,Educación / Colegio / Escuela (AMIE),Consolidado
escuela_independencia2000@hotmail.com,hotmail.com,Educación / Colegio / Escuela (AMIE),Consolidado
escuela_jaimenogalestorres@hotmail.com,hotmail.com,Educación / Colegio / Escuela (AMIE),Consolidado
escuela_johnfkennedy@hotmail.com,hotmail.com,Educación / Colegio / Escuela (AMIE),Consolidado
escuela_joseamadeojacome@yahoo.com,yahoo.com,Educación / Colegio / Escuela (AMIE),Consolidado
escuela_joseenriquerodo.leitillo@hotamil.com,hotamil.com,Educación / Colegio / Escuela (AMIE),Consolidado
escuela_joseph_juez_diaz@hotmail.com,hotmail.com,Educación / Colegio / Escuela (AMIE),Consolidado
escuela_juanlavalle@hotmail.es,hotmail.es,Educación / Colegio / Escuela (AMIE),Consolidado
escuela_kennedymacara@hotmail.com,hotmail.com,Educación / Colegio / Escuela (AMIE),Consolidado
escuela_lacolmena@outlook.com,outlook.com,Educación / Colegio / Escuela (AMIE),2324 cole nuev.csv
escuela_loja@yahoo.com,yahoo.com,Educación / Colegio / Escuela (AMIE),Consolidado
escuela_lospuruhaes@yahoo.es,yahoo.es,Educación / Colegio / Escuela (AMIE),Consolidado
escuela_luiscorderocrespo@hotmail.com,hotmail.com,Educación / Colegio / Escuela (AMIE),Consolidado
escuela_luismosquera@yahoo.com.mx,yahoo.com.mx,Educación / Colegio / Escuela (AMIE),2324 cole nuev.csv
escuela_luzdelguayas@hotmail.com,hotmail.com,Educación / Colegio / Escuela (AMIE),Consolidado
escuela_luzdelma@hotmail.es,hotmail.es,Educación / Colegio / Escuela (AMIE),2324 cole nuev.csv
escuela_manuel.a.c.b@hotmail.com,hotmail.com,Educación / Colegio / Escuela (AMIE),Consolidado
escuela_manuel_vega@hotmail.com,hotmail.com,Educación / Colegio / Escuela (AMIE),Consolidado
escuela_marycorile@yahoo.com,yahoo.com,Educación / Colegio / Escuela (AMIE),Consolidado
escuela_municipal1996@hotmail.com,hotmail.com,Educación / Colegio / Escuela (AMIE),Consolidado
escuela_mvc1933@hotmail.com,hotmail.com,Educación / Colegio / Escuela (AMIE),Consolidado
escuela_newton@hotmail.com,hotmail.com,Educación / Colegio / Escuela (AMIE),Consolidado
escuela_nsc_facturacion@hotmail.com,hotmail.com,Educación / Colegio / Escuela (AMIE),Consolidado
escuela_nuevaluz@hotmail.com,hotmail.com,Educación / Colegio / Escuela (AMIE),Consolidado
escuela_nuevasemilla@hotmail.com,hotmail.com,Educación / Colegio / Escuela (AMIE),Consolidado
escuela_nueve_octubre@hotmail.com,hotmail.com,Educación / Colegio / Escuela (AMIE),Consolidado
escuela_oswaldohurtado@hotmail.com,hotmail.com,Educación / Colegio / Escuela (AMIE),Consolidado
escuela_pacificoproano@hotmail.com,hotmail.com,Educación / Colegio / Escuela (AMIE),Consolidado
escuela_pandevida@hotmail.es,hotmail.es,Educación / Colegio / Escuela (AMIE),Consolidado
escuela_panzaleo@hotmail.com,hotmail.com,Educación / Colegio / Escuela (AMIE),Consolidado
escuela_paulovi@hotmail.com,hotmail.com,Educación / Colegio / Escuela (AMIE),Consolidado
escuela_pedernales@hotmail.com,hotmail.com,Educación / Colegio / Escuela (AMIE),Consolidado
escuela_pedromoncayo@hotmail.com,hotmail.com,Educación / Colegio / Escuela (AMIE),Consolidado
escuela_pelaez@yahoo.es,yahoo.es,Educación / Colegio / Escuela (AMIE),Consolidado
escuela_pio12@hotmail.com,hotmail.com,Educación / Colegio / Escuela (AMIE),Consolidado
escuela_primero_de_mayo2011@hotmail.com,hotmail.com,Educación / Colegio / Escuela (AMIE),Consolidado
escuela_quisquis@hotmail.com,hotmail.com,Educación / Colegio / Escuela (AMIE),Consolidado
escuela_quito50@hotmail.com,hotmail.com,Educación / Colegio / Escuela (AMIE),Consolidado
escuela_ramon_agurto@hotmail.com,hotmail.com,Educación / Colegio / Escuela (AMIE),Consolidado
escuela_renuevo@hotmail.es,hotmail.es,Educación / Colegio / Escuela (AMIE),Consolidado
escuela_republica_finlandia@hotmail.com,hotmail.com,Educación / Colegio / Escuela (AMIE),Consolidado
escuela_rioblanco@hotmail.com,hotmail.com,Educación / Colegio / Escuela (AMIE),Consolidado
escuela_salustinovinan@hotmail.com,hotmail.com,Educación / Colegio / Escuela (AMIE),Consolidado
escuela_samuel_alexander@hotmail.com,hotmail.com,Educación / Colegio / Escuela (AMIE),1195 cole gquil.csv
escuela_san_diego@hotmail.com,hotmail.com,Educación / Colegio / Escuela (AMIE),Consolidado
escuela_santa_mariana_de_jesus@yahoo.es,yahoo.es,Educación / Colegio / Escuela (AMIE),Consolidado
escuela_santarita05@yahoo.es,yahoo.es,Educación / Colegio / Escuela (AMIE),Consolidado
escuela_santodomingo@yahoo.es,yahoo.es,Educación / Colegio / Escuela (AMIE),Consolidado
escuela_segundo_llori@hotmail.com,hotmail.com,Educación / Colegio / Escuela (AMIE),Consolidado
escuela_teresaflor@hotmail.com,hotmail.com,Educación / Colegio / Escuela (AMIE),Consolidado
escuela_vencedores@hotmail.com,hotmail.com,Educación / Colegio / Escuela (AMIE),Consolidado
escuela_vicmu2000@outlook.es,outlook.es,Educación / Colegio / Escuela (AMIE),Consolidado
escuela_victoremilioestrada@hotmail.com,hotmail.com,Educación / Colegio / Escuela (AMIE),Consolidado
escuela_vmr66@hotmail.com,hotmail.com,Educación / Colegio / Escuela (AMIE),Consolidado
escuela_zulima_vaca@hotmail.com,hotmail.com,Educación / Colegio / Escuela (AMIE),Consolidado
escuelaabdoncalderonad@hotmail.com,hotmail.com,Educación / Colegio / Escuela (AMIE),Consolidado
escuelaabdoncalderongaraicoa@hotmail.com,hotmail.com,Educación / Colegio / Escuela (AMIE),Consolidado
escuelaabelgilbertponton@hotmail.com,hotmail.com,Educación / Colegio / Escuela (AMIE),Consolidado
escuelaadancastillocanar@hotmail.com,hotmail.com,Educación / Colegio / Escuela (AMIE),Consolidado
escuelaadisroca@hotmail.com,hotmail.com,Educación / Colegio / Escuela (AMIE),Consolidado
escuelaadolfojurado@hotmail.com,hotmail.com,Educación / Colegio / Escuela (AMIE),Consolidado
escuelaaguinaldocastillo@yahoo.com,yahoo.com,Educación / Colegio / Escuela (AMIE),Consolidado
escuelaagustinconstante@gmail.com,gmail.com,Educación / Colegio / Escuela (AMIE),Consolidado
escuelaalbertolopez@gmail.com,gmail.com,Educación / Colegio / Escuela (AMIE),Consolidado
escuelaalbertopanchanapadron@yahoo.es,yahoo.es,Educación / Colegio / Escuela (AMIE),Consolidado
escuelaalbertpanchanapadron@yahoo.es,yahoo.es,Educación / Colegio / Escuela (AMIE),Consolidado
escuelaalbinodelcurto@yahoo.com,yahoo.com,Educación / Colegio / Escuela (AMIE),Consolidado
escuelaalegria@yahoo.com,yahoo.com,Educación / Colegio / Escuela (AMIE),Consolidado
escuelaalejandrobermeo@gmail.com,gmail.com,Educación / Colegio / Escuela (AMIE),Consolidado
escuelaalfayomega169@hotmail.com,hotmail.com,Educación / Colegio / Escuela (AMIE),MR COLEGIOS 2017.csv
escuelaalfonsortroya@hotmail.com,hotmail.com,Educación / Colegio / Escuela (AMIE),Consolidado
escuelaalfredoboadaespin@hotmail.es,hotmail.es,Educación / Colegio / Escuela (AMIE),Consolidado
escuelaalfredoperezguerrero@hotmail.com,hotmail.com,Educación / Colegio / Escuela (AMIE),Consolidado
escuelaalianza@hotmail.com,hotmail.com,Educación / Colegio / Escuela (AMIE),Consolidado
escuelaaliciavivas@hotmail.com,hotmail.com,Educación / Colegio / Escuela (AMIE),Consolidado
escuelaalinacampana@gmail.com,gmail.com,Educación / Colegio / Escuela (AMIE),Consolidado
escuelaaltar@hotmail.com,hotmail.com,Educación / Colegio / Escuela (AMIE),Consolidado
escuelaamadasegarra@hotmail.com,hotmail.com,Educación / Colegio / Escuela (AMIE),Consolidado
escuelaanaguzmangorotiza@outlook.es,outlook.es,Educación / Colegio / Escuela (AMIE),Consolidado
escuelaanalleranotoya@gmail.com,gmail.com,Educación / Colegio / Escuela (AMIE),Consolidado
escuelaaneliceje@hotmail.es,hotmail.es,Educación / Colegio / Escuela (AMIE),Consolidado
escuelaangelalmeida2005@hotmail.com,hotmail.com,Educación / Colegio / Escuela (AMIE),Consolidado
escuelaangeldelaguarda@yahoo.com,yahoo.com,Educación / Colegio / Escuela (AMIE),Consolidado
escuelaangelpolibiocordova@gmail.com,gmail.com,Educación / Colegio / Escuela (AMIE),Consolidado
escuelaangelpoliviochavez@gmail.com,gmail.com,Educación / Colegio / Escuela (AMIE),Consolidado
escuelaanibalsanandres@hotmail.com,hotmail.com,Educación / Colegio / Escuela (AMIE),Consolidado
escuelaannstevens@hotmail.es,hotmail.es,Educación / Colegio / Escuela (AMIE),Consolidado
escuelaantizana14@hotmail.com,hotmail.com,Educación / Colegio / Escuela (AMIE),Consolidado
escuelaantizana@hotmail.com,hotmail.com,Educación / Colegio / Escuela (AMIE),Consolidado
escuelaantoniocabri@hotmail.com,hotmail.com,Educación / Colegio / Escuela (AMIE),Consolidado
escuelaantonioflor@gmail.com,gmail.com,Educación / Colegio / Escuela (AMIE),Consolidado
escuelaantoniofriaschilche@hotmail.con,hotmail.con,Educación / Colegio / Escuela (AMIE),Consolidado
escuelaantonionarino1975@hotmail.com,hotmail.com,Educación / Colegio / Escuela (AMIE),Consolidado
escuelaapariciobravo@hotmail.es,hotmail.es,Educación / Colegio / Escuela (AMIE),Consolidado
escuelaapch@hotmail.es,hotmail.es,Educación / Colegio / Escuela (AMIE),Consolidado
escuelaarlequin@yahoo.com,yahoo.com,Educación / Colegio / Escuela (AMIE),Consolidado
escuelaarturocordovagranda@outlook.es,outlook.es,Educación / Colegio / Escuela (AMIE),Consolidado
escuelaarturoyumbayilijama@yahoo.com,yahoo.com,Educación / Colegio / Escuela (AMIE),Consolidado
escuelaatahualpa_12@hotmail.com,hotmail.com,Educación / Colegio / Escuela (AMIE),Consolidado
escuelaatahualpaperdomofranco@gmail.com,gmail.com,Educación / Colegio / Escuela (AMIE),Consolidado
escuelaatipillahuazo@hotmail.com,hotmail.com,Educación / Colegio / Escuela (AMIE),Consolidado
escuelaatr@hotmail.com,hotmail.com,Educación / Colegio / Escuela (AMIE),Consolidado
escuelaaugustoarias@hotmail.com,hotmail.com,Educación / Colegio / Escuela (AMIE),Consolidado
escuelaaureliosalazar_chone@hotmail.com,hotmail.com,Educación / Colegio / Escuela (AMIE),Consolidado
escuelaavelinosilva@gmail.com,gmail.com,Educación / Colegio / Escuela (AMIE),Consolidado
escuelaazafran@hotmail.com,hotmail.com,Educación / Colegio / Escuela (AMIE),Consolidado
escuelaazriel@yahoo.com,yahoo.com,Educación / Colegio / Escuela (AMIE),Consolidado
escuelaazuay31@hotmail.com,hotmail.com,Educación / Colegio / Escuela (AMIE),Consolidado
escuelabalbinahidalgo@hotmail.com,hotmail.com,Educación / Colegio / Escuela (AMIE),Consolidado
escuelabalsalito@hotmail.com,hotmail.com,Educación / Colegio / Escuela (AMIE),Consolidado
escuelabaltazara2016@gmail.com,gmail.com,Educación / Colegio / Escuela (AMIE),Consolidado
escuelabaquerizo-yaguachi@hotmail.com,hotmail.com,Educación / Colegio / Escuela (AMIE),Consolidado
escuelabas@hotmail.com,hotmail.com,Educación / Colegio / Escuela (AMIE),Consolidado
escuelabasicaalejandroalvear@gmail.com,gmail.com,Educación / Colegio / Escuela (AMIE),Consolidado
escuelabasicalamerced@hotmail.com,hotmail.com,Educación / Colegio / Escuela (AMIE),Consolidado
escuelabasicaltocenepa@hotmail.com,hotmail.com,Educación / Colegio / Escuela (AMIE),Consolidado
escuelabasicapceimariaauxiliadora@hotmail.com,hotmail.com,Educación / Colegio / Escuela (AMIE),Consolidado
escuelabasicapceitarqui@hotmail.com,hotmail.com,Educación / Colegio / Escuela (AMIE),Consolidado
escuelabautista_israel@hotmail.com,hotmail.com,Educación / Colegio / Escuela (AMIE),2324 cole nuev.csv
escuelabdoncalderon@gmail.com,gmail.com,Educación / Colegio / Escuela (AMIE),Consolidado
escuelabdoncalderon@hotmail.com,hotmail.com,Educación / Colegio / Escuela (AMIE),Consolidado
escuelabelgica@yahoo.com,yahoo.com,Educación / Colegio / Escuela (AMIE),Consolidado
escuelabelisariocardenas@hotmail.com,hotmail.com,Educación / Colegio / Escuela (AMIE),Consolidado
escuelabelisariotorres@yahoo.es,yahoo.es,Educación / Colegio / Escuela (AMIE),Consolidado
escuelabellaprimavera@hotmail.com,hotmail.com,Educación / Colegio / Escuela (AMIE),1195 cole gquil.csv
escuelabenignobelisariocabrera@hotmail.com,hotmail.com,Educación / Colegio / Escuela (AMIE),Consolidado
escuelabenjamin@hotmail.com,hotmail.com,Educación / Colegio / Escuela (AMIE),Consolidado
escuelabenjamin@yahoo.es,yahoo.es,Educación / Colegio / Escuela (AMIE),Consolidado
escuelabenjamincarrion@hotmail.com,hotmail.com,Educación / Colegio / Escuela (AMIE),Consolidado
escuelabergen@hotmail.com,hotmail.com,Educación / Colegio / Escuela (AMIE),Consolidado
escuelabermeovasquez@hotmail.com,hotmail.com,Educación / Colegio / Escuela (AMIE),Consolidado
escuelablancalidia@hotmail.com,hotmail.com,Educación / Colegio / Escuela (AMIE),Consolidado
escuelablancavillamarin@live.com,live.com,Educación / Colegio / Escuela (AMIE),Consolidado
escuelabolivar@hotmail.com,hotmail.com,Educación / Colegio / Escuela (AMIE),Consolidado
escuelabolivia1955@hotmail.com,hotmail.com,Educación / Colegio / Escuela (AMIE),Consolidado
escuelaborrero@hotmail.com,hotmail.com,Educación / Colegio / Escuela (AMIE),Consolidado
escuelabrasil.zumba@yahoo.com,yahoo.com,Educación / Colegio / Escuela (AMIE),Consolidado
escuelabrasil1975@hotmail.com,hotmail.com,Educación / Colegio / Escuela (AMIE),Consolidado
escuelabrasil_00@hotmail.com,hotmail.com,Educación / Colegio / Escuela (AMIE),Consolidado
escuelabrasilia12@yahoo.com,yahoo.com,Educación / Colegio / Escuela (AMIE),Consolidado
escuelabrauliobarillas@hotmail.com,hotmail.com,Educación / Colegio / Escuela (AMIE),Consolidado
escuelabrauliozambranoloor@hotmail.com,hotmail.com,Educación / Colegio / Escuela (AMIE),Consolidado
escuelabriendosurco@hotmail.com,hotmail.com,Educación / Colegio / Escuela (AMIE),Consolidado
escuelabrumel@hotmail.com,hotmail.com,Educación / Colegio / Escuela (AMIE),Consolidado
escuelabuenafe@hotmail.com,hotmail.com,Educación / Colegio / Escuela (AMIE),Consolidado
escuelabuenagratitud@gmail.com,gmail.com,Educación / Colegio / Escuela (AMIE),Consolidado
escuelabuenosaires@outlook.com,outlook.com,Educación / Colegio / Escuela (AMIE),Consolidado
escuelac.v.a@hotmail.com,hotmail.com,Educación / Colegio / Escuela (AMIE),Consolidado
escuelacabcesavillacis@hotmail.com,hotmail.com,Educación / Colegio / Escuela (AMIE),Consolidado
escuelacabopatriciogonzalez@hotmail.com,hotmail.com,Educación / Colegio / Escuela (AMIE),Consolidado
escuelacaboromelvasquez@yahoo.com,yahoo.com,Educación / Colegio / Escuela (AMIE),Consolidado
escuelacacha@yahoo.es,yahoo.es,Educación / Colegio / Escuela (AMIE),Consolidado
escuelacaciquepinchopata.03d03@gmail.com,gmail.com,Educación / Colegio / Escuela (AMIE),Consolidado
escuelacaciquepintag2013@yahoo.es,yahoo.es,Educación / Colegio / Escuela (AMIE),Consolidado
escuelacalicuchima1956@hotmail.com,hotmail.com,Educación / Colegio / Escuela (AMIE),Consolidado
escuelacalicuchima@hotmail.com,hotmail.com,Educación / Colegio / Escuela (AMIE),Consolidado
escuelacamiloponceei@hotmail.com,hotmail.com,Educación / Colegio / Escuela (AMIE),Consolidado
escuelacamilosegovia@hotmail.com,hotmail.com,Educación / Colegio / Escuela (AMIE),Consolidado
escuelacaminosdeluz@gmail.com,gmail.com,Educación / Colegio / Escuela (AMIE),Consolidado
escuelacaminosdeluz@hotmail.com,hotmail.com,Educación / Colegio / Escuela (AMIE),Consolidado
escuelacantuna@hotmail.es,hotmail.es,Educación / Colegio / Escuela (AMIE),Consolidado
escuelacapitanchiriboga@yahoo.es,yahoo.es,Educación / Colegio / Escuela (AMIE),Consolidado
escuelacaribe@hotmail.com,hotmail.com,Educación / Colegio / Escuela (AMIE),Consolidado
escuelacarlosandrade@hotmail.com,hotmail.com,Educación / Colegio / Escuela (AMIE),Consolidado
escuelacarlosarroyodelrio@hotmail.com,hotmail.com,Educación / Colegio / Escuela (AMIE),Consolidado
escuelacarloscadena@gmail.com,gmail.com,Educación / Colegio / Escuela (AMIE),Consolidado
escuelacarloscarvajal7@hotmail.com,hotmail.com,Educación / Colegio / Escuela (AMIE),Consolidado
escuelacarloscoelloicaza@hotmail.com,hotmail.com,Educación / Colegio / Escuela (AMIE),Consolidado
escuelacarlosealmeida10b00072@gmail.com,gmail.com,Educación / Colegio / Escuela (AMIE),Consolidado
escuelacarlosferaudblum@hotmail.com,hotmail.com,Educación / Colegio / Escuela (AMIE),Consolidado
escuelacarlosfreilelarea@hotmail.com,hotmail.com,Educación / Colegio / Escuela (AMIE),Consolidado
escuelacarlosgarciacelleri@hotmail.com,hotmail.com,Educación / Colegio / Escuela (AMIE),Consolidado
escuelacarlosmo@yahoo.com,yahoo.com,Educación / Colegio / Escuela (AMIE),Consolidado
escuelacarlosrigoberto@hotmail.com,hotmail.com,Educación / Colegio / Escuela (AMIE),Consolidado
escuelacarloszabalarivadeneira@hotmail.com,hotmail.com,Educación / Colegio / Escuela (AMIE),Consolidado
escuelacarloszevallosmenendez172@hotmail.com,hotmail.com,Educación / Colegio / Escuela (AMIE),Consolidado
escuelacarlotarabascal@hotmail.com,hotmail.com,Educación / Colegio / Escuela (AMIE),Consolidado
escuelacarmenamelia@hotmail.com,hotmail.com,Educación / Colegio / Escuela (AMIE),Consolidado
escuelacascadadepeguche@hotmail.com,hotmail.com,Educación / Colegio / Escuela (AMIE),Consolidado
escuelacasitadefantasia@hotmail.es,hotmail.es,Educación / Colegio / Escuela (AMIE),1195 cole gquil.csv
escuelacastor1993@hotmail.com,hotmail.com,Educación / Colegio / Escuela (AMIE),Consolidado
escuelacayambe1981@gmail.com,gmail.com,Educación / Colegio / Escuela (AMIE),Consolidado
escuelacbp1969@hotmail.com,hotmail.com,Educación / Colegio / Escuela (AMIE),Consolidado
escuelacdeotawa@hotmail.com,hotmail.com,Educación / Colegio / Escuela (AMIE),Consolidado
escuelacelectagarces@hotmail.com,hotmail.com,Educación / Colegio / Escuela (AMIE),Consolidado
escuelacelia.delgado@gmail.com,gmail.com,Educación / Colegio / Escuela (AMIE),Consolidado
escuelacelicad@gmail.com,gmail.com,Educación / Colegio / Escuela (AMIE),Consolidado
escuelacelsamocha@hotmail.com,hotmail.com,Educación / Colegio / Escuela (AMIE),Consolidado
escuelacentineladelsur@live.com,live.com,Educación / Colegio / Escuela (AMIE),Consolidado
escuelacepe_@hotmail.com,hotmail.com,Educación / Colegio / Escuela (AMIE),Consolidado
escuelacepol@hotmail.com,hotmail.com,Educación / Colegio / Escuela (AMIE),2324 cole nuev.csv
escuelacesararroyo@yahoo.es,yahoo.es,Educación / Colegio / Escuela (AMIE),Consolidado
escuelacesaraugusto@hotmail.com,hotmail.com,Educación / Colegio / Escuela (AMIE),Consolidado
escuelacesardavila@gmail.com,gmail.com,Educación / Colegio / Escuela (AMIE),Consolidado
escuelacesarmontenegro@hotmail.com,hotmail.com,Educación / Colegio / Escuela (AMIE),Consolidado
escuelacesartamayo@hotmail.com,hotmail.com,Educación / Colegio / Escuela (AMIE),Consolidado
escuelacharip@yahoo.es,yahoo.es,Educación / Colegio / Escuela (AMIE),Consolidado
escuelacharlesdarwin220@yahoo.es,yahoo.es,Educación / Colegio / Escuela (AMIE),Consolidado
escuelacharlesdarwin@hotmail.com,hotmail.com,Educación / Colegio / Escuela (AMIE),Consolidado
escuelachonelindo@hotmail.com,hotmail.com,Educación / Colegio / Escuela (AMIE),Consolidado
escuelacincodeabril@hotmail.com,hotmail.com,Educación / Colegio / Escuela (AMIE),Consolidado
escuelacincodeenero@outlook.com,outlook.com,Educación / Colegio / Escuela (AMIE),Consolidado
escuelacincodeoctubre@hotmail.com,hotmail.com,Educación / Colegio / Escuela (AMIE),Consolidado
escuelaciudaddechimbo@hotmail.com,hotmail.com,Educación / Colegio / Escuela (AMIE),Consolidado
escuelaciudaddecuenca@gmail.com,gmail.com,Educación / Colegio / Escuela (AMIE),Consolidado
escuelaciudaddeguaranda@hotmail.com,hotmail.com,Educación / Colegio / Escuela (AMIE),Consolidado
escuelaciudaddemachala_72@hotmail.com,hotmail.com,Educación / Colegio / Escuela (AMIE),Consolidado
escuelaciudaddesantodomingo@yahoo.com,yahoo.com,Educación / Colegio / Escuela (AMIE),Consolidado
escuelaciudaddesaraguroedu.ec@hotmail.com,hotmail.com,Educación / Colegio / Escuela (AMIE),Consolidado
escuelaciudaddevilcabamba@hotmail.es,hotmail.es,Educación / Colegio / Escuela (AMIE),Consolidado
escuelaciudaddezamora@hotmail.com,hotmail.com,Educación / Colegio / Escuela (AMIE),Consolidado
escuelaciudadsanmiguel@outlook.com,outlook.com,Educación / Colegio / Escuela (AMIE),Consolidado
escuelaclementevallejo@hotmail.com,hotmail.com,Educación / Colegio / Escuela (AMIE),Consolidado
escuelaclv@gmail.com,gmail.com,Educación / Colegio / Escuela (AMIE),Consolidado
escuelacojimies@hotmail.com,hotmail.com,Educación / Colegio / Escuela (AMIE),Consolidado
escuelacojitambo@outlook.com,outlook.com,Educación / Colegio / Escuela (AMIE),Consolidado
escuelacolombia@yahoo.es,yahoo.es,Educación / Colegio / Escuela (AMIE),Consolidado
escuelacomunitnuevaesperanza@gmail.com,gmail.com,Educación / Colegio / Escuela (AMIE),Consolidado
escuelacondorazo@gmail.com,gmail.com,Educación / Colegio / Escuela (AMIE),Consolidado
escuelaconquistadorespaltenses@yahoo.es,yahoo.es,Educación / Colegio / Escuela (AMIE),Consolidado
escuelacorazonsancristobal@gmail.com,gmail.com,Educación / Colegio / Escuela (AMIE),Consolidado
escuelacordillera@hotmail.com,hotmail.com,Educación / Colegio / Escuela (AMIE),Consolidado
escuelacordilleradeambocas@hotmail.com,hotmail.com,Educación / Colegio / Escuela (AMIE),Consolidado
escuelacordilleradelosandes@gmail.com,gmail.com,Educación / Colegio / Escuela (AMIE),Consolidado
escuelacordillern@gmail.com,gmail.com,Educación / Colegio / Escuela (AMIE),Consolidado
escuelacorinaparral@gmail.com,gmail.com,Educación / Colegio / Escuela (AMIE),Consolidado
escuelacorneliovelez1968@gmail.com,gmail.com,Educación / Colegio / Escuela (AMIE),Consolidado
escuelacoronelfurrutia@hotmail.com,hotmail.com,Educación / Colegio / Escuela (AMIE),Consolidado
escuelacosmetologia0103@gmail.com,gmail.com,Educación / Colegio / Escuela (AMIE),Consolidado
escuelacotonaholgerlaban@gmail.com,gmail.com,Educación / Colegio / Escuela (AMIE),Consolidado
escuelacotopaxi201@hotmail.com,hotmail.com,Educación / Colegio / Escuela (AMIE),Consolidado
escuelacrecer2000@hotmail.com,hotmail.com,Educación / Colegio / Escuela (AMIE),Consolidado
escuelacristobalcol@hotmail.com,hotmail.com,Educación / Colegio / Escuela (AMIE),Consolidado
escuelacristobalcolon2011@gmail.com,gmail.com,Educación / Colegio / Escuela (AMIE),Consolidado
escuelacristobalcolonbabahoyo@gmail.com,gmail.com,Educación / Colegio / Escuela (AMIE),Consolidado
escuelacristobaltoro@hotmail.com,hotmail.com,Educación / Colegio / Escuela (AMIE),Consolidado
escuelacristoreyt@hotmail.com,hotmail.com,Educación / Colegio / Escuela (AMIE),Consolidado
escuelacuatrodeoctubre@hotmail.com,hotmail.com,Educación / Colegio / Escuela (AMIE),Consolidado
escuelacuenca2@hotmail.com,hotmail.com,Educación / Colegio / Escuela (AMIE),Consolidado
escuelaculinariadelecuador@gmail.com,gmail.com,Educación / Colegio / Escuela (AMIE),Consolidado
escuelacumbreazul@hotmail.com,hotmail.com,Educación / Colegio / Escuela (AMIE),Consolidado
escueladagnia@hotmail.com,hotmail.com,Educación / Colegio / Escuela (AMIE),Consolidado
escueladanielcordovatoral@hotmail.com,hotmail.com,Educación / Colegio / Escuela (AMIE),Consolidado
escueladanielrodasbustamante@hotmail.com,hotmail.com,Educación / Colegio / Escuela (AMIE),Consolidado
escueladanielvelez@hotmail.com,hotmail.com,Educación / Colegio / Escuela (AMIE),Consolidado
escueladaulis@gmail.com,gmail.com,Educación / Colegio / Escuela (AMIE),Consolidado
escueladebaloncesto@yosoycaballito.com,yosoycaballito.com,Educación / Colegio / Escuela (AMIE),Consolidado
escueladebasicasegundonicanorcastillomartinez@hotmail.com,hotmail.com,Educación / Colegio / Escuela (AMIE),Consolidado
escueladeciegos4deenero@yahoo.es,yahoo.es,Educación / Colegio / Escuela (AMIE),2324 cole nuev.csv
escueladecosmetologialadyform@yahoo.com,yahoo.com,Educación / Colegio / Escuela (AMIE),Consolidado
escueladeeducacionagripinaluzuriaga@hotmail.es,hotmail.es,Educación / Colegio / Escuela (AMIE),Consolidado
escueladeeducacionbasicadelpacifico2005@hotmail.com,hotmail.com,Educación / Colegio / Escuela (AMIE),Consolidado
escueladeeducacionbasicalicgonzalovasquez@outlook.es,outlook.es,Educación / Colegio / Escuela (AMIE),Consolidado
escueladeeducacionbasicanuevageneracion@hotmail.com,hotmail.com,Educación / Colegio / Escuela (AMIE),Consolidado
escueladeedumercedes_11@hotmail.com,hotmail.com,Educación / Colegio / Escuela (AMIE),Consolidado
escueladeegbjfk-1956@hotmail.com,hotmail.com,Educación / Colegio / Escuela (AMIE),Consolidado
escueladejulio@hotmail.com,hotmail.com,Educación / Colegio / Escuela (AMIE),Consolidado
escueladeliaibarra@hotmail.com,hotmail.com,Educación / Colegio / Escuela (AMIE),Consolidado
escueladelideres@hotmail.es,hotmail.es,Educación / Colegio / Escuela (AMIE),Consolidado
escueladeloschefs@gmail.com,gmail.com,Educación / Colegio / Escuela (AMIE),Consolidado
escuelademetrioaguileramalta@outlook.com,outlook.com,Educación / Colegio / Escuela (AMIE),Consolidado
escueladesanagustin@gmail.com,gmail.com,Educación / Colegio / Escuela (AMIE),Consolidado
escueladesantacruz@hotmail.com,hotmail.com,Educación / Colegio / Escuela (AMIE),Consolidado
escueladiegodealmagro@hotmail.com,hotmail.com,Educación / Colegio / Escuela (AMIE),Consolidado
escueladiezdeagostomacara@hotmail.com,hotmail.com,Educación / Colegio / Escuela (AMIE),Consolidado
escueladiezdediciembre@hotmail.com,hotmail.com,Educación / Colegio / Escuela (AMIE),Consolidado
escueladiezdejunio@yahoo.es,yahoo.es,Educación / Colegio / Escuela (AMIE),Consolidado
escueladiezdenoviembre@gmail.com,gmail.com,Educación / Colegio / Escuela (AMIE),Consolidado
escueladillon@hotmail.com,hotmail.com,Educación / Colegio / Escuela (AMIE),Consolidado
escueladivinon@yahoo.com,yahoo.com,Educación / Colegio / Escuela (AMIE),Consolidado
escueladlda@gmail.com,gmail.com,Educación / Colegio / Escuela (AMIE),Consolidado
escueladocedeoctubre17@yahoo.es,yahoo.es,Educación / Colegio / Escuela (AMIE),Consolidado
escueladocedeoctubre@yahoo.es,yahoo.es,Educación / Colegio / Escuela (AMIE),Consolidado
escueladoctorgabrielgarciamoreno@hotmail.com,hotmail.com,Educación / Colegio / Escuela (AMIE),Consolidado
escueladoctorjosemariavelascoibarra@hotmail.com,hotmail.com,Educación / Colegio / Escuela (AMIE),Consolidado
escueladoctorpablonroldan@yahoo.es,yahoo.es,Educación / Colegio / Escuela (AMIE),Consolidado
escueladolfojuradogonzales@hotmail.com,hotmail.com,Educación / Colegio / Escuela (AMIE),Consolidado
escueladolores-sucre@hotmail.com,hotmail.com,Educación / Colegio / Escuela (AMIE),Consolidado
escueladoloresalvarezcalderon@hotmail.com,hotmail.com,Educación / Colegio / Escuela (AMIE),Consolidado
escueladoloresceli@yahoo.es,yahoo.es,Educación / Colegio / Escuela (AMIE),Consolidado
escueladoloresdegalindo@yahoo.es,yahoo.es,Educación / Colegio / Escuela (AMIE),Consolidado
escueladoloressucre@hotmail.com,hotmail.com,Educación / Colegio / Escuela (AMIE),Consolidado
escueladolorosa@gmail.com,gmail.com,Educación / Colegio / Escuela (AMIE),Consolidado
escueladomingofs2013@hotmail.com,hotmail.com,Educación / Colegio / Escuela (AMIE),Consolidado
escueladonbosco01@hotmail.com,hotmail.com,Educación / Colegio / Escuela (AMIE),1195 cole gquil.csv
escueladosdeagosto@gmail.com,gmail.com,Educación / Colegio / Escuela (AMIE),Consolidado
escueladouglassolorzanovera@hotmail.com,hotmail.com,Educación / Colegio / Escuela (AMIE),Consolidado
escueladpi@yahoo.com,yahoo.com,Educación / Colegio / Escuela (AMIE),Consolidado
escueladr.jaimeroldos@gmail.com,gmail.com,Educación / Colegio / Escuela (AMIE),Consolidado
escueladr.luisclementec@yahoo.com,yahoo.com,Educación / Colegio / Escuela (AMIE),Consolidado
escueladralbertogomez@yahoo.es,yahoo.es,Educación / Colegio / Escuela (AMIE),Consolidado
escueladrantonioborrero@yahoo.com,yahoo.com,Educación / Colegio / Escuela (AMIE),Consolidado
escueladrjaimechavesramirez@yahoo.es,yahoo.es,Educación / Colegio / Escuela (AMIE),Consolidado
escueladrreinaldoespinoza@outlook.com,outlook.com,Educación / Colegio / Escuela (AMIE),Consolidado
escueladrvelascoibarra2009@hotmail.com,hotmail.com,Educación / Colegio / Escuela (AMIE),Consolidado
escueladuco@hotmail.es,hotmail.es,Educación / Colegio / Escuela (AMIE),Consolidado
escuelaealimon@gmail.com,gmail.com,Educación / Colegio / Escuela (AMIE),Consolidado
escuelaeb13dediciembreval@hotmail.com,hotmail.com,Educación / Colegio / Escuela (AMIE),Consolidado
escuelaeb_javier@hotmail.com,hotmail.com,Educación / Colegio / Escuela (AMIE),Consolidado
escuelaebfsegundomachado@gmail.com,gmail.com,Educación / Colegio / Escuela (AMIE),Consolidado
escuelaebscjtulcan@hotmail.es,hotmail.es,Educación / Colegio / Escuela (AMIE),Consolidado
escuelaeconcalder-n1@hotmail.com,hotmail.com,Educación / Colegio / Escuela (AMIE),Consolidado
escuelaecuador1974@gimail.com,gimail.com,Educación / Colegio / Escuela (AMIE),Consolidado
escuelaecuadora.2001@hotmail.com,hotmail.com,Educación / Colegio / Escuela (AMIE),Consolidado
escuelaecuadorlibre@hotmail.com,hotmail.com,Educación / Colegio / Escuela (AMIE),Consolidado
escuelaecuadorsc@gmail.com,gmail.com,Educación / Colegio / Escuela (AMIE),Consolidado
escuelaecuatorial@hotmail.com,hotmail.com,Educación / Colegio / Escuela (AMIE),Consolidado
escuelaedc.chone@hotmail.com,hotmail.com,Educación / Colegio / Escuela (AMIE),Consolidado
escuelaedisoncalleloaiza@hotmail.com,hotmail.com,Educación / Colegio / Escuela (AMIE),Consolidado
escuelaeduardovallejo@gmail.com,gmail.com,Educación / Colegio / Escuela (AMIE),Consolidado
escuelaedubasierac@outlook.com,outlook.com,Educación / Colegio / Escuela (AMIE),Consolidado
escuelaedwinzabala@hotmail.com,hotmail.com,Educación / Colegio / Escuela (AMIE),Consolidado
escuelaegbbuenosaires@hotmail.com,hotmail.com,Educación / Colegio / Escuela (AMIE),Consolidado
escuelaegbmanuelsegundoormaza1982@hotmail.com,hotmail.com,Educación / Colegio / Escuela (AMIE),Consolidado
escuelaegbrct.2014@gmail.com,gmail.com,Educación / Colegio / Escuela (AMIE),Consolidado
escuelaegg185@hotmail.com,hotmail.com,Educación / Colegio / Escuela (AMIE),Consolidado
escuelaelcondor@hotmail.es,hotmail.es,Educación / Colegio / Escuela (AMIE),Consolidado
escuelaelena_simb@yahoo.es,yahoo.es,Educación / Colegio / Escuela (AMIE),Consolidado
escuelaelgolan@hotmail.com,hotmail.com,Educación / Colegio / Escuela (AMIE),Consolidado
escuelaeliasclavijo@gmail.com,gmail.com,Educación / Colegio / Escuela (AMIE),Consolidado
escuelaeliasriverogongora@hotmail.com,hotmail.com,Educación / Colegio / Escuela (AMIE),Consolidado
escuelaeliecerivadeneira@hotmail.com,hotmail.com,Educación / Colegio / Escuela (AMIE),Consolidado
escuelaelite2014@gmail.com,gmail.com,Educación / Colegio / Escuela (AMIE),Consolidado
escuelaeloyalfaro11@gmail.com,gmail.com,Educación / Colegio / Escuela (AMIE),Consolidado
escuelaeloyalfaro@live.com,live.com,Educación / Colegio / Escuela (AMIE),Consolidado
escuelaelprado1@hotmail.com,hotmail.com,Educación / Colegio / Escuela (AMIE),Consolidado
escuelaelrocio@hotmail.com,hotmail.com,Educación / Colegio / Escuela (AMIE),Consolidado
escuelaelrodeo2015@gmail.com,gmail.com,Educación / Colegio / Escuela (AMIE),Consolidado
escuelaelrosario@hotmail.com,hotmail.com,Educación / Colegio / Escuela (AMIE),Consolidado
escuelaeltabernaculo@gmail.com,gmail.com,Educación / Colegio / Escuela (AMIE),Consolidado
escuelaeltriunfo2012@hotmail.com,hotmail.com,Educación / Colegio / Escuela (AMIE),Consolidado
escuelaelverbo@gmail.com,gmail.com,Educación / Colegio / Escuela (AMIE),Consolidado
escuelaemilioabad@hotmail.com,hotmail.com,Educación / Colegio / Escuela (AMIE),Consolidado
escuelaemiliocamacho1@hotmail.com,hotmail.com,Educación / Colegio / Escuela (AMIE),Consolidado
escuelaemiliodurkeinsanagus40@gmail.com,gmail.com,Educación / Colegio / Escuela (AMIE),Consolidado
escuelaemmavargasvillamar@hotmail.com,hotmail.com,Educación / Colegio / Escuela (AMIE),Consolidado
escuelaenmabustamante@gmail.com,gmail.com,Educación / Colegio / Escuela (AMIE),Consolidado
escuelaenriquemamallacta@hotmail.com,hotmail.com,Educación / Colegio / Escuela (AMIE),Consolidado
escuelaenriquevillacres@hotmail.com,hotmail.com,Educación / Colegio / Escuela (AMIE),Consolidado
escuelaernestoguevara@hotmail.com,hotmail.com,Educación / Colegio / Escuela (AMIE),Consolidado
escuelaernestovelasquezkuffo10@hotmail.com,hotmail.com,Educación / Colegio / Escuela (AMIE),Consolidado
escuelaesmeraldas@hotmail.com,hotmail.com,Educación / Colegio / Escuela (AMIE),Consolidado
escuelaespana1@hotmail.com,hotmail.com,Educación / Colegio / Escuela (AMIE),Consolidado
escuelaespana3@gmail.com,gmail.com,Educación / Colegio / Escuela (AMIE),Consolidado
escuelaespania@hotmail.com,hotmail.com,Educación / Colegio / Escuela (AMIE),Consolidado
escuelaesparta@hotmail.es,hotmail.es,Educación / Colegio / Escuela (AMIE),Consolidado
escuelaespecial16deagosto@yahoo.com,yahoo.com,Educación / Colegio / Escuela (AMIE),Consolidado
escuelaespecial3dediciembre@hotmail.com,hotmail.com,Educación / Colegio / Escuela (AMIE),Consolidado
escuelaespecialelchaco@gmail.com,gmail.com,Educación / Colegio / Escuela (AMIE),Consolidado
escuelaeugenioespejo2016@outlook.es,outlook.es,Educación / Colegio / Escuela (AMIE),Consolidado
escuelaeugenioespejo@hotmail.com,hotmail.com,Educación / Colegio / Escuela (AMIE),Consolidado
escuelaeugenioespejo@outlook.es,outlook.es,Educación / Colegio / Escuela (AMIE),Consolidado
escuelaeugenioespejonapo@gmail.com,gmail.com,Educación / Colegio / Escuela (AMIE),Consolidado
escuelaeum@outlook.com,outlook.com,Educación / Colegio / Escuela (AMIE),Consolidado
escuelaeuroamerica@hotmail.com,hotmail.com,Educación / Colegio / Escuela (AMIE),Consolidado
escuelaezequielcrespo@gmail.com,gmail.com,Educación / Colegio / Escuela (AMIE),Consolidado
escuelaf-marciagilbert@hotmail.es,hotmail.es,Educación / Colegio / Escuela (AMIE),Consolidado
escuelafae69@gmail.com,gmail.com,Educación / Colegio / Escuela (AMIE),Consolidado
escuelafae@hotmail.com,hotmail.com,Educación / Colegio / Escuela (AMIE),Consolidado
escuelafandrade@gmail.com,gmail.com,Educación / Colegio / Escuela (AMIE),Consolidado
escuelafaustomolina2009@hotmail.com,hotmail.com,Educación / Colegio / Escuela (AMIE),Consolidado
escuelafcordero@hotmail.com,hotmail.com,Educación / Colegio / Escuela (AMIE),Consolidado
escuelafdemiranda@yahoo.es,yahoo.es,Educación / Colegio / Escuela (AMIE),Consolidado
escuelafebrero@yahoo.es,yahoo.es,Educación / Colegio / Escuela (AMIE),Consolidado
escuelafederico_manzaba@hotmail.com,hotmail.com,Educación / Colegio / Escuela (AMIE),Consolidado
escuelafelixmoraespinoza@gmail.com,gmail.com,Educación / Colegio / Escuela (AMIE),Consolidado
escuelafenix@outlook.com,outlook.com,Educación / Colegio / Escuela (AMIE),Consolidado
escuelafernandochavezpoatug@yahoo.es,yahoo.es,Educación / Colegio / Escuela (AMIE),Consolidado
escuelaficoa@gmail.com,gmail.com,Educación / Colegio / Escuela (AMIE),Consolidado
escuelafierrohurco@hotmail.com,hotmail.com,Educación / Colegio / Escuela (AMIE),Consolidado
escuelafiscal13dejunio@hotmail.com,hotmail.com,Educación / Colegio / Escuela (AMIE),Consolidado
escuelafiscal@gmail.com,gmail.com,Educación / Colegio / Escuela (AMIE),Consolidado
escuelafiscal_antoniocastillo@hotmail.es,hotmail.es,Educación / Colegio / Escuela (AMIE),Consolidado
escuelafiscalazogues@hotmail.com,hotmail.com,Educación / Colegio / Escuela (AMIE),Consolidado
escuelafiscaleeuu@gmail.com,gmail.com,Educación / Colegio / Escuela (AMIE),Consolidado
escuelafiscalgalomerizaldenaveda@yahoo.es,yahoo.es,Educación / Colegio / Escuela (AMIE),Consolidado
escuelafiscallasminas@hotmail.com,hotmail.com,Educación / Colegio / Escuela (AMIE),Consolidado
escuelafiscalluisfelipeborja@hotmail.com,hotmail.com,Educación / Colegio / Escuela (AMIE),Consolidado
escuelafiscalmanuelasaenz@hotmail.com,hotmail.com,Educación / Colegio / Escuela (AMIE),Consolidado
escuelafiscalmixta23dejulio@yahoo.com,yahoo.com,Educación / Colegio / Escuela (AMIE),Consolidado
escuelafiscalmixta24dejulio@hotmail.com,hotmail.com,Educación / Colegio / Escuela (AMIE),Consolidado
escuelafiscalmixtablancaangelicacedeño@hotmail.com,hotmail.com,Educación / Colegio / Escuela (AMIE),Consolidado
escuelafiscalmixtacentineladepichincha@hotmail.com,hotmail.com,Educación / Colegio / Escuela (AMIE),Consolidado
escuelafiscalmixtacristobalcolon@yahoo.es,yahoo.es,Educación / Colegio / Escuela (AMIE),Consolidado
escuelafiscalmixtalluchin@hotmail.com,hotmail.com,Educación / Colegio / Escuela (AMIE),Consolidado
escuelafiscalmixtapioperalta@yahoo.com,yahoo.com,Educación / Colegio / Escuela (AMIE),Consolidado
escuelafiscalmixtapoliviolopezpanta@hotmail.com,hotmail.com,Educación / Colegio / Escuela (AMIE),Consolidado
escuelafiscalmixtasanfrancisco@outlook.es,outlook.es,Educación / Colegio / Escuela (AMIE),Consolidado
escuelafiscalmixtojesusdea@hotmail.com,hotmail.com,Educación / Colegio / Escuela (AMIE),Consolidado
escuelafiscalovidiodecroly@hotmail.com,hotmail.com,Educación / Colegio / Escuela (AMIE),Consolidado
escuelafiscalpatriciapilar@hotmail.com,hotmail.com,Educación / Colegio / Escuela (AMIE),Consolidado
escuelafiscalrpimavera@hotmail.com,hotmail.com,Educación / Colegio / Escuela (AMIE),Consolidado
escuelafiscalsimonbolivar@hotmail.com,hotmail.com,Educación / Colegio / Escuela (AMIE),Consolidado
escuelafiscalsinnombre30@hotmail.com,hotmail.com,Educación / Colegio / Escuela (AMIE),Consolidado
escuelafiscaltonchigue@yahoo.es,yahoo.es,Educación / Colegio / Escuela (AMIE),Consolidado
escuelafiscalunidosaprederemos@hotmail.com,hotmail.com,Educación / Colegio / Escuela (AMIE),Consolidado
escuelafjp85-shushufin@outlook.es,outlook.es,Educación / Colegio / Escuela (AMIE),Consolidado
escuelaflavioalfaro-sd@hotmail.com,hotmail.com,Educación / Colegio / Escuela (AMIE),Consolidado
escuelaflorasalazar@hotmail.com,hotmail.com,Educación / Colegio / Escuela (AMIE),Consolidado
escuelaflormedranda@hotmail.com,hotmail.com,Educación / Colegio / Escuela (AMIE),Consolidado
escuelafraciscogranda@hotmail.com,hotmail.com,Educación / Colegio / Escuela (AMIE),Consolidado
escuelafrancesadecuenca1@gmail.com,gmail.com,Educación / Colegio / Escuela (AMIE),Consolidado
escuelafrancia@hotmail.com,hotmail.com,Educación / Colegio / Escuela (AMIE),Consolidado
escuelafranciscocosta@yahoo.es,yahoo.es,Educación / Colegio / Escuela (AMIE),Consolidado
escuelafranciscofcorderom@gmail.com,gmail.com,Educación / Colegio / Escuela (AMIE),Consolidado
escuelafranciscohuerta@hotmail.com,hotmail.com,Educación / Colegio / Escuela (AMIE),Consolidado
escuelafranciscomayancela@hotmail.com,hotmail.com,Educación / Colegio / Escuela (AMIE),Consolidado
escuelafranciscoquintana03d03@gmail.com,gmail.com,Educación / Colegio / Escuela (AMIE),Consolidado
escuelafranciscosalgado@gmail.com,gmail.com,Educación / Colegio / Escuela (AMIE),Consolidado
escuelafranciscoteran@hotmail.com,hotmail.com,Educación / Colegio / Escuela (AMIE),Consolidado
escuelafraycarlosuria@hotmail.com,hotmail.com,Educación / Colegio / Escuela (AMIE),Consolidado
escuelafraycentesolano@hotmail.com,hotmail.com,Educación / Colegio / Escuela (AMIE),Consolidado
escuelafri@hotmail.com,hotmail.com,Educación / Colegio / Escuela (AMIE),Consolidado
escuelafulton@gmail.com,gmail.com,Educación / Colegio / Escuela (AMIE),Consolidado
escuelafuncafe@gmail.com,gmail.com,Educación / Colegio / Escuela (AMIE),Consolidado
escuelafuturo96@gmail.com,gmail.com,Educación / Colegio / Escuela (AMIE),Consolidado
escuelagabriela_165@hotmail.com,hotmail.com,Educación / Colegio / Escuela (AMIE),Consolidado
escuelagabrielamistralchambo@hotmail.com,hotmail.com,Educación / Colegio / Escuela (AMIE),Consolidado
escuelagabrielamistralmilagro@gmail.com,gmail.com,Educación / Colegio / Escuela (AMIE),MR COLEGIOS 2017.csv
escuelagabrielnorona@gmail.com,gmail.com,Educación / Colegio / Escuela (AMIE),Consolidado
escuelagaloplaza@hotmail.com,hotmail.com,Educación / Colegio / Escuela (AMIE),Consolidado
escuelagaloplazalasso@gmail.com,gmail.com,Educación / Colegio / Escuela (AMIE),Consolidado
escuelagarciagoyena@gmail.com,gmail.com,Educación / Colegio / Escuela (AMIE),Consolidado
escuelagarciamoreno2013@hotmail.com,hotmail.com,Educación / Colegio / Escuela (AMIE),Consolidado
escuelagarciamoreno@hotmail.es,hotmail.es,Educación / Colegio / Escuela (AMIE),Consolidado
escuelagastronomicademanabi@gmail.com,gmail.com,Educación / Colegio / Escuela (AMIE),Consolidado
escuelagbm_pdt@hotmail.com,hotmail.com,Educación / Colegio / Escuela (AMIE),Consolidado
escuelageneral@yahoo.es,yahoo.es,Educación / Colegio / Escuela (AMIE),Consolidado
escuelageneralcalicuchima@hotmail.com,hotmail.com,Educación / Colegio / Escuela (AMIE),Consolidado
escuelageneralcondorazo@yahoo.es,yahoo.es,Educación / Colegio / Escuela (AMIE),Consolidado
escuelageneraldavalos@hotmail.com,hotmail.com,Educación / Colegio / Escuela (AMIE),Consolidado
escuelageneralmixtacalicuchima@hotmail.com,hotmail.com,Educación / Colegio / Escuela (AMIE),Consolidado
escuelageneralpintag@hotmail.com,hotmail.com,Educación / Colegio / Escuela (AMIE),Consolidado
escuelagenesis@outlook.com,outlook.com,Educación / Colegio / Escuela (AMIE),MR COLEGIOS 2017.csv
escuelageovannicalles2013@gmail.com,gmail.com,Educación / Colegio / Escuela (AMIE),Consolidado
escuelagerardomartinez@hotmail.com,hotmail.com,Educación / Colegio / Escuela (AMIE),Consolidado
escuelaggarcia@gmail.com,gmail.com,Educación / Colegio / Escuela (AMIE),Consolidado
escuelaggm@hotmail.com,hotmail.com,Educación / Colegio / Escuela (AMIE),Consolidado
escuelagilbertoborbor@outlookl.com,outlookl.com,Educación / Colegio / Escuela (AMIE),Consolidado
escuelagiron@yahoo.es,yahoo.es,Educación / Colegio / Escuela (AMIE),Consolidado
escuelagloriainesromero@gmail.com,gmail.com,Educación / Colegio / Escuela (AMIE),Consolidado
escuelagonzaloescudero@yahoo.es,yahoo.es,Educación / Colegio / Escuela (AMIE),Consolidado
escuelagonzalopizarro@yahoo.es,yahoo.es,Educación / Colegio / Escuela (AMIE),Consolidado
escuelagonzalopizarroalao@hotmail.com,hotmail.com,Educación / Colegio / Escuela (AMIE),Consolidado
escuelagonzalozaldumbide@gmail.com,gmail.com,Educación / Colegio / Escuela (AMIE),Consolidado
escuelagonzalozaldumbide@hotmail.com,hotmail.com,Educación / Colegio / Escuela (AMIE),Consolidado
escuelagramales@hotmail.es,hotmail.es,Educación / Colegio / Escuela (AMIE),Consolidado
escuelagrancolombia@hotmail.es,hotmail.es,Educación / Colegio / Escuela (AMIE),Consolidado
escuelagranmaestro@yahoo.es,yahoo.es,Educación / Colegio / Escuela (AMIE),MR COLEGIOS 2017.csv
escuelagrecia@hotmail.com,hotmail.com,Educación / Colegio / Escuela (AMIE),Consolidado
escuelagregoriocordero@hotmail.com,hotmail.com,Educación / Colegio / Escuela (AMIE),Consolidado
escuelaguadalupelarriva@hotmail.es,hotmail.es,Educación / Colegio / Escuela (AMIE),Consolidado
escuelagualaceo_1977@yahoo.com,yahoo.com,Educación / Colegio / Escuela (AMIE),Consolidado
escuelaguarumalpucara@hotmail.com,hotmail.com,Educación / Colegio / Escuela (AMIE),Consolidado
escuelaguasanta@hotmail.com,hotmail.com,Educación / Colegio / Escuela (AMIE),Consolidado
escuelaguayasamin@hotmail.com,hotmail.com,Educación / Colegio / Escuela (AMIE),Consolidado
escuelaguidogaiborolalla@hotmail.com,hotmail.com,Educación / Colegio / Escuela (AMIE),Consolidado
escuelaguillermomensi@hotmail.com,hotmail.com,Educación / Colegio / Escuela (AMIE),Consolidado
escuelaguillermovintimilla@hotmail.com,hotmail.com,Educación / Colegio / Escuela (AMIE),Consolidado
escuelagustavodarqueateran@gmail.com,gmail.com,Educación / Colegio / Escuela (AMIE),Consolidado
escuelagustavolara@yahoo.es,yahoo.es,Educación / Colegio / Escuela (AMIE),Consolidado
escuelagustavolemos@hotmail.com,hotmail.com,Educación / Colegio / Escuela (AMIE),Consolidado
escuelagusteau@gmail.com,gmail.com,Educación / Colegio / Escuela (AMIE),Consolidado
escuelahaydazambrano@yahoo.es,yahoo.es,Educación / Colegio / Escuela (AMIE),Consolidado
escuelahb@hotmail.com,hotmail.com,Educación / Colegio / Escuela (AMIE),Consolidado
escuelahdm@homail.con.ec,homail.con.ec,Educación / Colegio / Escuela (AMIE),Consolidado
escuelahectorlara2@yahoo.com,yahoo.com,Educación / Colegio / Escuela (AMIE),Consolidado
escuelahermanomiguel@gmail.com,gmail.com,Educación / Colegio / Escuela (AMIE),Consolidado
escuelahermanomiguel@hotmail.com,hotmail.com,Educación / Colegio / Escuela (AMIE),Consolidado
escuelahermanomiguel@outlook.es,outlook.es,Educación / Colegio / Escuela (AMIE),Consolidado
escuelahermanomiguela@gmail.com,gmail.com,Educación / Colegio / Escuela (AMIE),Consolidado
escuelaherminiajaramillov@hotmail.com,hotmail.com,Educación / Colegio / Escuela (AMIE),Consolidado
escuelahernandodemagallanes@gmail.com,gmail.com,Educación / Colegio / Escuela (AMIE),Consolidado
escuelahernaniniguez@hotmail.com,hotmail.com,Educación / Colegio / Escuela (AMIE),Consolidado
escuelahgts@hotmail.com,hotmail.com,Educación / Colegio / Escuela (AMIE),Consolidado
escuelahigueron@hotmail.com,hotmail.com,Educación / Colegio / Escuela (AMIE),Consolidado
escuelahispanoamerica@hotmail.com,hotmail.com,Educación / Colegio / Escuela (AMIE),Consolidado
escuelahitlercoronel@yahoo.com,yahoo.com,Educación / Colegio / Escuela (AMIE),Consolidado
escuelahomeroorcemendoza@hotmail.com,hotmail.com,Educación / Colegio / Escuela (AMIE),Consolidado
escuelahonoratovasquez@gmail.com,gmail.com,Educación / Colegio / Escuela (AMIE),Consolidado
escuelahonoriovillavicenciomacias@hotmail.com,hotmail.com,Educación / Colegio / Escuela (AMIE),Consolidado
escuelahoracioguillenhidrovo@hotmail.com,hotmail.com,Educación / Colegio / Escuela (AMIE),Consolidado
escuelahortenciamoscoso@hotmail.com,hotmail.com,Educación / Colegio / Escuela (AMIE),Consolidado
escuelahparaiso@hotmail.com,hotmail.com,Educación / Colegio / Escuela (AMIE),Consolidado
escuelahuancavilca2015@hotmail.com,hotmail.com,Educación / Colegio / Escuela (AMIE),Consolidado
escuelahuancavilca@hotmail.com,hotmail.com,Educación / Colegio / Escuela (AMIE),Consolidado
escuelahuaynacapac2014@hotmail.com,hotmail.com,Educación / Colegio / Escuela (AMIE),Consolidado
escuelahuaynacapac@hotmail.com,hotmail.com,Educación / Colegio / Escuela (AMIE),Consolidado
escuelahugoalemanf@hotmail.com,hotmail.com,Educación / Colegio / Escuela (AMIE),Consolidado
escuelahule@hotmail.com,hotmail.com,Educación / Colegio / Escuela (AMIE),Consolidado
escuelahumbertovacagomez@gmail.com,gmail.com,Educación / Colegio / Escuela (AMIE),Consolidado
escuelahumboldt@hotmail.com,hotmail.com,Educación / Colegio / Escuela (AMIE),Consolidado
escuelaibarra133@hotmail.com,hotmail.com,Educación / Colegio / Escuela (AMIE),Consolidado
escuelaiberia001@gmail.com,gmail.com,Educación / Colegio / Escuela (AMIE),MR COLEGIOS 2017.csv
escuelaignaciomolina@hotmail.com,hotmail.com,Educación / Colegio / Escuela (AMIE),Consolidado
escuelaileanaespinel@hotmail.com,hotmail.com,Educación / Colegio / Escuela (AMIE),Consolidado
escuelailinizas@gmail.com,gmail.com,Educación / Colegio / Escuela (AMIE),1195 cole gquil.csv
escuelaimb_664@hotmail.com,hotmail.com,Educación / Colegio / Escuela (AMIE),2324 cole nuev.csv
escuelainclusivalasamericas@hotmail.com,hotmail.com,Educación / Colegio / Escuela (AMIE),Consolidado
escuelaingapirca1965@gmail.com,gmail.com,Educación / Colegio / Escuela (AMIE),Consolidado
escuelainti@hotmail.com,hotmail.com,Educación / Colegio / Escuela (AMIE),Consolidado
escuelaisabelvasconez2012@hotmail.com,hotmail.com,Educación / Colegio / Escuela (AMIE),Consolidado
escuelaisidroayora23@hotmail.com,hotmail.com,Educación / Colegio / Escuela (AMIE),Consolidado
escuelaisidroayora@hotmail.com,hotmail.com,Educación / Colegio / Escuela (AMIE),Consolidado
escuelaislafernandina@hotmail.com,hotmail.com,Educación / Colegio / Escuela (AMIE),Consolidado
escuelaitalocentanarogando@hotmail.com,hotmail.com,Educación / Colegio / Escuela (AMIE),Consolidado
escuelajaimeburbanoparedes@hotmail.com,hotmail.com,Educación / Colegio / Escuela (AMIE),Consolidado
escuelajaimeroldos@outlook.com,outlook.com,Educación / Colegio / Escuela (AMIE),Consolidado
escuelajaimeroldos@yahoo.es,yahoo.es,Educación / Colegio / Escuela (AMIE),Consolidado
escuelajaimeroldosaguilera1@hotmail.com,hotmail.com,Educación / Colegio / Escuela (AMIE),Consolidado
escuelajaimeroldosaguilera2014@gmail.com,gmail.com,Educación / Colegio / Escuela (AMIE),Consolidado
escuelajaimerupertoyerovi@hotmail.com,hotmail.com,Educación / Colegio / Escuela (AMIE),Consolidado
escuelajaimevalarezo@hotmail.es,hotmail.es,Educación / Colegio / Escuela (AMIE),Consolidado
escuelajambeli@hotmail.com,hotmail.com,Educación / Colegio / Escuela (AMIE),Consolidado
escuelajambeliorganos@hotmail.com,hotmail.com,Educación / Colegio / Escuela (AMIE),Consolidado
escuelajapon2013@hotmail.com,hotmail.com,Educación / Colegio / Escuela (AMIE),Consolidado
escuelajaramillomontoya@hotmail.com,hotmail.com,Educación / Colegio / Escuela (AMIE),Consolidado
escuelajardin@gmail.com,gmail.com,Educación / Colegio / Escuela (AMIE),2324 cole nuev.csv
escuelajavieranieto@hotmail.com,hotmail.com,Educación / Colegio / Escuela (AMIE),Consolidado
escuelajehovanisi@gmail.com,gmail.com,Educación / Colegio / Escuela (AMIE),Consolidado
escuelajer@hotmail.com,hotmail.com,Educación / Colegio / Escuela (AMIE),Consolidado
escuelajesusdelgranpoder@yahoo.es,yahoo.es,Educación / Colegio / Escuela (AMIE),Consolidado
escuelajgj@hotmail.com,hotmail.com,Educación / Colegio / Escuela (AMIE),Consolidado
escuelajhondewey@hotmail.com,hotmail.com,Educación / Colegio / Escuela (AMIE),Consolidado
escuelajhonfk@hotmail.com,hotmail.com,Educación / Colegio / Escuela (AMIE),Consolidado
escuelajhonloock2012@gmail.com,gmail.com,Educación / Colegio / Escuela (AMIE),Consolidado
escuelajipijapa@gmail.com,gmail.com,Educación / Colegio / Escuela (AMIE),Consolidado
escuelajjr-2011@hotmail.com,hotmail.com,Educación / Colegio / Escuela (AMIE),Consolidado
escuelajjsalinas@yahoo.com,yahoo.com,Educación / Colegio / Escuela (AMIE),Consolidado
escuelajlm@hotmail.com,hotmail.com,Educación / Colegio / Escuela (AMIE),Consolidado
escuelajmac@hotmail.com,hotmail.com,Educación / Colegio / Escuela (AMIE),Consolidado
escuelajmvi@hotmail.com,hotmail.com,Educación / Colegio / Escuela (AMIE),Consolidado
escuelajoaquinanazco@yahoo.com,yahoo.com,Educación / Colegio / Escuela (AMIE),Consolidado
escuelajod@hotmail.com,hotmail.com,Educación / Colegio / Escuela (AMIE),Consolidado
escuelajoel.jara03d03@gmail.com,gmail.com,Educación / Colegio / Escuela (AMIE),Consolidado
escuelajohndewey06@hotmail.com,hotmail.com,Educación / Colegio / Escuela (AMIE),Consolidado
escuelajomar@gmail.com,gmail.com,Educación / Colegio / Escuela (AMIE),Consolidado
escuelajorauz179@hotmail.com,hotmail.com,Educación / Colegio / Escuela (AMIE),Consolidado
escuelajorge@yahoo.com,yahoo.com,Educación / Colegio / Escuela (AMIE),Consolidado
escuelajorgecarrera@gmail.com,gmail.com,Educación / Colegio / Escuela (AMIE),Consolidado
escuelajorgecarrera@hotmail.com,hotmail.com,Educación / Colegio / Escuela (AMIE),Consolidado
escuelajorgeicaza@hotmail.com,hotmail.com,Educación / Colegio / Escuela (AMIE),Consolidado
escuelajorgemerchanaguilar@hotmail.com,hotmail.com,Educación / Colegio / Escuela (AMIE),Consolidado
escuelajose.gonzalez@yahoo.es,yahoo.es,Educación / Colegio / Escuela (AMIE),Consolidado
escuelajosealarcon@hotmail.com,hotmail.com,Educación / Colegio / Escuela (AMIE),Consolidado
escuelajosealvear@gmail.com,gmail.com,Educación / Colegio / Escuela (AMIE),Consolidado
escuelajoseantoniocampo@hotmail.com,hotmail.com,Educación / Colegio / Escuela (AMIE),Consolidado
escuelajoseantoniocampos@hotmail.com,hotmail.com,Educación / Colegio / Escuela (AMIE),Consolidado
escuelajoseayala@hotmail.com,hotmail.com,Educación / Colegio / Escuela (AMIE),Consolidado
escuelajosecristobalgalindo@yahoo.es,yahoo.es,Educación / Colegio / Escuela (AMIE),Consolidado
escuelajosedelacuadra@hotmail.es,hotmail.es,Educación / Colegio / Escuela (AMIE),Consolidado
escuelajoseeloyalfarodelgado@hotmail.com,hotmail.com,Educación / Colegio / Escuela (AMIE),Consolidado
escuelajosejoaquin@hotmail.com,hotmail.com,Educación / Colegio / Escuela (AMIE),Consolidado
escuelajosejoaquindeolmedo@gmail.com,gmail.com,Educación / Colegio / Escuela (AMIE),Consolidado
escuelajosejoaquindeolmedo@hotmail.com,hotmail.com,Educación / Colegio / Escuela (AMIE),Consolidado
escuelajosemariaaldean1975@gmail.com,gmail.com,Educación / Colegio / Escuela (AMIE),Consolidado
escuelajosemariaandrade@hotmail.com,hotmail.com,Educación / Colegio / Escuela (AMIE),Consolidado
escuelajosemariaegas@hotmail.com,hotmail.com,Educación / Colegio / Escuela (AMIE),Consolidado
escuelajosemarti@outlook.com,outlook.com,Educación / Colegio / Escuela (AMIE),Consolidado
escuelajosemartin@hotmail.es,hotmail.es,Educación / Colegio / Escuela (AMIE),Consolidado
escuelajosemejia1902@yahoo.es,yahoo.es,Educación / Colegio / Escuela (AMIE),Consolidado
escuelajosemelquiadesalarcon@hotmail.com,hotmail.com,Educación / Colegio / Escuela (AMIE),Consolidado
escuelajosemiguelzarate@hotmail.com,hotmail.com,Educación / Colegio / Escuela (AMIE),Consolidado
escuelajoseorozco@yahoo.es,yahoo.es,Educación / Colegio / Escuela (AMIE),Consolidado
escuelajoseperalta2015@gmail.com,gmail.com,Educación / Colegio / Escuela (AMIE),Consolidado
escuelajoserafaelarizaga@hotmail.com,hotmail.com,Educación / Colegio / Escuela (AMIE),Consolidado
escuelajosevasconcelos1@hotmail.com,hotmail.com,Educación / Colegio / Escuela (AMIE),Consolidado
escuelajosevicentealmeida@hotmail.com,hotmail.com,Educación / Colegio / Escuela (AMIE),Consolidado
escuelajuanb@hotmail.com,hotmail.com,Educación / Colegio / Escuela (AMIE),Consolidado
escuelajuanbenignom@hotmail.com,hotmail.com,Educación / Colegio / Escuela (AMIE),Consolidado
escuelajuandedios4@hotmail.com,hotmail.com,Educación / Colegio / Escuela (AMIE),Consolidado
escuelajuandediosavilez@hotmail.com,hotmail.com,Educación / Colegio / Escuela (AMIE),Consolidado
escuelajuandediosmartinez1966@gmail.com,gmail.com,Educación / Colegio / Escuela (AMIE),Consolidado
escuelajuandediospadilla@hotmail.com,hotmail.com,Educación / Colegio / Escuela (AMIE),Consolidado
escuelajuandesalinas@hotmail.com,hotmail.com,Educación / Colegio / Escuela (AMIE),Consolidado
escuelajuandevelasco@hotmail.com,hotmail.com,Educación / Colegio / Escuela (AMIE),Consolidado
escuelajuaneljurichica@gmail.com,gmail.com,Educación / Colegio / Escuela (AMIE),Consolidado
escuelajuangelman830@gmail.com,gmail.com,Educación / Colegio / Escuela (AMIE),Consolidado
escuelajuangriego@hotmail.com,hotmail.com,Educación / Colegio / Escuela (AMIE),Consolidado
escuelajuanjoseflores@hotmail.com,hotmail.com,Educación / Colegio / Escuela (AMIE),Consolidado
escuelajuanjosepenia@hotmail.com,hotmail.com,Educación / Colegio / Escuela (AMIE),Consolidado
escuelajuanjusal03d03@gmail.com,gmail.com,Educación / Colegio / Escuela (AMIE),Consolidado
escuelajuanmontalvo13d11@hotmail.com,hotmail.com,Educación / Colegio / Escuela (AMIE),Consolidado
escuelajuanmontalvo@hotmail.es,hotmail.es,Educación / Colegio / Escuela (AMIE),Consolidado
escuelajuanmontalvo_2012@hotmail.com,hotmail.com,Educación / Colegio / Escuela (AMIE),Consolidado
escuelajuanocampos@gmail.com,gmail.com,Educación / Colegio / Escuela (AMIE),Consolidado
escuelajuanortiz03do3@gmail.com,gmail.com,Educación / Colegio / Escuela (AMIE),Consolidado
escuelajuanpiomontufar2013@hotmail.com,hotmail.com,Educación / Colegio / Escuela (AMIE),Consolidado
escuelajuanrodolfoburgosbarre@gmail.com,gmail.com,Educación / Colegio / Escuela (AMIE),Consolidado
escuelajuansalinas@hotmail.com,hotmail.com,Educación / Colegio / Escuela (AMIE),Consolidado
escuelajudithtapia@hotmail.com,hotmail.com,Educación / Colegio / Escuela (AMIE),Consolidado
escuelajulio.estradaicaza@yahoo.es,yahoo.es,Educación / Colegio / Escuela (AMIE),Consolidado
escuelajulioenrique@yahoo.es,yahoo.es,Educación / Colegio / Escuela (AMIE),Consolidado
escuelajulioenriqueparedes@hotmail.com,hotmail.com,Educación / Colegio / Escuela (AMIE),Consolidado
escuelajunin@hotmail.com,hotmail.com,Educación / Colegio / Escuela (AMIE),Consolidado
escuelajuvanalsalinas@gmail.com,gmail.com,Educación / Colegio / Escuela (AMIE),Consolidado
escuelakosmetikos@gmail.com,gmail.com,Educación / Colegio / Escuela (AMIE),Consolidado
escuelal1985@hotmail.com,hotmail.com,Educación / Colegio / Escuela (AMIE),Consolidado
escuelalabelleza@yahoo.es,yahoo.es,Educación / Colegio / Escuela (AMIE),Consolidado
escuelalacalandria@hotmail.com,hotmail.com,Educación / Colegio / Escuela (AMIE),Consolidado
escuelalacreacion@gmail.com,gmail.com,Educación / Colegio / Escuela (AMIE),Consolidado
escuelaladolorosa@gmail.com,gmail.com,Educación / Colegio / Escuela (AMIE),Consolidado
escuelalaexcelencia@yahoo.com,yahoo.com,Educación / Colegio / Escuela (AMIE),Consolidado
escuelalagoagrio1970@hotmail.com,hotmail.com,Educación / Colegio / Escuela (AMIE),Consolidado
escuelalaguna_sanmiguel@hotmail.com,hotmail.com,Educación / Colegio / Escuela (AMIE),Consolidado
escuelalamagdalena@hotmail.com,hotmail.com,Educación / Colegio / Escuela (AMIE),Consolidado
escuelalamerced_pajan@hotmail.com,hotmail.com,Educación / Colegio / Escuela (AMIE),Consolidado
escuelalamonserrate@gmail.com,gmail.com,Educación / Colegio / Escuela (AMIE),Consolidado
escuelalamor@gmail.com,gmail.com,Educación / Colegio / Escuela (AMIE),Consolidado
escuelalasalletulcan@gmail.com,gmail.com,Educación / Colegio / Escuela (AMIE),Consolidado
escuelalascoronas@yahoo.com,yahoo.com,Educación / Colegio / Escuela (AMIE),Consolidado
escuelalatierraesvida@gmail.com,gmail.com,Educación / Colegio / Escuela (AMIE),MR COLEGIOS 2017.csv
escuelalazoilita@yahoo.es,yahoo.es,Educación / Colegio / Escuela (AMIE),Consolidado
escuelalejol@hotmail.com,hotmail.com,Educación / Colegio / Escuela (AMIE),Consolidado
escuelalejolascano@hotmail.com,hotmail.com,Educación / Colegio / Escuela (AMIE),Consolidado
escuelalenin@hotmail.com,hotmail.com,Educación / Colegio / Escuela (AMIE),Consolidado
escuelaleonardoruiz@hotmail.com,hotmail.com,Educación / Colegio / Escuela (AMIE),Consolidado
escuelaleonidasg@gmail.com,gmail.com,Educación / Colegio / Escuela (AMIE),Consolidado
escuelaleonidasplaza1924@hotmail.com,hotmail.com,Educación / Colegio / Escuela (AMIE),Consolidado
escuelaleonidasproano@gmail.com,gmail.com,Educación / Colegio / Escuela (AMIE),Consolidado
escuelaleonpioacosta1@gmail.com,gmail.com,Educación / Colegio / Escuela (AMIE),Consolidado
escuelaleopoldo1946@hotmail.com,hotmail.com,Educación / Colegio / Escuela (AMIE),Consolidado
escuelaleopoldofreire@hotmail.com,hotmail.com,Educación / Colegio / Escuela (AMIE),Consolidado
escuelaleopoldonavas@hotmail.com,hotmail.com,Educación / Colegio / Escuela (AMIE),Consolidado
escuelaler@hotmail.com,hotmail.com,Educación / Colegio / Escuela (AMIE),Consolidado
escuelaleticiamontenegro@yahoo.es,yahoo.es,Educación / Colegio / Escuela (AMIE),Consolidado
escuelalgnm@hotmail.com,hotmail.com,Educación / Colegio / Escuela (AMIE),Consolidado
escuelalibiamelidajaramillo@hotmail.com,hotmail.com,Educación / Colegio / Escuela (AMIE),Consolidado
escuelalindemberg@yahoo.com,yahoo.com,Educación / Colegio / Escuela (AMIE),Consolidado
escuelalindoamanecer@hotmail.com,hotmail.com,Educación / Colegio / Escuela (AMIE),Consolidado
escuelalizardogarciaavilez@hotmail.com,hotmail.com,Educación / Colegio / Escuela (AMIE),Consolidado
escuelallactacazhca@hotmail.com,hotmail.com,Educación / Colegio / Escuela (AMIE),Consolidado
escuelalopezdeleon@hotmail.es,hotmail.es,Educación / Colegio / Escuela (AMIE),Consolidado
escuelalosandes15578@hotmail.com,hotmail.com,Educación / Colegio / Escuela (AMIE),Consolidado
escuelaloslaureles@yahoo.com,yahoo.com,Educación / Colegio / Escuela (AMIE),Consolidado
escuelalosrios203@hotmail.com,hotmail.com,Educación / Colegio / Escuela (AMIE),Consolidado
escuelalossauces@hotmail.com,hotmail.com,Educación / Colegio / Escuela (AMIE),Consolidado
escuelalosshyris23@hotmail.com,hotmail.com,Educación / Colegio / Escuela (AMIE),Consolidado
escuelaltemia@hotmail.com,hotmail.com,Educación / Colegio / Escuela (AMIE),1195 cole gquil.csv
escuelalucilapaez@hotmail.com,hotmail.com,Educación / Colegio / Escuela (AMIE),Consolidado
escuelaluis2014@hotmail.com,hotmail.com,Educación / Colegio / Escuela (AMIE),Consolidado
escuelaluisamartingonzalez1992@gmail.com,gmail.com,Educación / Colegio / Escuela (AMIE),Consolidado
escuelaluisantoniomontesinos@hotmail.com,hotmail.com,Educación / Colegio / Escuela (AMIE),Consolidado
escuelaluiscadena1977@hotmail.com,hotmail.com,Educación / Colegio / Escuela (AMIE),Consolidado
escuelaluiscordero@outlook.com,outlook.com,Educación / Colegio / Escuela (AMIE),Consolidado
escuelaluiscorderocrespo@ymail.com,ymail.com,Educación / Colegio / Escuela (AMIE),Consolidado
escuelaluiseg@outlook.com,outlook.com,Educación / Colegio / Escuela (AMIE),Consolidado
escuelaluisfelipemora@hotmail.com,hotmail.com,Educación / Colegio / Escuela (AMIE),Consolidado
escuelaluisgodin@gmail.com,gmail.com,Educación / Colegio / Escuela (AMIE),Consolidado
escuelaluisleonroman@hotmail.com,hotmail.com,Educación / Colegio / Escuela (AMIE),Consolidado
escuelaluismadero@hotmail.com,hotmail.com,Educación / Colegio / Escuela (AMIE),Consolidado
escuelaluisserranoarevalo@gmail.com,gmail.com,Educación / Colegio / Escuela (AMIE),Consolidado
escuelaluisvives@outlook.com,outlook.com,Educación / Colegio / Escuela (AMIE),Consolidado
escuelaluzdeamerica@hotmail.com,hotmail.com,Educación / Colegio / Escuela (AMIE),Consolidado
escuelaluzemiliasaa@gmail.com,gmail.com,Educación / Colegio / Escuela (AMIE),Consolidado
escuelaluztorres@hotmail.com,hotmail.com,Educación / Colegio / Escuela (AMIE),Consolidado
escuelaluzuriaga@hotmail.com,hotmail.com,Educación / Colegio / Escuela (AMIE),Consolidado
escuelalvirgendelcarmen@gmail.com,gmail.com,Educación / Colegio / Escuela (AMIE),Consolidado
escuelamadreteresadecalcuta@hotmail.es,hotmail.es,Educación / Colegio / Escuela (AMIE),Consolidado
escuelamainas@hotmail.com,hotmail.com,Educación / Colegio / Escuela (AMIE),Consolidado
escuelamajirel@hotmail.com,hotmail.com,Educación / Colegio / Escuela (AMIE),Consolidado
escuelamanta@gmail.com,gmail.com,Educación / Colegio / Escuela (AMIE),Consolidado
escuelamanuela-ca-izarez@hotmail.com,hotmail.com,Educación / Colegio / Escuela (AMIE),Consolidado
escuelamanuela.caizares@yahoo.es,yahoo.es,Educación / Colegio / Escuela (AMIE),Consolidado
escuelamanuela_canizares@yahoo.com,yahoo.com,Educación / Colegio / Escuela (AMIE),Consolidado
escuelamanuelaca@yahoo.es,yahoo.es,Educación / Colegio / Escuela (AMIE),Consolidado
escuelamanuelacanizares@gmail.com,gmail.com,Educación / Colegio / Escuela (AMIE),Consolidado
escuelamanuelacañizares@hotmail.com,hotmail.com,Educación / Colegio / Escuela (AMIE),Consolidado
escuelamanuelagaraicoa@gmail.com,gmail.com,Educación / Colegio / Escuela (AMIE),Consolidado
escuelamanuelaromero@hotmail.com,hotmail.com,Educación / Colegio / Escuela (AMIE),1195 cole gquil.csv
escuelamanuelasaenz@hotmail.com,hotmail.com,Educación / Colegio / Escuela (AMIE),Consolidado
escuelamanuelasaenz@yahoo.com,yahoo.com,Educación / Colegio / Escuela (AMIE),Consolidado
escuelamanuelcordovagalarza@hotmail.com,hotmail.com,Educación / Colegio / Escuela (AMIE),Consolidado
escuelamanueldejesusbpalma@hotmail.com,hotmail.com,Educación / Colegio / Escuela (AMIE),Consolidado
escuelamanueldejesusreal@educacion.gob.ec,educacion.gob.ec,Educación / Colegio / Escuela (AMIE),Consolidado
escuelamanuelestebangodoy@hotmail.com,hotmail.com,Educación / Colegio / Escuela (AMIE),Consolidado
escuelamanuelitasaenz@hotmail.com,hotmail.com,Educación / Colegio / Escuela (AMIE),Consolidado
escuelamanueljoseaguirre@hotmail.com,hotmail.com,Educación / Colegio / Escuela (AMIE),Consolidado
escuelamanuelmariapolitlasso@hotmail.com,hotmail.com,Educación / Colegio / Escuela (AMIE),Consolidado
escuelamanuelraza@hotmail.com,hotmail.com,Educación / Colegio / Escuela (AMIE),Consolidado
escuelamanuelriofriomora@homail.es,homail.es,Educación / Colegio / Escuela (AMIE),Consolidado
escuelamanuelrivadeneira@yahoo.com,yahoo.com,Educación / Colegio / Escuela (AMIE),Consolidado
escuelamanuelvargas@hotmail.com,hotmail.com,Educación / Colegio / Escuela (AMIE),Consolidado
escuelamanuelvargas@yahoo.es,yahoo.es,Educación / Colegio / Escuela (AMIE),Consolidado
escuelamanuelzambrano@hotmail.es,hotmail.es,Educación / Colegio / Escuela (AMIE),Consolidado
escuelamarcoaureliosubamartinez@yahoo.es,yahoo.es,Educación / Colegio / Escuela (AMIE),Consolidado
escuelamarcosep@hotmail.com,hotmail.com,Educación / Colegio / Escuela (AMIE),Consolidado
escuelamariaclaret@yahoo.com,yahoo.com,Educación / Colegio / Escuela (AMIE),Consolidado
escuelamariadefatima@hotmail.com,hotmail.com,Educación / Colegio / Escuela (AMIE),Consolidado
escuelamariadelourdes@gmal.com,gmal.com,Educación / Colegio / Escuela (AMIE),Consolidado
escuelamariaestherzamora@hotmail.com,hotmail.com,Educación / Colegio / Escuela (AMIE),Consolidado
escuelamariaeugeniar@hotmail.com,hotmail.com,Educación / Colegio / Escuela (AMIE),Consolidado
escuelamariaflorinda@hotmail.com,hotmail.com,Educación / Colegio / Escuela (AMIE),Consolidado
escuelamarialarrain@hotmail.com,hotmail.com,Educación / Colegio / Escuela (AMIE),Consolidado
escuelamarialeonorsalgado@hotmail.es,hotmail.es,Educación / Colegio / Escuela (AMIE),Consolidado
escuelamariamercedes@hotmail.com,hotmail.com,Educación / Colegio / Escuela (AMIE),Consolidado
escuelamarianitadejesus12@gmail.com,gmail.com,Educación / Colegio / Escuela (AMIE),Consolidado
escuelamarianobenitez@gmail.com,gmail.com,Educación / Colegio / Escuela (AMIE),Consolidado
escuelamariarubio@hotmail.com,hotmail.com,Educación / Colegio / Escuela (AMIE),Consolidado
escuelamariasolisdesalazar@hotmail.com,hotmail.com,Educación / Colegio / Escuela (AMIE),Consolidado
escuelamarthanoemiastudillo@yahoo.es,yahoo.es,Educación / Colegio / Escuela (AMIE),Consolidado
escuelamatildehidalgo@hotmail.com,hotmail.com,Educación / Colegio / Escuela (AMIE),Consolidado
escuelamatildepalacio@yahoo.com,yahoo.com,Educación / Colegio / Escuela (AMIE),Consolidado
escuelamaxkonanz@hotmail.com,hotmail.com,Educación / Colegio / Escuela (AMIE),Consolidado
escuelamaxmartinez@outlook.com,outlook.com,Educación / Colegio / Escuela (AMIE),Consolidado
escuelamcp@hotmail.com,hotmail.com,Educación / Colegio / Escuela (AMIE),Consolidado
escuelamedardoangelsilva@yahoo.es,yahoo.es,Educación / Colegio / Escuela (AMIE),Consolidado
escuelamedardoluistorres@gmail.com,gmail.com,Educación / Colegio / Escuela (AMIE),Consolidado
escuelamejico@gmail.com,gmail.com,Educación / Colegio / Escuela (AMIE),Consolidado
escuelamerced@hotmail.com,hotmail.com,Educación / Colegio / Escuela (AMIE),Consolidado
escuelamercedcolinas@hotmail.com,hotmail.com,Educación / Colegio / Escuela (AMIE),1195 cole gquil.csv
escuelamercedesvaldiviezo.2010@gmail.com,gmail.com,Educación / Colegio / Escuela (AMIE),Consolidado
escuelamerica@hotmail.com,hotmail.com,Educación / Colegio / Escuela (AMIE),Consolidado
escuelamiecuador@hotmail.com,hotmail.com,Educación / Colegio / Escuela (AMIE),Consolidado
escuelamiguela@hotmail.com,hotmail.com,Educación / Colegio / Escuela (AMIE),Consolidado
escuelamigueldiazcueva@hotmail.com,hotmail.com,Educación / Colegio / Escuela (AMIE),Consolidado
escuelamiguelespinoza@yahoo.com,yahoo.com,Educación / Colegio / Escuela (AMIE),Consolidado
escuelamiguelhalcivar@hotmail.com,hotmail.com,Educación / Colegio / Escuela (AMIE),Consolidado
escuelamiguelleonidasrosales@hotmail.com,hotmail.com,Educación / Colegio / Escuela (AMIE),Consolidado
escuelamiguelriofrio1@yahoo.es,yahoo.es,Educación / Colegio / Escuela (AMIE),Consolidado
escuelamiguelvalverde@gmail.com,gmail.com,Educación / Colegio / Escuela (AMIE),Consolidado
escuelamiguelzambrano@hotmail.com,hotmail.com,Educación / Colegio / Escuela (AMIE),Consolidado
escuelamiltonpatino@hotmail.com,hotmail.com,Educación / Colegio / Escuela (AMIE),Consolidado
escuelaminacho@hotmail.com,hotmail.com,Educación / Colegio / Escuela (AMIE),Consolidado
escuelamipequenojesus@hotmail.com,hotmail.com,Educación / Colegio / Escuela (AMIE),Consolidado
escuelamiraflores_@hotmail.es,hotmail.es,Educación / Colegio / Escuela (AMIE),Consolidado
escuelamisaelacostasolis@hotmail.com,hotmail.com,Educación / Colegio / Escuela (AMIE),Consolidado
escuelamixtaecascante@gmail.com,gmail.com,Educación / Colegio / Escuela (AMIE),2324 cole nuev.csv
escuelamixtanuevedeabril@yahoo.es,yahoo.es,Educación / Colegio / Escuela (AMIE),Consolidado
escuelammvelasco@hotmal.com,hotmal.com,Educación / Colegio / Escuela (AMIE),Consolidado
escuelamoa@hotmail.com,hotmail.com,Educación / Colegio / Escuela (AMIE),Consolidado
escuelamoisesaenz@hotmail.com,hotmail.com,Educación / Colegio / Escuela (AMIE),Consolidado
escuelamonseleonidasp03d02@gmail.com,gmail.com,Educación / Colegio / Escuela (AMIE),Consolidado
escuelamonsfranciscovaldivieso@hotmail.com,hotmail.com,Educación / Colegio / Escuela (AMIE),Consolidado
escuelamontecarlo03d03@gmail.com,gmail.com,Educación / Colegio / Escuela (AMIE),Consolidado
escuelamontedelosolivos@hotmail.com,hotmail.com,Educación / Colegio / Escuela (AMIE),Consolidado
escuelamonterrey18@hotmail.com,hotmail.com,Educación / Colegio / Escuela (AMIE),Consolidado
escuelamontreal@hotmail.com,hotmail.com,Educación / Colegio / Escuela (AMIE),Consolidado
escuelamorona@hotmail.com,hotmail.com,Educación / Colegio / Escuela (AMIE),Consolidado
escuelamoronasantiago@gmail.com,gmail.com,Educación / Colegio / Escuela (AMIE),Consolidado
escuelamundomarino@hotmail.com,hotmail.com,Educación / Colegio / Escuela (AMIE),1195 cole gquil.csv
escuelamunicipaldioniciogonzabay@hotmail.com,hotmail.com,Educación / Colegio / Escuela (AMIE),Consolidado
escuelamunicipalgsn@hotmail.com,hotmail.com,Educación / Colegio / Escuela (AMIE),Consolidado
escuelamurillo@hotmail.com,hotmail.com,Educación / Colegio / Escuela (AMIE),Consolidado
escuelamushukpakari@yahoo.com,yahoo.com,Educación / Colegio / Escuela (AMIE),Consolidado
escuelan5jaimeroldosyurima@gmail.com,gmail.com,Educación / Colegio / Escuela (AMIE),Consolidado
escuelan9une@hotmail.com,hotmail.com,Educación / Colegio / Escuela (AMIE),Consolidado
escuelanacionesunidasporto@hotmail.com,hotmail.com,Educación / Colegio / Escuela (AMIE),Consolidado
escuelanapo@gmail.com,gmail.com,Educación / Colegio / Escuela (AMIE),Consolidado
escuelanapo@homail.es,homail.es,Educación / Colegio / Escuela (AMIE),Consolidado
escuelanarcisadejesus1961@hotmail.com,hotmail.com,Educación / Colegio / Escuela (AMIE),1195 cole gquil.csv
escuelanarcisadejesus@hotmail.com,hotmail.com,Educación / Colegio / Escuela (AMIE),Consolidado
escuelanarcisadejesus@yahoo.com,yahoo.com,Educación / Colegio / Escuela (AMIE),Consolidado
escuelanatalorellana@gmail.com,gmail.com,Educación / Colegio / Escuela (AMIE),Consolidado
escuelanelsones_bass@hotmail.com,hotmail.com,Educación / Colegio / Escuela (AMIE),Consolidado
escuelaneptalipacheco2@hotmail.com,hotmail.com,Educación / Colegio / Escuela (AMIE),Consolidado
escuelangelapetroceli@hotmail.es,hotmail.es,Educación / Colegio / Escuela (AMIE),Consolidado
escuelanib-90@hotmail.com,hotmail.com,Educación / Colegio / Escuela (AMIE),Consolidado
escuelanicanor@hotmail.com,hotmail.com,Educación / Colegio / Escuela (AMIE),Consolidado
escuelanicanorguerrero@gmail.com,gmail.com,Educación / Colegio / Escuela (AMIE),Consolidado
escuelanicolasjgorivar@hotmail.com,hotmail.com,Educación / Colegio / Escuela (AMIE),Consolidado
escuelanicolasvasconez@hotmail.es,hotmail.es,Educación / Colegio / Escuela (AMIE),Consolidado
escuelaninoslatinos_649@hotmail.com,hotmail.com,Educación / Colegio / Escuela (AMIE),Consolidado
escuelanormajudith@gmail.com,gmail.com,Educación / Colegio / Escuela (AMIE),Consolidado
escuelanorteamerica@yahoo.es,yahoo.es,Educación / Colegio / Escuela (AMIE),Consolidado
escuelanovaera@hotmail.com,hotmail.com,Educación / Colegio / Escuela (AMIE),Consolidado
escuelanssagradocorazon@gmail.com,gmail.com,Educación / Colegio / Escuela (AMIE),MR COLEGIOS 2017.csv
escuelanuestroporvenir@hotmail.com,hotmail.com,Educación / Colegio / Escuela (AMIE),Consolidado
escuelanuevaera@hotmail.com,hotmail.com,Educación / Colegio / Escuela (AMIE),1195 cole gquil.csv
escuelanuevaesperanza@outlook.com,outlook.com,Educación / Colegio / Escuela (AMIE),Consolidado
escuelanuevajerusalen@hotmail.com,hotmail.com,Educación / Colegio / Escuela (AMIE),1195 cole gquil.csv
escuelanuevajerusalen@hotmail.es,hotmail.es,Educación / Colegio / Escuela (AMIE),Consolidado
escuelanuevalimon.plangrande@htmail.com,htmail.com,Educación / Colegio / Escuela (AMIE),Consolidado
escuelanuevanarcisa@gmail.com,gmail.com,Educación / Colegio / Escuela (AMIE),MR COLEGIOS 2017.csv
escuelanuevasantaelena@yahoo.es,yahoo.es,Educación / Colegio / Escuela (AMIE),Consolidado
escuelanuevedediciembre@hotmail.com,hotmail.com,Educación / Colegio / Escuela (AMIE),Consolidado
escuelanuevedeoctubre@yahoo.com,yahoo.com,Educación / Colegio / Escuela (AMIE),Consolidado
escuelanuevedeoctubred11@gmail.com,gmail.com,Educación / Colegio / Escuela (AMIE),Consolidado
escuelanuevoamanecer12@gmail.com,gmail.com,Educación / Colegio / Escuela (AMIE),Consolidado
escuelanuevoamanecer@outlook.com,outlook.com,Educación / Colegio / Escuela (AMIE),1195 cole gquil.csv
escuelanumapompilio@hotmail.com,hotmail.com,Educación / Colegio / Escuela (AMIE),Consolidado
escuelanumapompiliollona@hotmail.com,hotmail.com,Educación / Colegio / Escuela (AMIE),Consolidado
escuelaochodejulio@hotmail.com,hotmail.com,Educación / Colegio / Escuela (AMIE),Consolidado
escuelaocp_@hotmail.com,hotmail.com,Educación / Colegio / Escuela (AMIE),Consolidado
escuelaoctavianointriago@hotmail.com,hotmail.com,Educación / Colegio / Escuela (AMIE),Consolidado
escuelaodiloaguilar@hotmail.com,hotmail.com,Educación / Colegio / Escuela (AMIE),Consolidado
escuelaolegariocorrea@yahoo.es,yahoo.es,Educación / Colegio / Escuela (AMIE),Consolidado
escuelaomartorrijos@yahoo.com,yahoo.com,Educación / Colegio / Escuela (AMIE),Consolidado
escuelaonu_1987@hotmail.com,hotmail.com,Educación / Colegio / Escuela (AMIE),Consolidado
escuelaoscarefrenreyes_1997@hotmail.com,hotmail.com,Educación / Colegio / Escuela (AMIE),Consolidado
escuelaoswaldoguayasamin@gmail.com,gmail.com,Educación / Colegio / Escuela (AMIE),Consolidado
escuelaoswaldovasconez@hotmail.com,hotmail.com,Educación / Colegio / Escuela (AMIE),Consolidado
escuelapablomvega@hotmail.com,hotmail.com,Educación / Colegio / Escuela (AMIE),Consolidado
escuelapablopicazzo@hotmail.es,hotmail.es,Educación / Colegio / Escuela (AMIE),Consolidado
escuelapachano@hotmail.com,hotmail.com,Educación / Colegio / Escuela (AMIE),Consolidado
escuelapadrejuandevelasco@hotmail.com,hotmail.com,Educación / Colegio / Escuela (AMIE),Consolidado
escuelapadrejv@yahoo.es,yahoo.es,Educación / Colegio / Escuela (AMIE),Consolidado
escuelapadreluisfelipeordoez@yahoo.com,yahoo.com,Educación / Colegio / Escuela (AMIE),Consolidado
escuelapadretorres@yahoo.com.ar,yahoo.com.ar,Educación / Colegio / Escuela (AMIE),Consolidado
escuelapaim@gmail.com,gmail.com,Educación / Colegio / Escuela (AMIE),Consolidado
escuelapalenque@yahoo.es,yahoo.es,Educación / Colegio / Escuela (AMIE),Consolidado
escuelapanama03d001@gmail.com,gmail.com,Educación / Colegio / Escuela (AMIE),Consolidado
escuelapanupali@hotmail.com,hotmail.com,Educación / Colegio / Escuela (AMIE),Consolidado
escuelapar_sanfrancisco2009@yahoo.es,yahoo.es,Educación / Colegio / Escuela (AMIE),Consolidado
escuelapart-eloyalfaro@hotmail.com,hotmail.com,Educación / Colegio / Escuela (AMIE),Consolidado
escuelaparticular159casiodorodereina@lhotmail.com,lhotmail.com,Educación / Colegio / Escuela (AMIE),Consolidado
escuelaparticularalberteinstein@homail.com,homail.com,Educación / Colegio / Escuela (AMIE),1195 cole gquil.csv
escuelaparticularariel@hotmail.com,hotmail.com,Educación / Colegio / Escuela (AMIE),Consolidado
escuelaparticularbasicacdi@gmail.com,gmail.com,Educación / Colegio / Escuela (AMIE),Consolidado
escuelaparticularcampanita@yahoo.es,yahoo.es,Educación / Colegio / Escuela (AMIE),Consolidado
escuelaparticularcerroazul@hotmail.com,hotmail.com,Educación / Colegio / Escuela (AMIE),2324 cole nuev.csv
escuelaparticulardelsalvador@hotmail.com,hotmail.com,Educación / Colegio / Escuela (AMIE),Consolidado
escuelaparticularevitaestrada@gmail.com,gmail.com,Educación / Colegio / Escuela (AMIE),Consolidado
escuelaparticularjunior@hotmail.com,hotmail.com,Educación / Colegio / Escuela (AMIE),Consolidado
escuelaparticularlacolina@gmail.com,gmail.com,Educación / Colegio / Escuela (AMIE),Consolidado
escuelaparticularmariaauxiliadora@hotmail.com,hotmail.com,Educación / Colegio / Escuela (AMIE),Consolidado
escuelaparticularmixtaecuador@gmail.com,gmail.com,Educación / Colegio / Escuela (AMIE),Consolidado
escuelaparticularmixtaluzdelmundo@hotmail.com,hotmail.com,Educación / Colegio / Escuela (AMIE),Consolidado
escuelaparticularwalterolando@hotmail.com,hotmail.com,Educación / Colegio / Escuela (AMIE),Consolidado
escuelapasaje239@hotmail.com,hotmail.com,Educación / Colegio / Escuela (AMIE),Consolidado
escuelapastoriza@yahoo.com,yahoo.com,Educación / Colegio / Escuela (AMIE),Consolidado
escuelapatria2015@hotmail.com,hotmail.com,Educación / Colegio / Escuela (AMIE),Consolidado
escuelapatriciogonzalez@hotmail.com,hotmail.com,Educación / Colegio / Escuela (AMIE),Consolidado
escuelapazparavivir@gmail.com,gmail.com,Educación / Colegio / Escuela (AMIE),1195 cole gquil.csv
escuelapedro_carbo@hotmail.com,hotmail.com,Educación / Colegio / Escuela (AMIE),Consolidado
escuelapedrogual.12@gmail.com,gmail.com,Educación / Colegio / Escuela (AMIE),Consolidado
escuelapedromoncayo@yahoo.es,yahoo.es,Educación / Colegio / Escuela (AMIE),Consolidado
escuelapedropacheco@gmail.com,gmail.com,Educación / Colegio / Escuela (AMIE),Consolidado
escuelapedropinto@gmail.com,gmail.com,Educación / Colegio / Escuela (AMIE),Consolidado
escuelapedrozambranoizaguirre@hotmail.com,hotmail.com,Educación / Colegio / Escuela (AMIE),Consolidado
escuelapeninsuladesantaelena@hotmail.com,hotmail.com,Educación / Colegio / Escuela (AMIE),Consolidado
escuelapeo@hotmail.com,hotmail.com,Educación / Colegio / Escuela (AMIE),Consolidado
escuelapfc-2011@hotmail.com,hotmail.com,Educación / Colegio / Escuela (AMIE),Consolidado
escuelapichilingue@hotmail.com,hotmail.com,Educación / Colegio / Escuela (AMIE),Consolidado
escuelapichincha_10@hotmail.com,hotmail.com,Educación / Colegio / Escuela (AMIE),Consolidado
escuelapiedadbarcenas@gmail.com,gmail.com,Educación / Colegio / Escuela (AMIE),Consolidado
escuelapiedrasv@gmail.com,gmail.com,Educación / Colegio / Escuela (AMIE),Consolidado
escuelapinchupa@hotmail.com,hotmail.com,Educación / Colegio / Escuela (AMIE),Consolidado
escuelapiobravo418@hotmail.com,hotmail.com,Educación / Colegio / Escuela (AMIE),Consolidado
escuelapiojaramillo@gmail.com,gmail.com,Educación / Colegio / Escuela (AMIE),Consolidado
escuelaplatanillo@gmail.com,gmail.com,Educación / Colegio / Escuela (AMIE),Consolidado
escuelaplenitud@yahoo.com,yahoo.com,Educación / Colegio / Escuela (AMIE),1195 cole gquil.csv
escuelapliniorobalino@hotmail.com,hotmail.com,Educación / Colegio / Escuela (AMIE),Consolidado
escuelapolibioreyes2016@hotmail.com,hotmail.com,Educación / Colegio / Escuela (AMIE),Consolidado
escuelapolicarpa@hotmail.com,hotmail.com,Educación / Colegio / Escuela (AMIE),Consolidado
escuelapompeyasaquisili@hotmail.com,hotmail.com,Educación / Colegio / Escuela (AMIE),Consolidado
escuelapompilioreinosoj@hotmail.es,hotmail.es,Educación / Colegio / Escuela (AMIE),Consolidado
escuelapparrales@hotmail.com,hotmail.com,Educación / Colegio / Escuela (AMIE),Consolidado
escuelappeb1946@hotmail.com,hotmail.com,Educación / Colegio / Escuela (AMIE),Consolidado
escuelaprimerodejulio70@hotmail.com,hotmail.com,Educación / Colegio / Escuela (AMIE),Consolidado
escuelaprimerodemayopiedraazul@hotmail.com,hotmail.com,Educación / Colegio / Escuela (AMIE),Consolidado
escuelaprincesapacha@hotmail.com,hotmail.com,Educación / Colegio / Escuela (AMIE),Consolidado
escuelaprincesatoa@gmail.com,gmail.com,Educación / Colegio / Escuela (AMIE),Consolidado
escuelaprincipedepaz@educacion.ec,educacion.ec,Educación / Colegio / Escuela (AMIE),Consolidado
escuelaprof.odonmoreirapisco2@hotmail.com,hotmail.com,Educación / Colegio / Escuela (AMIE),Consolidado
escuelaprovinciadegalapagos@yahoo.es,yahoo.es,Educación / Colegio / Escuela (AMIE),Consolidado
escuelaprovinciadelchimborazo@yahoo.es,yahoo.es,Educación / Colegio / Escuela (AMIE),Consolidado
escuelaprovinciadepichincha@gmail.com,gmail.com,Educación / Colegio / Escuela (AMIE),Consolidado
escuelaprovinciadepichincha@hotmail.com,hotmail.com,Educación / Colegio / Escuela (AMIE),Consolidado
escuelapublicagustoaguilera@yahoo.com,yahoo.com,Educación / Colegio / Escuela (AMIE),Consolidado
escuelapuertobaquerizomoreno@hotmail.com,hotmail.com,Educación / Colegio / Escuela (AMIE),Consolidado
escuelapula15@gmail.com,gmail.com,Educación / Colegio / Escuela (AMIE),Consolidado
escuelaquilindana@hotmail.com,hotmail.com,Educación / Colegio / Escuela (AMIE),Consolidado
escuelaquito9@hotmail.es,hotmail.es,Educación / Colegio / Escuela (AMIE),Consolidado
escuelaquito@hotmail.es,hotmail.es,Educación / Colegio / Escuela (AMIE),Consolidado
escuelaquiton6@hotmail.com,hotmail.com,Educación / Colegio / Escuela (AMIE),Consolidado
escuelarafaelbritomendoza@yahoo.es,yahoo.es,Educación / Colegio / Escuela (AMIE),Consolidado
escuelarafaelchico@hotmail.com,hotmail.com,Educación / Colegio / Escuela (AMIE),Consolidado
escuelarafaelcorralmoscoso@gmail.com,gmail.com,Educación / Colegio / Escuela (AMIE),Consolidado
escuelarafaelferrer@yahoo.com,yahoo.com,Educación / Colegio / Escuela (AMIE),Consolidado
escuelarafaelgarciagoyena@hotmail.com,hotmail.com,Educación / Colegio / Escuela (AMIE),Consolidado
escuelarafaeltandazotacuri@hotmail.com,hotmail.com,Educación / Colegio / Escuela (AMIE),Consolidado
escuelaraquelbenigna@hotmail.com,hotmail.com,Educación / Colegio / Escuela (AMIE),Consolidado
escuelarayitosdeesperanza1@hotmail.com,hotmail.com,Educación / Colegio / Escuela (AMIE),1195 cole gquil.csv
escuelare-in-ver@hotmail.com,hotmail.com,Educación / Colegio / Escuela (AMIE),1195 cole gquil.csv
escuelarealestamarindo@yahoo.com,yahoo.com,Educación / Colegio / Escuela (AMIE),Consolidado
escuelarebeca@hotmail.com,hotmail.com,Educación / Colegio / Escuela (AMIE),Consolidado
escuelaregionamazonica@yahoo.es,yahoo.es,Educación / Colegio / Escuela (AMIE),Consolidado
escuelareinaldoe@gmail.com,gmail.com,Educación / Colegio / Escuela (AMIE),Consolidado
escuelareinaldoespinoza@hotmail.com,hotmail.com,Educación / Colegio / Escuela (AMIE),Consolidado
escuelaremigiocrespo@hotmail.com,hotmail.com,Educación / Colegio / Escuela (AMIE),Consolidado
escuelaremigioromeroycordero@hotmail.com,hotmail.com,Educación / Colegio / Escuela (AMIE),Consolidado
escuelarenatodescartes@hotmail.com,hotmail.com,Educación / Colegio / Escuela (AMIE),Consolidado
escuelarengel@hotmail.com,hotmail.com,Educación / Colegio / Escuela (AMIE),Consolidado
escuelarepublicadechile@hotmail.com,hotmail.com,Educación / Colegio / Escuela (AMIE),Consolidado
escuelarepublicadecolombia@yahoo.com,yahoo.com,Educación / Colegio / Escuela (AMIE),Consolidado
escuelarepublicadesurinan@hotmail.com,hotmail.com,Educación / Colegio / Escuela (AMIE),Consolidado
escuelarepublicadominicana16@hotmail.com,hotmail.com,Educación / Colegio / Escuela (AMIE),Consolidado
escuelaresurreccion1984@hotmail.com,hotmail.com,Educación / Colegio / Escuela (AMIE),Consolidado
escuelaricardo@gmail.com,gmail.com,Educación / Colegio / Escuela (AMIE),Consolidado
escuelaricardoflatz@gmail.com,gmail.com,Educación / Colegio / Escuela (AMIE),Consolidado
escuelaricardoparedesromero@hotmail.es,hotmail.es,Educación / Colegio / Escuela (AMIE),Consolidado
escuelaricardovaldivieso@yahoo.es,yahoo.es,Educación / Colegio / Escuela (AMIE),Consolidado
escuelaricaurte@yahoo.es,yahoo.es,Educación / Colegio / Escuela (AMIE),Consolidado
escuelarinaortiz1984@hotmail.com,hotmail.com,Educación / Colegio / Escuela (AMIE),Consolidado
escuelarincondeluz@hotmail.com,hotmail.com,Educación / Colegio / Escuela (AMIE),1195 cole gquil.csv
escuelarioaguarico@hotmail.com,hotmail.com,Educación / Colegio / Escuela (AMIE),Consolidado
escuelariobamba@hotmail.com,hotmail.com,Educación / Colegio / Escuela (AMIE),Consolidado
escuelarioblanco_@hotmail.com,hotmail.com,Educación / Colegio / Escuela (AMIE),Consolidado
escuelariocanchis@yahoo.es,yahoo.es,Educación / Colegio / Escuela (AMIE),Consolidado
escuelariochanchan@gmail.com,gmail.com,Educación / Colegio / Escuela (AMIE),Consolidado
escuelariococa1996@hotmail.com,hotmail.com,Educación / Colegio / Escuela (AMIE),Consolidado
escuelariococa@yahoo.com,yahoo.com,Educación / Colegio / Escuela (AMIE),Consolidado
escuelariocofanes@hotmail.com,hotmail.com,Educación / Colegio / Escuela (AMIE),Consolidado
escuelarioconguillo@outlook.com,outlook.com,Educación / Colegio / Escuela (AMIE),Consolidado
escuelariocristal@gmail.com,gmail.com,Educación / Colegio / Escuela (AMIE),Consolidado
escuelariodejaneiro@yahoo.com,yahoo.com,Educación / Colegio / Escuela (AMIE),Consolidado
escuelariofrio110@yahoo.es,yahoo.es,Educación / Colegio / Escuela (AMIE),Consolidado
escuelarioguayas@gmail.com,gmail.com,Educación / Colegio / Escuela (AMIE),MR COLEGIOS 2017.csv
escuelariomalacatos@gmail.com,gmail.com,Educación / Colegio / Escuela (AMIE),Consolidado
escuelariomuchacho@gmail.com,gmail.com,Educación / Colegio / Escuela (AMIE),Consolidado
escuelarioozogoche@gmail.com,gmail.com,Educación / Colegio / Escuela (AMIE),Consolidado
escuelariopastaza@hotmail.es,hotmail.es,Educación / Colegio / Escuela (AMIE),Consolidado
escuelarioquevedo@hotmail.com,hotmail.com,Educación / Colegio / Escuela (AMIE),Consolidado
escuelarobathan@hotmail.com,hotmail.com,Educación / Colegio / Escuela (AMIE),Consolidado
escuelarobertocorrea@hotmail.com,hotmail.com,Educación / Colegio / Escuela (AMIE),Consolidado
escuelarobertorodriguez@gmail.com,gmail.com,Educación / Colegio / Escuela (AMIE),Consolidado
escuelarobertoruilova@hotmail.com,hotmail.com,Educación / Colegio / Escuela (AMIE),Consolidado
escuelarosaborjadeicaza1@hotmail.com,hotmail.com,Educación / Colegio / Escuela (AMIE),Consolidado
escuelarosaelviraba@hotmail.com,hotmail.com,Educación / Colegio / Escuela (AMIE),Consolidado
escuelarosarioapolo@hotmail.com,hotmail.com,Educación / Colegio / Escuela (AMIE),Consolidado
escuelarosatransito@yahoo.es,yahoo.es,Educación / Colegio / Escuela (AMIE),Consolidado
escuelarosauramendieta@hotmail.com,hotmail.com,Educación / Colegio / Escuela (AMIE),Consolidado
escuelarosauramunozderivadeneira@hotmail.com,hotmail.com,Educación / Colegio / Escuela (AMIE),Consolidado
escuelarosendovegadelatorre@hotmail.com,hotmail.com,Educación / Colegio / Escuela (AMIE),Consolidado
escuelarpj@hotmail.com,hotmail.com,Educación / Colegio / Escuela (AMIE),Consolidado
escuelarubensilva@hotrmail.com,hotrmail.com,Educación / Colegio / Escuela (AMIE),Consolidado
escuelarumichaca2016@hotmail.com,hotmail.com,Educación / Colegio / Escuela (AMIE),Consolidado
escuelarumichaca82@hotmail.com,hotmail.com,Educación / Colegio / Escuela (AMIE),Consolidado
escuelaruminahui.51@gmail.com,gmail.com,Educación / Colegio / Escuela (AMIE),Consolidado
escuelaruminahui70@hotmail.com,hotmail.com,Educación / Colegio / Escuela (AMIE),Consolidado
escuelaruthapalaciosm@hotmail.com,hotmail.com,Educación / Colegio / Escuela (AMIE),Consolidado
escuelasaiguayaquil@hotmail.co,hotmail.co,Educación / Colegio / Escuela (AMIE),2324 cole nuev.csv
escuelasaiguayaquil@hotmail.com,hotmail.com,Educación / Colegio / Escuela (AMIE),Consolidado
escuelasalomonsarango@yahoo.es,yahoo.es,Educación / Colegio / Escuela (AMIE),Consolidado
escuelasamanes@hotmail.com,hotmail.com,Educación / Colegio / Escuela (AMIE),Consolidado
escuelasamuelfritz@hotmail.com,hotmail.com,Educación / Colegio / Escuela (AMIE),Consolidado
escuelasanalejodemacul@gmail.com,gmail.com,Educación / Colegio / Escuela (AMIE),Consolidado
escuelasanantonio1@yahoo.es,yahoo.es,Educación / Colegio / Escuela (AMIE),Consolidado
escuelasanantonio_tulcan@yahoo.es,yahoo.es,Educación / Colegio / Escuela (AMIE),Consolidado
escuelasanchezco@hotmail.com,hotmail.com,Educación / Colegio / Escuela (AMIE),Consolidado
escuelasanfelipeneri@hotmail.es,hotmail.es,Educación / Colegio / Escuela (AMIE),Consolidado
escuelasanfrancisco12@gmail.com,gmail.com,Educación / Colegio / Escuela (AMIE),Consolidado
escuelasanfranciscokm28@gmail.com,gmail.com,Educación / Colegio / Escuela (AMIE),Consolidado
escuelasanignacio2013@hotmail.com,hotmail.com,Educación / Colegio / Escuela (AMIE),Consolidado
escuelasanjacinto1984@hotmail.com,hotmail.com,Educación / Colegio / Escuela (AMIE),Consolidado
escuelasanjacinto@hotmail.com,hotmail.com,Educación / Colegio / Escuela (AMIE),Consolidado
escuelasanjosedelchamanal@hotmail.com,hotmail.com,Educación / Colegio / Escuela (AMIE),Consolidado
escuelasanmiguel14@gmail.com,gmail.com,Educación / Colegio / Escuela (AMIE),Consolidado
escuelasanrateresa@outlook.com,outlook.com,Educación / Colegio / Escuela (AMIE),Consolidado
escuelasanrufino@gmail.com,gmail.com,Educación / Colegio / Escuela (AMIE),Consolidado
escuelasanta_rosa@hotmail.com,hotmail.com,Educación / Colegio / Escuela (AMIE),Consolidado
escuelasantamarianita1@hotmail.com,hotmail.com,Educación / Colegio / Escuela (AMIE),Consolidado
escuelasantana@hotmail.es,hotmail.es,Educación / Colegio / Escuela (AMIE),Consolidado
escuelasantateresita@yahoo.es,yahoo.es,Educación / Colegio / Escuela (AMIE),Consolidado
escuelasantateresitadeavila@yahoo.es,yahoo.es,Educación / Colegio / Escuela (AMIE),Consolidado
escuelasantisimosacramento@hotmail.com,hotmail.com,Educación / Colegio / Escuela (AMIE),Consolidado
escuelasantosavelinosanchez@hotmail.com,hotmail.com,Educación / Colegio / Escuela (AMIE),Consolidado
escuelasar@hotmail.es,hotmail.es,Educación / Colegio / Escuela (AMIE),Consolidado
escuelasaraguro2013@gmail.com,gmail.com,Educación / Colegio / Escuela (AMIE),Consolidado
escuelasebastiadebenalcazar@gmail.com,gmail.com,Educación / Colegio / Escuela (AMIE),Consolidado
escuelasebastianbenalcazar@hotmail.com,hotmail.com,Educación / Colegio / Escuela (AMIE),Consolidado
escuelasegundofuentesrosero@yahoo.es,yahoo.es,Educación / Colegio / Escuela (AMIE),Consolidado
escuelaseisdeagosto@yahoo.es,yahoo.es,Educación / Colegio / Escuela (AMIE),Consolidado
escuelaselvaverde@yahoo.es,yahoo.es,Educación / Colegio / Escuela (AMIE),Consolidado
escuelasemillitasdecristo@hotmail.com,hotmail.com,Educación / Colegio / Escuela (AMIE),Consolidado
escuelasemira@gmail.com,gmail.com,Educación / Colegio / Escuela (AMIE),Consolidado
escuelasenderodeluz251@hotmail.com,hotmail.com,Educación / Colegio / Escuela (AMIE),2324 cole nuev.csv
escuelasenordelosmilagros@gmail.com,gmail.com,Educación / Colegio / Escuela (AMIE),Consolidado
escuelasepol@hotmail.com,hotmail.com,Educación / Colegio / Escuela (AMIE),Consolidado
escuelasepol@hotmial.com,hotmial.com,Educación / Colegio / Escuela (AMIE),Consolidado
escuelaseptiembre@outlook.com,outlook.com,Educación / Colegio / Escuela (AMIE),Consolidado
escuelasergiobravopaz07h1020@gmail.com,gmail.com,Educación / Colegio / Escuela (AMIE),Consolidado
escuelasergionunez_2013@hotmail.com,hotmail.com,Educación / Colegio / Escuela (AMIE),1195 cole gquil.csv
escuelasfpa@hotmail.com,hotmail.com,Educación / Colegio / Escuela (AMIE),Consolidado
escuelashadday@hotmail.com,hotmail.com,Educación / Colegio / Escuela (AMIE),Consolidado
escuelashyri1panadero@hotmail.com,hotmail.com,Educación / Colegio / Escuela (AMIE),Consolidado
escuelasigloxximuey@outlook.com,outlook.com,Educación / Colegio / Escuela (AMIE),Consolidado
escuelasimonbolivar01@hotmail.com,hotmail.com,Educación / Colegio / Escuela (AMIE),Consolidado
escuelasimonbolivar1964@gmail.com,gmail.com,Educación / Colegio / Escuela (AMIE),Consolidado
escuelasimonbolivar1982@hotmail.com,hotmail.com,Educación / Colegio / Escuela (AMIE),Consolidado
escuelasimonbolivargrefa@hotmail.com,hotmail.com,Educación / Colegio / Escuela (AMIE),Consolidado
escuelasinaloa@live.com,live.com,Educación / Colegio / Escuela (AMIE),Consolidado
escuelasinnombre007@hotmail.com,hotmail.com,Educación / Colegio / Escuela (AMIE),Consolidado
escuelasinnombre@gmail.com,gmail.com,Educación / Colegio / Escuela (AMIE),Consolidado
escuelasinnombre@yahoo.com,yahoo.com,Educación / Colegio / Escuela (AMIE),Consolidado
escuelasinnombreguantug@hotmail.com,hotmail.com,Educación / Colegio / Escuela (AMIE),Consolidado
escuelasinnombremasacaalto@hotmail.com,hotmail.com,Educación / Colegio / Escuela (AMIE),Consolidado
escuelasixtoduranballen@hotmail.com,hotmail.com,Educación / Colegio / Escuela (AMIE),Consolidado
escuelasms@hotmail.com,hotmail.com,Educación / Colegio / Escuela (AMIE),Consolidado
escuelasn-sanbernardo@hotmail.com,hotmail.com,Educación / Colegio / Escuela (AMIE),Consolidado
escuelasoldadobyromjimenez@hotmail.es,hotmail.es,Educación / Colegio / Escuela (AMIE),Consolidado
escuelasucre1@hotmail.com,hotmail.com,Educación / Colegio / Escuela (AMIE),Consolidado
escuelasucre2014@gmail.com,gmail.com,Educación / Colegio / Escuela (AMIE),Consolidado
escuelasucre@hotmail.com,hotmail.com,Educación / Colegio / Escuela (AMIE),Consolidado
escuelasuiza1973@hotmail.com,hotmail.com,Educación / Colegio / Escuela (AMIE),Consolidado
escuelasumaco@yahoo.com,yahoo.com,Educación / Colegio / Escuela (AMIE),Consolidado
escuelata@hotmail.com,hotmail.com,Educación / Colegio / Escuela (AMIE),Consolidado
escuelatahualpa1977@hotmail.com,hotmail.com,Educación / Colegio / Escuela (AMIE),Consolidado
escuelatalmudjehova@hotmail.com,hotmail.com,Educación / Colegio / Escuela (AMIE),Consolidado
escuelatamayo1950@hotmail.com,hotmail.com,Educación / Colegio / Escuela (AMIE),Consolidado
escuelatarcilabedonb@hotmail.es,hotmail.es,Educación / Colegio / Escuela (AMIE),Consolidado
escuelatarqui22@hotmail.com,hotmail.com,Educación / Colegio / Escuela (AMIE),Consolidado
escuelatarqui66@hotmail.com,hotmail.com,Educación / Colegio / Escuela (AMIE),Consolidado
escuelatarqui92@hotmail.com,hotmail.com,Educación / Colegio / Escuela (AMIE),Consolidado
escuelatarqui@hotmail.com,hotmail.com,Educación / Colegio / Escuela (AMIE),Consolidado
escuelatarquicorozal@hotmail.com,hotmail.com,Educación / Colegio / Escuela (AMIE),Consolidado
escuelatena1@outlook.com,outlook.com,Educación / Colegio / Escuela (AMIE),Consolidado
escuelatenguel@hotmail.com,hotmail.com,Educación / Colegio / Escuela (AMIE),Consolidado
escuelatenientecarlosdiasteran@hotmail.com,hotmail.com,Educación / Colegio / Escuela (AMIE),Consolidado
escuelateodoromcarbo@yahoo.es,yahoo.es,Educación / Colegio / Escuela (AMIE),Consolidado
escuelateodorowolf07h01026@gmail.com,gmail.com,Educación / Colegio / Escuela (AMIE),Consolidado
escuelateodorowolfd11@gmail.com,gmail.com,Educación / Colegio / Escuela (AMIE),Consolidado
escuelateresazambrano@outlook.com,outlook.com,Educación / Colegio / Escuela (AMIE),Consolidado
escuelatiwintza@yahoo.es,yahoo.es,Educación / Colegio / Escuela (AMIE),Consolidado
escuelatorrefuerte@yahoo.com,yahoo.com,Educación / Colegio / Escuela (AMIE),Consolidado
escuelatratadodejiron@hotmail.es,hotmail.es,Educación / Colegio / Escuela (AMIE),Consolidado
escuelatravesuras_manta@hotmail.com,hotmail.com,Educación / Colegio / Escuela (AMIE),Consolidado
escuelatreceabril@gmail.com,gmail.com,Educación / Colegio / Escuela (AMIE),Consolidado
escuelatrecedemayo@gmail.com,gmail.com,Educación / Colegio / Escuela (AMIE),Consolidado
escuelatresdenoviembre@yahoo.es,yahoo.es,Educación / Colegio / Escuela (AMIE),Consolidado
escuelatresmayo@yahoo.com,yahoo.com,Educación / Colegio / Escuela (AMIE),Consolidado
escuelatresnoviembre@hotmail.com,hotmail.com,Educación / Colegio / Escuela (AMIE),Consolidado
escuelatrinidadtorres@yahoo.es,yahoo.es,Educación / Colegio / Escuela (AMIE),Consolidado
escuelatsimonrodriguez@yahoo.com,yahoo.com,Educación / Colegio / Escuela (AMIE),Consolidado
escuelatulaperez@hotmail.com,hotmail.com,Educación / Colegio / Escuela (AMIE),Consolidado
escuelatungurahua12@hotmail.com,hotmail.com,Educación / Colegio / Escuela (AMIE),Consolidado
escuelatungurahua@hotmail.com,hotmail.com,Educación / Colegio / Escuela (AMIE),Consolidado
escuelatuntuam@hotmail.com,hotmail.com,Educación / Colegio / Escuela (AMIE),Consolidado
escuelatupac@hotmail.es,hotmail.es,Educación / Colegio / Escuela (AMIE),Consolidado
escuelatupackatari@outlook.com,outlook.com,Educación / Colegio / Escuela (AMIE),Consolidado
escuelatupacyupanqui1@hotmail.com,hotmail.com,Educación / Colegio / Escuela (AMIE),Consolidado
escuelaulisessotomayor@gmail.com,gmail.com,Educación / Colegio / Escuela (AMIE),Consolidado
escuelaulpianopaez@hotmail.com,hotmail.com,Educación / Colegio / Escuela (AMIE),Consolidado
escuelaunecuesaca@hotmail.com,hotmail.com,Educación / Colegio / Escuela (AMIE),Consolidado
escuelaunicefcentrohg@hotmail.com,hotmail.com,Educación / Colegio / Escuela (AMIE),Consolidado
escuelaunionyprogreso@hotmail.com,hotmail.com,Educación / Colegio / Escuela (AMIE),Consolidado
escuelaunionyprogresolimon@hotmail.com,hotmail.com,Educación / Colegio / Escuela (AMIE),Consolidado
escuelaunodejuniod11@gmail.com,gmail.com,Educación / Colegio / Escuela (AMIE),Consolidado
escuelavalladares@gmail.com,gmail.com,Educación / Colegio / Escuela (AMIE),Consolidado
escuelavalledelzamora2010@hotmail.com,hotmail.com,Educación / Colegio / Escuela (AMIE),Consolidado
escuelavanguardia1975@gmail.com,gmail.com,Educación / Colegio / Escuela (AMIE),Consolidado
escuelavat@hotmail.com,hotmail.com,Educación / Colegio / Escuela (AMIE),Consolidado
escuelaveinteycuatro@yahoo.es,yahoo.es,Educación / Colegio / Escuela (AMIE),Consolidado
escuelaveinticincodeagosto@outlook.com,outlook.com,Educación / Colegio / Escuela (AMIE),Consolidado
escuelaveinticuatrodemayo@gmail.com,gmail.com,Educación / Colegio / Escuela (AMIE),Consolidado
escuelaveintiunodejulio@hotmail.com,hotmail.com,Educación / Colegio / Escuela (AMIE),Consolidado
escuelavelascoibarraanimas@gmail.com,gmail.com,Educación / Colegio / Escuela (AMIE),Consolidado
escuelavenezuela@hotmail.com,hotmail.com,Educación / Colegio / Escuela (AMIE),Consolidado
escuelavicenteamadorflor@hotmail.com,hotmail.com,Educación / Colegio / Escuela (AMIE),Consolidado
escuelavicenteandaaguirre@hotmail.com,hotmail.com,Educación / Colegio / Escuela (AMIE),Consolidado
escuelavicentedelacarrera@gmail.com,gmail.com,Educación / Colegio / Escuela (AMIE),Consolidado
escuelavicentemarchan@yahoo.es,yahoo.es,Educación / Colegio / Escuela (AMIE),Consolidado
escuelavicenteolmedo@yahoo.es,yahoo.es,Educación / Colegio / Escuela (AMIE),Consolidado
escuelavicenteramonr@hotmail.com,hotmail.com,Educación / Colegio / Escuela (AMIE),Consolidado
escuelavicenteramonroca@hotmail.com,hotmail.com,Educación / Colegio / Escuela (AMIE),Consolidado
escuelavicenterocafuerte32@hotmail.com,hotmail.com,Educación / Colegio / Escuela (AMIE),Consolidado
escuelavicenterocafuerte4@hotmail.com,hotmail.com,Educación / Colegio / Escuela (AMIE),Consolidado
escuelavicenterocafuerte@gmail.com,gmail.com,Educación / Colegio / Escuela (AMIE),Consolidado
escuelavictorcolaguila@outlook.com,outlook.com,Educación / Colegio / Escuela (AMIE),Consolidado
escuelavictoria3@hotmail.com,hotmail.com,Educación / Colegio / Escuela (AMIE),Consolidado
escuelavictormcrespo@yahoo.es,yahoo.es,Educación / Colegio / Escuela (AMIE),Consolidado
escuelavictoryuma@yahoo.es,yahoo.es,Educación / Colegio / Escuela (AMIE),Consolidado
escuelavilcabamba@hotmail.com,hotmail.com,Educación / Colegio / Escuela (AMIE),Consolidado
escuelavirgendelrosario@yahoo.com,yahoo.com,Educación / Colegio / Escuela (AMIE),Consolidado
escuelavirgendolorosa@yahoo.es,yahoo.es,Educación / Colegio / Escuela (AMIE),Consolidado
escuelaviterif_jimenezg@yahoo.com,yahoo.com,Educación / Colegio / Escuela (AMIE),Consolidado
escuelavivaralto_2005@hotmail.com,hotmail.com,Educación / Colegio / Escuela (AMIE),Consolidado
escuelawamakurku@hotmail.com,hotmail.com,Educación / Colegio / Escuela (AMIE),Consolidado
escuelawillianking@yahoo.com,yahoo.com,Educación / Colegio / Escuela (AMIE),Consolidado
escuelayacucho@gmail.com,gmail.com,Educación / Colegio / Escuela (AMIE),Consolidado
escuelayaguachi@hotmail.es,hotmail.es,Educación / Colegio / Escuela (AMIE),Consolidado
escuelayaguarzongo@hotmail.com,hotmail.com,Educación / Colegio / Escuela (AMIE),Consolidado
escuelayambo@hotmail.com,hotmail.com,Educación / Colegio / Escuela (AMIE),Consolidado
escuelayasuni@hotmail.com,hotmail.com,Educación / Colegio / Escuela (AMIE),Consolidado
escuelayawints@yahoo.com,yahoo.com,Educación / Colegio / Escuela (AMIE),Consolidado
escuelazoilaesperanzapalacio@hotmail.com,hotmail.com,Educación / Colegio / Escuela (AMIE),Consolidado
escuelazoilaugartel@hotmail.com,hotmail.com,Educación / Colegio / Escuela (AMIE),Consolidado
esordonez@utpl.edu.ec,utpl.edu.ec,Educación / Colegio / Escuela (AMIE),Consolidado
espam@espam.edu.ec,espam.edu.ec,Educación / Colegio / Escuela (AMIE),Consolidado
esperanza.alvarado@educacion.gob.ec,educacion.gob.ec,Educación / Colegio / Escuela (AMIE),Consolidado
espesantana@educacion.gob.ec,educacion.gob.ec,Educación / Colegio / Escuela (AMIE),Consolidado
esteban.cueva@educacion.gob.ec,educacion.gob.ec,Educación / Colegio / Escuela (AMIE),Consolidado
estela.ampuero@ucsg.edu.ec,ucsg.edu.ec,Educación / Colegio / Escuela (AMIE),Consolidado
estela.diaz@educacion.gob.ec,educacion.gob.ec,Educación / Colegio / Escuela (AMIE),Consolidado
estrelladebelen_escuela@outlook.com,outlook.com,Educación / Colegio / Escuela (AMIE),1195 cole gquil.csv
etorres@uees.edu.ec,uees.edu.ec,Educación / Colegio / Escuela (AMIE),Consolidado
eufemia.alban@educacion.gob.ec,educacion.gob.ec,Educación / Colegio / Escuela (AMIE),Consolidado
eufrocina.ramirez@educacion.gob.ec,educacion.gob.ec,Educación / Colegio / Escuela (AMIE),Consolidado
eunice_cordova@escuelainteligente.edu.ec,escuelainteligente.edu.ec,Educación / Colegio / Escuela (AMIE),Consolidado
evelyn.peso@praga.edu.ec,praga.edu.ec,Educación / Colegio / Escuela (AMIE),Consolidado
experiencia@santana.edu.ec,santana.edu.ec,Educación / Colegio / Escuela (AMIE),Consolidado
fampuero@uazuay.edu.ec,uazuay.edu.ec,Educación / Colegio / Escuela (AMIE),Consolidado
fampuno@ecomundo.edu.ec,ecomundo.edu.ec,Educación / Colegio / Escuela (AMIE),Consolidado
fanny.pazminio@educacion.gob.ec,educacion.gob.ec,Educación / Colegio / Escuela (AMIE),Consolidado
fbrito@montepiedra.edu.ec,montepiedra.edu.ec,Educación / Colegio / Escuela (AMIE),Consolidado
fcalderoni@ecomundobabahoyo.edu.ec,ecomundobabahoyo.edu.ec,Educación / Colegio / Escuela (AMIE),Consolidado
febrescordero@lasalle.edu.ec,lasalle.edu.ec,Educación / Colegio / Escuela (AMIE),Consolidado
feibarra@escuelainteligente.edu.ec,escuelainteligente.edu.ec,Educación / Colegio / Escuela (AMIE),Consolidado
femenino@anai.edu.ec,anai.edu.ec,Educación / Colegio / Escuela (AMIE),Consolidado
fermin.jumbo@educacion.gob.ec,educacion.gob.ec,Educación / Colegio / Escuela (AMIE),Consolidado
fersen.leon@colegioamericano.edu.ec,colegioamericano.edu.ec,Educación / Colegio / Escuela (AMIE),Consolidado
feupsgye@ups.edu.ec,ups.edu.ec,Educación / Colegio / Escuela (AMIE),Consolidado
fgomez@ute.edu.ec,ute.edu.ec,Educación / Colegio / Escuela (AMIE),Consolidado
fic.escuela@gmail.com,gmail.com,Educación / Colegio / Escuela (AMIE),Consolidado
fidel.aguiar@educacion.gob.ec,educacion.gob.ec,Educación / Colegio / Escuela (AMIE),Consolidado
financiero@cruzrojainstituto.edu.ec,cruzrojainstituto.edu.ec,Educación / Colegio / Escuela (AMIE),Consolidado
financiero@itsu.edu.ec,itsu.edu.ec,Educación / Colegio / Escuela (AMIE),Consolidado
financiero@uio.ups.edu.ec,uio.ups.edu.ec,Educación / Colegio / Escuela (AMIE),Consolidado
financiero@uta.edu.ec,uta.edu.ec,Educación / Colegio / Escuela (AMIE),Consolidado
fjribadeneira@uce.edu.ec,uce.edu.ec,Educación / Colegio / Escuela (AMIE),Consolidado
flavio.villa@educacion.gob.ec,educacion.gob.ec,Educación / Colegio / Escuela (AMIE),Consolidado
flopez@ups.edu.ec,ups.edu.ec,Educación / Colegio / Escuela (AMIE),Consolidado
flor.arguelo@educacion.gob.ec,educacion.gob.ec,Educación / Colegio / Escuela (AMIE),Consolidado
flor.espinosa@educacion.gob.ec,educacion.gob.ec,Educación / Colegio / Escuela (AMIE),Consolidado
florencia.garces@educacion.gob.ec,educacion.gob.ec,Educación / Colegio / Escuela (AMIE),Consolidado
florencio.compte@cu.ucsg.edu.ec,cu.ucsg.edu.ec,Educación / Colegio / Escuela (AMIE),Consolidado
fmarquez@ecotec.edu.ec,ecotec.edu.ec,Educación / Colegio / Escuela (AMIE),Consolidado
formacion.dual@alemanhumboldt.edu.ec,alemanhumboldt.edu.ec,Educación / Colegio / Escuela (AMIE),Consolidado
formacionvial@espol.edu.ec,espol.edu.ec,Educación / Colegio / Escuela (AMIE),Consolidado
fperez@letort.edu.ec,letort.edu.ec,Educación / Colegio / Escuela (AMIE),Consolidado
fpoveda@copol.edu.ec,copol.edu.ec,Educación / Colegio / Escuela (AMIE),Consolidado
francisco.anastacio@educacion.gob.ec,educacion.gob.ec,Educación / Colegio / Escuela (AMIE),Consolidado
francisco.villavicen@educacion.gob.ec,educacion.gob.ec,Educación / Colegio / Escuela (AMIE),Consolidado
franco.brito@educacion.gob.ec,educacion.gob.ec,Educación / Colegio / Escuela (AMIE),Consolidado
franklin.antunish@educacion.gob.ec,educacion.gob.ec,Educación / Colegio / Escuela (AMIE),Consolidado
fredy.cevallos@cu.ucsg.edu.ec,cu.ucsg.edu.ec,Educación / Colegio / Escuela (AMIE),Consolidado
frodriguez@uagraria.edu.ec,uagraria.edu.ec,Educación / Colegio / Escuela (AMIE),Consolidado
fsolano@email.balandra.edu.ec,email.balandra.edu.ec,Educación / Colegio / Escuela (AMIE),Consolidado
ftcatamayo@finetunedenglish.edu.ec,finetunedenglish.edu.ec,Educación / Colegio / Escuela (AMIE),Consolidado
fteloja@finetunedenglish.edu.ec,finetunedenglish.edu.ec,Educación / Colegio / Escuela (AMIE),Consolidado
ftorres@espol.edu.ec,espol.edu.ec,Educación / Colegio / Escuela (AMIE),Consolidado
ftzamora@finetunedenglish.edu.ec,finetunedenglish.edu.ec,Educación / Colegio / Escuela (AMIE),Consolidado
fundacionciceron@usfq.edu.ec,usfq.edu.ec,Educación / Colegio / Escuela (AMIE),Consolidado
g.mera@lamoderna.edu.ec,lamoderna.edu.ec,Educación / Colegio / Escuela (AMIE),Consolidado
gabriela.bravo@jefferson.edu.ec,jefferson.edu.ec,Educación / Colegio / Escuela (AMIE),Consolidado
gagallegos@puce.edu.ec,puce.edu.ec,Educación / Colegio / Escuela (AMIE),Consolidado
galcivar@pucem.edu.ec,pucem.edu.ec,Educación / Colegio / Escuela (AMIE),Consolidado
gallegoslara_colegio@hotmail.com,hotmail.com,Educación / Colegio / Escuela (AMIE),Consolidado
gardenia_manyoma@ang.edu.ec,ang.edu.ec,Educación / Colegio / Escuela (AMIE),Consolidado
gbarriga@puce.edu.ec,puce.edu.ec,Educación / Colegio / Escuela (AMIE),Consolidado
gcarriel@casagrande.edu.ec,casagrande.edu.ec,Educación / Colegio / Escuela (AMIE),Consolidado
gcastillo@uees.edu.ec,uees.edu.ec,Educación / Colegio / Escuela (AMIE),Consolidado
gcedeno@cees.edu.ec,cees.edu.ec,Educación / Colegio / Escuela (AMIE),2324 cole nuev.csv
gcvelasquez@uees.edu.ec,uees.edu.ec,Educación / Colegio / Escuela (AMIE),CLIENMY PIMES  CUCUENTAS ACTIVAS SUPERCIAS ESTUDIOS ACTUARIALES RAFAEL CALDERON 2024.xls 1.xls [GUAYAS ACTIVAS ]
genny.zambrano@educacion.gob.ec,educacion.gob.ec,Educación / Colegio / Escuela (AMIE),Consolidado
geovanny.zamora@educacion.gob.ec,educacion.gob.ec,Educación / Colegio / Escuela (AMIE),Consolidado
gerencia@anai.edu.ec,anai.edu.ec,Educación / Colegio / Escuela (AMIE),Consolidado
gerencia@cenu.edu.ec,cenu.edu.ec,Educación / Colegio / Escuela (AMIE),Consolidado
gerencia@colegiocervantes.edu.ec,colegiocervantes.edu.ec,Educación / Colegio / Escuela (AMIE),Consolidado
gescuelajuanbautista@yahoo.es,yahoo.es,Educación / Colegio / Escuela (AMIE),Consolidado
gestion.informacion@educacion.gob.ec,educacion.gob.ec,Educación / Colegio / Escuela (AMIE),2324 cole nuev.csv
gestion.talentohumano@jengling.edu.ec,jengling.edu.ec,Educación / Colegio / Escuela (AMIE),Consolidado
ggallegos@puce.edu.ec,puce.edu.ec,Educación / Colegio / Escuela (AMIE),Consolidado
ggarzon@planetaazul.edu.ec,planetaazul.edu.ec,Educación / Colegio / Escuela (AMIE),Consolidado
ggordill@espol.edu.ec,espol.edu.ec,Educación / Colegio / Escuela (AMIE),Consolidado
gholguin@uleam.edu.ec,uleam.edu.ec,Educación / Colegio / Escuela (AMIE),Consolidado
ghschool@greenhills.edu.ec,greenhills.edu.ec,Educación / Colegio / Escuela (AMIE),Consolidado
gilbert.benitez@educacion.gob.ec,educacion.gob.ec,Educación / Colegio / Escuela (AMIE),Consolidado
gilma.guillin@educacion.gob.ec,educacion.gob.ec,Educación / Colegio / Escuela (AMIE),Consolidado
gina.beltran@colegioamericano.edu.ec,colegioamericano.edu.ec,Educación / Colegio / Escuela (AMIE),Consolidado
gina.loza@educacion.gob.ec,educacion.gob.ec,Educación / Colegio / Escuela (AMIE),Consolidado
girr67@educacion.gob.ec,educacion.gob.ec,Educación / Colegio / Escuela (AMIE),Consolidado
gisella.zevallos@colegioamericano.edu.ec,colegioamericano.edu.ec,Educación / Colegio / Escuela (AMIE),Consolidado
gladis.narvaes@educacion.gob.ec,educacion.gob.ec,Educación / Colegio / Escuela (AMIE),Consolidado
gladys.quiroz@educacion.gob.ec,educacion.gob.ec,Educación / Colegio / Escuela (AMIE),Consolidado
glenda.miranda@educacion.gob.ec,educacion.gob.ec,Educación / Colegio / Escuela (AMIE),Consolidado
gloria.aspiazu@educacion.gob.ec,educacion.gob.ec,Educación / Colegio / Escuela (AMIE),Consolidado
gloria.esmeraldas@educacion.gob.ec,educacion.gob.ec,Educación / Colegio / Escuela (AMIE),Consolidado
gmendez@bolivariano.edu.ec,bolivariano.edu.ec,Educación / Colegio / Escuela (AMIE),Consolidado
golda.rodriguez@itp.edu.ec,itp.edu.ec,Educación / Colegio / Escuela (AMIE),Consolidado
gperez@interamerican.edu.ec,interamerican.edu.ec,Educación / Colegio / Escuela (AMIE),Consolidado
gpino@cristorey.edu.ec,cristorey.edu.ec,Educación / Colegio / Escuela (AMIE),Consolidado
grace.gonzalez@cu.ucsg.edu.ec,cu.ucsg.edu.ec,Educación / Colegio / Escuela (AMIE),Consolidado
gracielag.palacios@educacion.gob.ec,educacion.gob.ec,Educación / Colegio / Escuela (AMIE),Consolidado
griselda.bedor@educacion.gob.ec,educacion.gob.ec,Educación / Colegio / Escuela (AMIE),Consolidado
grovayo@ide.edu.ec,ide.edu.ec,Educación / Colegio / Escuela (AMIE),Consolidado
gsanchez@colegiobritanico.edu.ec,colegiobritanico.edu.ec,Educación / Colegio / Escuela (AMIE),Consolidado
guadalupe.sanchez@educacion.gob.ec,educacion.gob.ec,Educación / Colegio / Escuela (AMIE),Consolidado
guillermina.tigre@educacion.gob.ec,educacion.gob.ec,Educación / Colegio / Escuela (AMIE),Consolidado
guillermo.lopez@educacion.gob.ec,educacion.gob.ec,Educación / Colegio / Escuela (AMIE),Consolidado
guillermo.romero@educacion.gob.ec,educacion.gob.ec,Educación / Colegio / Escuela (AMIE),Consolidado
gustavo.viejo@educacion.gob.ec,educacion.gob.ec,Educación / Colegio / Escuela (AMIE),Consolidado
gvaca@cienciayfe.edu.ec,cienciayfe.edu.ec,Educación / Colegio / Escuela (AMIE),Consolidado
gveliz@cenaim.espol.edu.ec,cenaim.espol.edu.ec,Educación / Colegio / Escuela (AMIE),Consolidado
gvescuela@hotmail.com,hotmail.com,Educación / Colegio / Escuela (AMIE),Consolidado
haydee.fuentes@educacion.gob.ec,educacion.gob.ec,Educación / Colegio / Escuela (AMIE),Consolidado
hcarrera@lametro.edu.ec,lametro.edu.ec,Educación / Colegio / Escuela (AMIE),Consolidado
hcedillo@uazuay.edu.ec,uazuay.edu.ec,Educación / Colegio / Escuela (AMIE),Consolidado
healescuelaintegral@gmail.com,gmail.com,Educación / Colegio / Escuela (AMIE),Consolidado
helem.caceres@educacion.gob.ec,educacion.gob.ec,Educación / Colegio / Escuela (AMIE),Consolidado
henri.dahua@educacion.gob.ec,educacion.gob.ec,Educación / Colegio / Escuela (AMIE),Consolidado
heraldo.sanchez@educacion.gob.ec,educacion.gob.ec,Educación / Colegio / Escuela (AMIE),Consolidado
hescobar@atenas.edu.ec,atenas.edu.ec,Educación / Colegio / Escuela (AMIE),Consolidado
hidroespol@espol.edu.ec,espol.edu.ec,Educación / Colegio / Escuela (AMIE),Consolidado
highschool@jefferson.edu.ec,jefferson.edu.ec,Educación / Colegio / Escuela (AMIE),Consolidado
hilario.beltran@educacion.gob.ec,educacion.gob.ec,Educación / Colegio / Escuela (AMIE),Consolidado
hildaura.paredes@educacion.gob.ec,educacion.gob.ec,Educación / Colegio / Escuela (AMIE),Consolidado
hipatia.jacome@educacion.gob.ec,educacion.gob.ec,Educación / Colegio / Escuela (AMIE),Consolidado
historiaunidadeducativa@gmail.com,gmail.com,Educación / Colegio / Escuela (AMIE),Consolidado
hizquierdo@uees.edu.ec,uees.edu.ec,Educación / Colegio / Escuela (AMIE),Consolidado
hpadilla@uees.edu.ec,uees.edu.ec,Educación / Colegio / Escuela (AMIE),Consolidado
hteran@espol.edu.ec,espol.edu.ec,Educación / Colegio / Escuela (AMIE),Consolidado
hugoortiz-unidadeducativa@outlook.com,outlook.com,Educación / Colegio / Escuela (AMIE),2324 cole nuev.csv
huios-escuela@hotmail.com,hotmail.com,Educación / Colegio / Escuela (AMIE),Consolidado
hzurita@espol.edu.ec,espol.edu.ec,Educación / Colegio / Escuela (AMIE),Consolidado
iamagua@usfq.edu.ec,usfq.edu.ec,Educación / Colegio / Escuela (AMIE),Consolidado
iasa@espe.edu.ec,espe.edu.ec,Educación / Colegio / Escuela (AMIE),Consolidado
ibarraescuela@gmail.com,gmail.com,Educación / Colegio / Escuela (AMIE),Consolidado
iborja@yavirac.edu.ec,yavirac.edu.ec,Educación / Colegio / Escuela (AMIE),Consolidado
ida.guerrero@educacion.gob.ec,educacion.gob.ec,Educación / Colegio / Escuela (AMIE),Consolidado
ieepescuela@yahoo.es,yahoo.es,Educación / Colegio / Escuela (AMIE),Consolidado
iepniescuelaesp@yahoo.com,yahoo.com,Educación / Colegio / Escuela (AMIE),Consolidado
igor.arroyo@educacion.gob.ec,educacion.gob.ec,Educación / Colegio / Escuela (AMIE),Consolidado
ila@interamerican.edu.ec,interamerican.edu.ec,Educación / Colegio / Escuela (AMIE),Consolidado
imantilla@cees.edu.ec,cees.edu.ec,Educación / Colegio / Escuela (AMIE),Consolidado
imantilla@espiritusanto.edu.ec,espiritusanto.edu.ec,Educación / Colegio / Escuela (AMIE),Consolidado
inancolegio@gmail.com,gmail.com,Educación / Colegio / Escuela (AMIE),Consolidado
indoamericaescuela@yahoo.com,yahoo.com,Educación / Colegio / Escuela (AMIE),Consolidado
info@alejandrodumas.edu.ec,alejandrodumas.edu.ec,Educación / Colegio / Escuela (AMIE),Consolidado
info@alemanhumboldt.edu.ec,alemanhumboldt.edu.ec,Educación / Colegio / Escuela (AMIE),Consolidado
info@als.edu.ec,als.edu.ec,Educación / Colegio / Escuela (AMIE),Consolidado
info@americancollege.edu.ec,americancollege.edu.ec,Educación / Colegio / Escuela (AMIE),Consolidado
info@americanschool.edu.ec,americanschool.edu.ec,Educación / Colegio / Escuela (AMIE),Consolidado
info@americovespucio.edu.ec,americovespucio.edu.ec,Educación / Colegio / Escuela (AMIE),Consolidado
info@antares.edu.ec,antares.edu.ec,Educación / Colegio / Escuela (AMIE),Consolidado
info@atenasschool.edu.ec,atenasschool.edu.ec,Educación / Colegio / Escuela (AMIE),Consolidado
info@atenea.edu.ec,atenea.edu.ec,Educación / Colegio / Escuela (AMIE),Consolidado
info@bambu.edu.ec,bambu.edu.ec,Educación / Colegio / Escuela (AMIE),Consolidado
info@bernardovaldivieso.edu.ec,bernardovaldivieso.edu.ec,Educación / Colegio / Escuela (AMIE),Consolidado
info@britishschoolquito.edu.ec,britishschoolquito.edu.ec,Educación / Colegio / Escuela (AMIE),Consolidado
info@caq.edu.ec,caq.edu.ec,Educación / Colegio / Escuela (AMIE),Consolidado
info@catalinas.edu.ec,catalinas.edu.ec,Educación / Colegio / Escuela (AMIE),Consolidado
info@cayetanotarruell.edu.ec,cayetanotarruell.edu.ec,Educación / Colegio / Escuela (AMIE),Consolidado
info@cedfi.edu.ec,cedfi.edu.ec,Educación / Colegio / Escuela (AMIE),Consolidado
info@celsis.edu.ec,celsis.edu.ec,Educación / Colegio / Escuela (AMIE),Consolidado
info@cenestur.edu.ec,cenestur.edu.ec,Educación / Colegio / Escuela (AMIE),Consolidado
info@centroeducativofenix.edu.ec,centroeducativofenix.edu.ec,Educación / Colegio / Escuela (AMIE),Consolidado
info@cenu.edu.ec,cenu.edu.ec,Educación / Colegio / Escuela (AMIE),Consolidado
info@colegioadistanciabg.edu.ec,colegioadistanciabg.edu.ec,Educación / Colegio / Escuela (AMIE),Consolidado
info@colegiocharlesdarwin.edu.ec,colegiocharlesdarwin.edu.ec,Educación / Colegio / Escuela (AMIE),Consolidado
info@colegiocooper.edu.ec,colegiocooper.edu.ec,Educación / Colegio / Escuela (AMIE),Consolidado
info@colegioiberoamericano.edu.ec,colegioiberoamericano.edu.ec,Educación / Colegio / Escuela (AMIE),Consolidado
info@colegiosurcos.edu.ec,colegiosurcos.edu.ec,Educación / Colegio / Escuela (AMIE),Consolidado
info@colegioterranova.edu.ec,colegioterranova.edu.ec,Educación / Colegio / Escuela (AMIE),Consolidado
info@conservatoriojaimemola.edu.ec,conservatoriojaimemola.edu.ec,Educación / Colegio / Escuela (AMIE),Consolidado
info@copei.edu.ec,copei.edu.ec,Educación / Colegio / Escuela (AMIE),Consolidado
info@crear.edu.ec,crear.edu.ec,Educación / Colegio / Escuela (AMIE),Consolidado
info@cristorey.edu.ec,cristorey.edu.ec,Educación / Colegio / Escuela (AMIE),Consolidado
info@delfos.edu.ec,delfos.edu.ec,Educación / Colegio / Escuela (AMIE),Consolidado
info@domingosavio.edu.ec,domingosavio.edu.ec,Educación / Colegio / Escuela (AMIE),Consolidado
info@ecomundo.edu.ec,ecomundo.edu.ec,Educación / Colegio / Escuela (AMIE),2324 cole nuev.csv
info@ecomundobabahoyo.edu.ec,ecomundobabahoyo.edu.ec,Educación / Colegio / Escuela (AMIE),Consolidado
info@educacion.gob.ec,educacion.gob.ec,Educación / Colegio / Escuela (AMIE),Consolidado
info@ellibertador.edu.ec,ellibertador.edu.ec,Educación / Colegio / Escuela (AMIE),2324 cole nuev.csv
info@epn.edu.ec,epn.edu.ec,Educación / Colegio / Escuela (AMIE),Consolidado
info@escuelaguayas.edu.ec,escuelaguayas.edu.ec,Educación / Colegio / Escuela (AMIE),MR COLEGIOS 2017.csv
info@espiritusanto.edu.ec,espiritusanto.edu.ec,Educación / Colegio / Escuela (AMIE),Consolidado
info@espoch.edu.ec,espoch.edu.ec,Educación / Colegio / Escuela (AMIE),11 UNIVERSIDADES.csv
info@fgs.edu.ec,fgs.edu.ec,Educación / Colegio / Escuela (AMIE),Consolidado
info@formacion.edu.ec,formacion.edu.ec,Educación / Colegio / Escuela (AMIE),Consolidado
info@frasales.edu.ec,frasales.edu.ec,Educación / Colegio / Escuela (AMIE),Consolidado
info@galapagos.edu.ec,galapagos.edu.ec,Educación / Colegio / Escuela (AMIE),Consolidado
info@gauss.edu.ec,gauss.edu.ec,Educación / Colegio / Escuela (AMIE),Consolidado
info@gsp.edu.ec,gsp.edu.ec,Educación / Colegio / Escuela (AMIE),Consolidado
info@icapi.edu.ec,icapi.edu.ec,Educación / Colegio / Escuela (AMIE),Consolidado
info@ide.edu.ec,ide.edu.ec,Educación / Colegio / Escuela (AMIE),Consolidado
info@idepro.edu.ec,idepro.edu.ec,Educación / Colegio / Escuela (AMIE),Consolidado
info@institutogalvani.edu.ec,institutogalvani.edu.ec,Educación / Colegio / Escuela (AMIE),Consolidado
info@ispade.edu.ec,ispade.edu.ec,Educación / Colegio / Escuela (AMIE),Consolidado
info@istdab.edu.ec,istdab.edu.ec,Educación / Colegio / Escuela (AMIE),Consolidado
info@istpn.edu.ec,istpn.edu.ec,Educación / Colegio / Escuela (AMIE),Consolidado
info@istra.edu.ec,istra.edu.ec,Educación / Colegio / Escuela (AMIE),Consolidado
info@jefferson.edu.ec,jefferson.edu.ec,Educación / Colegio / Escuela (AMIE),2324 cole nuev.csv
info@johannstrauss.edu.ec,johannstrauss.edu.ec,Educación / Colegio / Escuela (AMIE),Consolidado
info@julioverne.edu.ec,julioverne.edu.ec,Educación / Colegio / Escuela (AMIE),Consolidado
info@khipu.edu.ec,khipu.edu.ec,Educación / Colegio / Escuela (AMIE),Consolidado
info@laescueladeloschefs.edu.ec,laescueladeloschefs.edu.ec,Educación / Colegio / Escuela (AMIE),Consolidado
info@lagea.edu.ec,lagea.edu.ec,Educación / Colegio / Escuela (AMIE),Consolidado
info@lainmaculada.edu.ec,lainmaculada.edu.ec,Educación / Colegio / Escuela (AMIE),Consolidado
info@lamoderna.edu.ec,lamoderna.edu.ec,Educación / Colegio / Escuela (AMIE),Consolidado
info@laprovidencia.edu.ec,laprovidencia.edu.ec,Educación / Colegio / Escuela (AMIE),Consolidado
info@latinoamericano.edu.ec,latinoamericano.edu.ec,Educación / Colegio / Escuela (AMIE),Consolidado
info@lda.edu.ec,lda.edu.ec,Educación / Colegio / Escuela (AMIE),Consolidado
info@liceolosalamos.edu.ec,liceolosalamos.edu.ec,Educación / Colegio / Escuela (AMIE),Consolidado
info@liceolosandes.edu.ec,liceolosandes.edu.ec,Educación / Colegio / Escuela (AMIE),Consolidado
info@liceolosdelfines.edu.ec,liceolosdelfines.edu.ec,Educación / Colegio / Escuela (AMIE),Consolidado
info@liceopanamericano.edu.ec,liceopanamericano.edu.ec,Educación / Colegio / Escuela (AMIE),1195 cole gquil.csv
info@losandes.edu.ec,losandes.edu.ec,Educación / Colegio / Escuela (AMIE),Consolidado
info@masterzoila.edu.ec,masterzoila.edu.ec,Educación / Colegio / Escuela (AMIE),Consolidado
info@moderna.edu.ec,moderna.edu.ec,Educación / Colegio / Escuela (AMIE),Consolidado
info@monsjuanlarrea.edu.ec,monsjuanlarrea.edu.ec,Educación / Colegio / Escuela (AMIE),Consolidado
info@montepiedra.edu.ec,montepiedra.edu.ec,Educación / Colegio / Escuela (AMIE),Consolidado
info@montessori.edu.ec,montessori.edu.ec,Educación / Colegio / Escuela (AMIE),Consolidado
info@mundoeducativo.edu.ec,mundoeducativo.edu.ec,Educación / Colegio / Escuela (AMIE),1195 cole gquil.csv
info@nuevomundo.edu.ec,nuevomundo.edu.ec,Educación / Colegio / Escuela (AMIE),Consolidado
info@olimpia.edu.ec,olimpia.edu.ec,Educación / Colegio / Escuela (AMIE),Consolidado
info@pachamama.edu.ec,pachamama.edu.ec,Educación / Colegio / Escuela (AMIE),Consolidado
info@pasos.edu.ec,pasos.edu.ec,Educación / Colegio / Escuela (AMIE),Consolidado
info@pequenosgenios.edu.ec,pequenosgenios.edu.ec,Educación / Colegio / Escuela (AMIE),Consolidado
info@planetaazul.edu.ec,planetaazul.edu.ec,Educación / Colegio / Escuela (AMIE),Consolidado
info@praga.edu.ec,praga.edu.ec,Educación / Colegio / Escuela (AMIE),Consolidado
info@saintdominic.edu.ec,saintdominic.edu.ec,Educación / Colegio / Escuela (AMIE),Consolidado
info@sanluisreydefrancia.edu.ec,sanluisreydefrancia.edu.ec,Educación / Colegio / Escuela (AMIE),2324 cole nuev.csv
info@santafe.edu.ec,santafe.edu.ec,Educación / Colegio / Escuela (AMIE),Consolidado
info@santistevan.edu.ec,santistevan.edu.ec,Educación / Colegio / Escuela (AMIE),Consolidado
info@sfelipeneri.edu.ec,sfelipeneri.edu.ec,Educación / Colegio / Escuela (AMIE),Consolidado
info@soler.edu.ec,soler.edu.ec,Educación / Colegio / Escuela (AMIE),Consolidado
info@stelipeneri.edu.ec,stelipeneri.edu.ec,Educación / Colegio / Escuela (AMIE),Consolidado
info@tecazuay.edu.ec,tecazuay.edu.ec,Educación / Colegio / Escuela (AMIE),Consolidado
info@tecnologicopacifico.edu.ec,tecnologicopacifico.edu.ec,Educación / Colegio / Escuela (AMIE),Consolidado
info@thomasmore.edu.ec,thomasmore.edu.ec,Educación / Colegio / Escuela (AMIE),2324 cole nuev.csv
info@trackinstituto.edu.ec,trackinstituto.edu.ec,Educación / Colegio / Escuela (AMIE),Consolidado
info@uagraria.edu.ec,uagraria.edu.ec,Educación / Colegio / Escuela (AMIE),11 UNIVERSIDADES.csv
info@uebf.edu.ec,uebf.edu.ec,Educación / Colegio / Escuela (AMIE),Consolidado
info@ueboston.edu.ec,ueboston.edu.ec,Educación / Colegio / Escuela (AMIE),Consolidado
info@uegonzaga.edu.ec,uegonzaga.edu.ec,Educación / Colegio / Escuela (AMIE),Consolidado
info@uejacaranda.edu.ec,uejacaranda.edu.ec,Educación / Colegio / Escuela (AMIE),Consolidado
info@uesanfranciscodeasis.edu.ec,uesanfranciscodeasis.edu.ec,Educación / Colegio / Escuela (AMIE),Consolidado
info@uesma.edu.ec,uesma.edu.ec,Educación / Colegio / Escuela (AMIE),Consolidado
info@uess.edu.ec,uess.edu.ec,Educación / Colegio / Escuela (AMIE),Consolidado
info@uneindelpacifico.edu.ec,uneindelpacifico.edu.ec,Educación / Colegio / Escuela (AMIE),Consolidado
info@unidadeducativaladolorosa.edu.ec,unidadeducativaladolorosa.edu.ec,Educación / Colegio / Escuela (AMIE),Consolidado
info@upacifico.edu.ec,upacifico.edu.ec,Educación / Colegio / Escuela (AMIE),Consolidado
infocem@cem.edu.ec,cem.edu.ec,Educación / Colegio / Escuela (AMIE),Consolidado
infocomboni@uepdc.edu.ec,uepdc.edu.ec,Educación / Colegio / Escuela (AMIE),Consolidado
informacion@ejd.edu.ec,ejd.edu.ec,Educación / Colegio / Escuela (AMIE),Consolidado
informacion@liceocampoverde.edu.ec,liceocampoverde.edu.ec,Educación / Colegio / Escuela (AMIE),Consolidado
informacion@spellman.edu.ec,spellman.edu.ec,Educación / Colegio / Escuela (AMIE),Consolidado
informacion@umet.edu.ec,umet.edu.ec,Educación / Colegio / Escuela (AMIE),Consolidado
informes@jefferson.edu.ec,jefferson.edu.ec,Educación / Colegio / Escuela (AMIE),Consolidado
informes@montepiedra.edu.ec,montepiedra.edu.ec,Educación / Colegio / Escuela (AMIE),Consolidado
infoweb@colegioamericano.edu.ec,colegioamericano.edu.ec,Educación / Colegio / Escuela (AMIE),Consolidado
inmaculada@uebli.edu.ec,uebli.edu.ec,Educación / Colegio / Escuela (AMIE),Consolidado
institucion@donboscolatola.edu.ec,donboscolatola.edu.ec,Educación / Colegio / Escuela (AMIE),Consolidado
isaac.molina@formacion.edu.ec,formacion.edu.ec,Educación / Colegio / Escuela (AMIE),Consolidado
isaacnewton@isaacnewton.edu.ec,isaacnewton.edu.ec,Educación / Colegio / Escuela (AMIE),Consolidado
isabelyepez@semisud.edu.ec,semisud.edu.ec,Educación / Colegio / Escuela (AMIE),Consolidado
isela.poma@educacion.gob.ec,educacion.gob.ec,Educación / Colegio / Escuela (AMIE),Consolidado
itsausubel@davidausubel.edu.ec,davidausubel.edu.ec,Educación / Colegio / Escuela (AMIE),Consolidado
itsfo@itsfo.edu.ec,itsfo.edu.ec,Educación / Colegio / Escuela (AMIE),Consolidado
itsjosechiribogag@tecnologicoitca.edu.ec,tecnologicoitca.edu.ec,Educación / Colegio / Escuela (AMIE),Consolidado
ivan.cruz@educacion.gob.ec,educacion.gob.ec,Educación / Colegio / Escuela (AMIE),Consolidado
ivano@uazuay.edu.ec,uazuay.edu.ec,Educación / Colegio / Escuela (AMIE),SUPERCIAS AUDITORES EXTERNOS.xlsx [AuditoresExternos]
ivonne.espinoza01@cu.ucsg.edu.ec,cu.ucsg.edu.ec,Educación / Colegio / Escuela (AMIE),Consolidado
j.matute@cu.ucsg.edu.ec,cu.ucsg.edu.ec,Educación / Colegio / Escuela (AMIE),Consolidado
jacinto-1962@educacion.gob.ec,educacion.gob.ec,Educación / Colegio / Escuela (AMIE),Consolidado
jackeline.castillo@educacion.gob.ec,educacion.gob.ec,Educación / Colegio / Escuela (AMIE),Consolidado
jaime.gaibor@educacion.gob.ec,educacion.gob.ec,Educación / Colegio / Escuela (AMIE),Consolidado
jaime.velasco@educacion.gob.ec,educacion.gob.ec,Educación / Colegio / Escuela (AMIE),Consolidado
jaimef.alvarado@educacion.gob.ec,educacion.gob.ec,Educación / Colegio / Escuela (AMIE),Consolidado
jalarcon@interamericano.edu.ec,interamericano.edu.ec,Educación / Colegio / Escuela (AMIE),Consolidado
jalvarado@mariscalsucre.edu.ec,mariscalsucre.edu.ec,Educación / Colegio / Escuela (AMIE),Consolidado
janina.molna@educacion.gob.ec,educacion.gob.ec,Educación / Colegio / Escuela (AMIE),Consolidado
jannet.miranda@educacion.gob.ec,educacion.gob.ec,Educación / Colegio / Escuela (AMIE),Consolidado
jardin-escuela_sb@hotmail.com,hotmail.com,Educación / Colegio / Escuela (AMIE),1195 cole gquil.csv
jardinescuela.aristogatos@gmail.com,gmail.com,Educación / Colegio / Escuela (AMIE),1195 cole gquil.csv
jardinescuelacarlosmendoza@hotmail.com,hotmail.com,Educación / Colegio / Escuela (AMIE),Consolidado
jardinescuelakennedy@gmail.com,gmail.com,Educación / Colegio / Escuela (AMIE),1195 cole gquil.csv
jardinescuelarosaborjadeicaza@hotmail.com,hotmail.com,Educación / Colegio / Escuela (AMIE),Consolidado
jardinescuelayahavet_2006@hotmail.com,hotmail.com,Educación / Colegio / Escuela (AMIE),2324 cole nuev.csv
jaroca@ecomundo.edu.ec,ecomundo.edu.ec,Educación / Colegio / Escuela (AMIE),CLIENMY PIMES  CUCUENTAS ACTIVAS SUPERCIAS ESTUDIOS ACTUARIALES RAFAEL CALDERON 2024.xls 1.xls [GUAYAS ACTIVAS ]
jaroca@liceopanamericano.edu.ec,liceopanamericano.edu.ec,Educación / Colegio / Escuela (AMIE),CLIENMY PIMES  CUCUENTAS ACTIVAS SUPERCIAS ESTUDIOS ACTUARIALES RAFAEL CALDERON 2024.xls 1.xls [GUAYAS ACTIVAS ]
jbarzallog@uees.edu.ec,uees.edu.ec,Educación / Colegio / Escuela (AMIE),Consolidado
jbrito@ide.edu.ec,ide.edu.ec,Educación / Colegio / Escuela (AMIE),Consolidado
jcalderon@tecnologicoargos.edu.ec,tecnologicoargos.edu.ec,Educación / Colegio / Escuela (AMIE),Consolidado
jcalle@espol.edu.ec,espol.edu.ec,Educación / Colegio / Escuela (AMIE),Consolidado
jcampoverde@casagrande.edu.ec,casagrande.edu.ec,Educación / Colegio / Escuela (AMIE),Consolidado
jcampoverde@salesianoscayambe.edu.ec,salesianoscayambe.edu.ec,Educación / Colegio / Escuela (AMIE),Consolidado
jcarloza@espol.edu.ec,espol.edu.ec,Educación / Colegio / Escuela (AMIE),Consolidado
jcarpio@ecomundo.edu.ec,ecomundo.edu.ec,Educación / Colegio / Escuela (AMIE),Consolidado
jcedeno@uefae4.edu.ec,uefae4.edu.ec,Educación / Colegio / Escuela (AMIE),Consolidado
jcobo@cendia.edu.ec,cendia.edu.ec,Educación / Colegio / Escuela (AMIE),Consolidado
jcordova@liceopanamericano.edu.ec,liceopanamericano.edu.ec,Educación / Colegio / Escuela (AMIE),Consolidado
jcorrea@upacifico.edu.ec,upacifico.edu.ec,Educación / Colegio / Escuela (AMIE),Consolidado
jebarriga@utpl.edu.ec,utpl.edu.ec,Educación / Colegio / Escuela (AMIE),Consolidado
jefedetalentohumano@copol.edu.ec,copol.edu.ec,Educación / Colegio / Escuela (AMIE),Consolidado
jefferson@jefferson.edu.ec,jefferson.edu.ec,Educación / Colegio / Escuela (AMIE),Consolidado
jemina.ramirez@educacion.gob.ec,educacion.gob.ec,Educación / Colegio / Escuela (AMIE),Consolidado
jennye.herrera@educacion.gob.ec,educacion.gob.ec,Educación / Colegio / Escuela (AMIE),Consolidado
jescuela@ymail.com,ymail.com,Educación / Colegio / Escuela (AMIE),Consolidado
jescuela_espana@hotmail.com,hotmail.com,Educación / Colegio / Escuela (AMIE),Consolidado
jespinoz@uazuay.edu.ec,uazuay.edu.ec,Educación / Colegio / Escuela (AMIE),Consolidado
jessica.lino@cu.ucsg.edu.ec,cu.ucsg.edu.ec,Educación / Colegio / Escuela (AMIE),Consolidado
jessica.matute@cu.ucsg.edu.ec,cu.ucsg.edu.ec,Educación / Colegio / Escuela (AMIE),Consolidado
jessica.tite@educacion.gob.ec,educacion.gob.ec,Educación / Colegio / Escuela (AMIE),Consolidado
jfcarrera@itslibertad.edu.ec,itslibertad.edu.ec,Educación / Colegio / Escuela (AMIE),Consolidado
jgallardo@espe-innovativa.edu.ec,espe-innovativa.edu.ec,Educación / Colegio / Escuela (AMIE),Consolidado
jgallo@espol.edu.ec,espol.edu.ec,Educación / Colegio / Escuela (AMIE),Consolidado
jgbriceno@utpl.edu.ec,utpl.edu.ec,Educación / Colegio / Escuela (AMIE),Consolidado
jgonzalez@bluehill.edu.ec,bluehill.edu.ec,Educación / Colegio / Escuela (AMIE),Consolidado
jhernandez@anai.edu.ec,anai.edu.ec,Educación / Colegio / Escuela (AMIE),Consolidado
jmbilbao@utpl.edu.ec,utpl.edu.ec,Educación / Colegio / Escuela (AMIE),Consolidado
jmoncadacolegio@gmail.com,gmail.com,Educación / Colegio / Escuela (AMIE),Consolidado
jmontenegro@usfq.edu.ec,usfq.edu.ec,Educación / Colegio / Escuela (AMIE),Consolidado
jmullo@torremar.edu.ec,torremar.edu.ec,Educación / Colegio / Escuela (AMIE),Consolidado
jnevarez@espol.edu.ec,espol.edu.ec,Educación / Colegio / Escuela (AMIE),Consolidado
jocampo@usfq.edu.ec,usfq.edu.ec,Educación / Colegio / Escuela (AMIE),Consolidado
joel.jaramillo@educacion.gob.ec,educacion.gob.ec,Educación / Colegio / Escuela (AMIE),Consolidado
johanna.mendozat@ug.edu.ec,ug.edu.ec,Educación / Colegio / Escuela (AMIE),Consolidado
johanna.zambrano@educacion.gob.ec,educacion.gob.ec,Educación / Colegio / Escuela (AMIE),Consolidado
jorge.caringkia@educacion.gob.ec,educacion.gob.ec,Educación / Colegio / Escuela (AMIE),Consolidado
jorge.choez@educacion.gob.ec,educacion.gob.ec,Educación / Colegio / Escuela (AMIE),Consolidado
jortiz@ups.edu.ec,ups.edu.ec,Educación / Colegio / Escuela (AMIE),Consolidado
jose.campoverde@educacion.gob.ec,educacion.gob.ec,Educación / Colegio / Escuela (AMIE),Consolidado
jose.galarza@educacion.gob.ec,educacion.gob.ec,Educación / Colegio / Escuela (AMIE),Consolidado
jose.imaicelav@educacion.gob.ec,educacion.gob.ec,Educación / Colegio / Escuela (AMIE),Consolidado
jose.rodriguez03@cu.ucsg.edu.ec,cu.ucsg.edu.ec,Educación / Colegio / Escuela (AMIE),Consolidado
jose.rodriguez@cu.ucsg.edu.ec,cu.ucsg.edu.ec,Educación / Colegio / Escuela (AMIE),Consolidado
josec.ayala@educacion.gob.ec,educacion.gob.ec,Educación / Colegio / Escuela (AMIE),Consolidado
josed.ochoa@educacion.gob.ec,educacion.gob.ec,Educación / Colegio / Escuela (AMIE),Consolidado
josedesanmartinescuela@yahoo.es,yahoo.es,Educación / Colegio / Escuela (AMIE),Consolidado
josesilva@uees.edu.ec,uees.edu.ec,Educación / Colegio / Escuela (AMIE),Consolidado
jpespinosa@gutenbergschule.edu.ec,gutenbergschule.edu.ec,Educación / Colegio / Escuela (AMIE),Consolidado
jpijal@istyachay.edu.ec,istyachay.edu.ec,Educación / Colegio / Escuela (AMIE),Consolidado
jpovedaa@ulvr.edu.ec,ulvr.edu.ec,Educación / Colegio / Escuela (AMIE),2324 cole nuev.csv
jrgomez@cpu.edu.ec,cpu.edu.ec,Educación / Colegio / Escuela (AMIE),Consolidado
jrosado@copei.edu.ec,copei.edu.ec,Educación / Colegio / Escuela (AMIE),Consolidado
jsaenz@uepaulrivet.edu.ec,uepaulrivet.edu.ec,Educación / Colegio / Escuela (AMIE),Consolidado
juan.chinchy@educacion.gob.ec,educacion.gob.ec,Educación / Colegio / Escuela (AMIE),Consolidado
juan.montenegro@educacion.gob.ec,educacion.gob.ec,Educación / Colegio / Escuela (AMIE),Consolidado
judith.vinueza@educacion.gob.ec,educacion.gob.ec,Educación / Colegio / Escuela (AMIE),Consolidado
julia.chiriguay@cu.ucsg.edu.ec,cu.ucsg.edu.ec,Educación / Colegio / Escuela (AMIE),Consolidado
julia.lucas@educacion.gob.ec,educacion.gob.ec,Educación / Colegio / Escuela (AMIE),Consolidado
julia.puga@educacion.gob.ec,educacion.gob.ec,Educación / Colegio / Escuela (AMIE),Consolidado
julio.cuvi@educacion.gob.ec,educacion.gob.ec,Educación / Colegio / Escuela (AMIE),Consolidado
julio.rigail@educacion.gob.ec,educacion.gob.ec,Educación / Colegio / Escuela (AMIE),Consolidado
julioabril@uees.edu.ec,uees.edu.ec,Educación / Colegio / Escuela (AMIE),Consolidado
justina.martinez@educacion.gob.ec,educacion.gob.ec,Educación / Colegio / Escuela (AMIE),Consolidado
jvasconez@itsoriente.edu.ec,itsoriente.edu.ec,Educación / Colegio / Escuela (AMIE),Consolidado
k.loffredo@colegiomenor.edu.ec,colegiomenor.edu.ec,Educación / Colegio / Escuela (AMIE),Consolidado
karce@logosacademy.edu.ec,logosacademy.edu.ec,Educación / Colegio / Escuela (AMIE),Consolidado
karina.calle@educacion.gob.ec,educacion.gob.ec,Educación / Colegio / Escuela (AMIE),Consolidado
karlal.jimenez@educacion.gob.ec,educacion.gob.ec,Educación / Colegio / Escuela (AMIE),Consolidado
karol.bravo@educacion.gob.ec,educacion.gob.ec,Educación / Colegio / Escuela (AMIE),Consolidado
ketty.flores@educacion.gob.ec,educacion.gob.ec,Educación / Colegio / Escuela (AMIE),Consolidado
knurnberg@jefferson.edu.ec,jefferson.edu.ec,Educación / Colegio / Escuela (AMIE),Consolidado
kpastor@crear.edu.ec,crear.edu.ec,Educación / Colegio / Escuela (AMIE),Consolidado
kpastor@ecomundo.edu.ec,ecomundo.edu.ec,Educación / Colegio / Escuela (AMIE),CLIENMY PIMES  CUCUENTAS ACTIVAS SUPERCIAS ESTUDIOS ACTUARIALES RAFAEL CALDERON 2024.xls 1.xls [GUAYAS ACTIVAS ]
ksuarez@fundacionacm.edu.ec,fundacionacm.edu.ec,Educación / Colegio / Escuela (AMIE),Consolidado
laescueladeloschefsinfo@gmail.com,gmail.com,Educación / Colegio / Escuela (AMIE),Consolidado
lametro@lametro.edu.ec,lametro.edu.ec,Educación / Colegio / Escuela (AMIE),Consolidado
landis.cedeno@educacion.gob.ec,educacion.gob.ec,Educación / Colegio / Escuela (AMIE),Consolidado
larcos@puce.edu.ec,puce.edu.ec,Educación / Colegio / Escuela (AMIE),Consolidado
latinounidadeducativa@gmail.com,gmail.com,Educación / Colegio / Escuela (AMIE),Consolidado
laura.caiza@educacion.gob.ec,educacion.gob.ec,Educación / Colegio / Escuela (AMIE),Consolidado
laura.lopez@educacion.gob.ec,educacion.gob.ec,Educación / Colegio / Escuela (AMIE),Consolidado
lcalle@ute.edu.ec,ute.edu.ec,Educación / Colegio / Escuela (AMIE),Consolidado
lcanas@ism.edu.ec,ism.edu.ec,Educación / Colegio / Escuela (AMIE),Consolidado
lcavagnaro@uees.edu.ec,uees.edu.ec,Educación / Colegio / Escuela (AMIE),Consolidado
ldelgado@fiec.espol.edu.ec,fiec.espol.edu.ec,Educación / Colegio / Escuela (AMIE),CLIENMY PIMES  CUCUENTAS ACTIVAS SUPERCIAS ESTUDIOS ACTUARIALES RAFAEL CALDERON 2024.xls 1.xls [GUAYAS ACTIVAS ]
ldocana@cristorey.edu.ec,cristorey.edu.ec,Educación / Colegio / Escuela (AMIE),Consolidado
lelia.ponce@educacion.gob.ec,educacion.gob.ec,Educación / Colegio / Escuela (AMIE),Consolidado
lhernandez@ulvr.edu.ec,ulvr.edu.ec,Educación / Colegio / Escuela (AMIE),Consolidado
lidia.jimbo@educacion.gob.ec,educacion.gob.ec,Educación / Colegio / Escuela (AMIE),Consolidado
lidia.trujillo@educacion.gob.ec,educacion.gob.ec,Educación / Colegio / Escuela (AMIE),Consolidado
lidya.simbana@educacion.gob.ec,educacion.gob.ec,Educación / Colegio / Escuela (AMIE),Consolidado
lilia.basantes@educacion.gob.ec,educacion.gob.ec,Educación / Colegio / Escuela (AMIE),Consolidado
lilia.ochoa@educacion.gob.ec,educacion.gob.ec,Educación / Colegio / Escuela (AMIE),Consolidado
lilian.uyaguari@educacion.gob.ec,educacion.gob.ec,Educación / Colegio / Escuela (AMIE),Consolidado
lilian@semillitas.edu.ec,semillitas.edu.ec,Educación / Colegio / Escuela (AMIE),Consolidado
liliana.camacho@educacion.gob.ec,educacion.gob.ec,Educación / Colegio / Escuela (AMIE),Consolidado
liliana.rosario@educacion.gob.ec,educacion.gob.ec,Educación / Colegio / Escuela (AMIE),Consolidado
lina.palomeque@cu.ucsg.edu.ec,cu.ucsg.edu.ec,Educación / Colegio / Escuela (AMIE),Consolidado
lnoe@liceocristiano.edu.ec,liceocristiano.edu.ec,Educación / Colegio / Escuela (AMIE),Consolidado
lorces@casagrande.edu.ec,casagrande.edu.ec,Educación / Colegio / Escuela (AMIE),11 UNIVERSIDADES.csv
lorenae.santana@educacion.gob.ec,educacion.gob.ec,Educación / Colegio / Escuela (AMIE),Consolidado
lorenzo.yupanqui@educacion.gob.ec,educacion.gob.ec,Educación / Colegio / Escuela (AMIE),Consolidado
los.almendros.escuela@gmail.com,gmail.com,Educación / Colegio / Escuela (AMIE),Consolidado
losarrayanes@arrayanesalamos.edu.ec,arrayanesalamos.edu.ec,Educación / Colegio / Escuela (AMIE),Consolidado
lourdes.abad@educacion.gob.ec,educacion.gob.ec,Educación / Colegio / Escuela (AMIE),Consolidado
lourdes.alcivar@educacion.gob.ec,educacion.gob.ec,Educación / Colegio / Escuela (AMIE),Consolidado
lourdes.anastacio@educacion.gob.ec,educacion.gob.ec,Educación / Colegio / Escuela (AMIE),Consolidado
lourdes.tituana@educacion.gob.ec,educacion.gob.ec,Educación / Colegio / Escuela (AMIE),Consolidado
lrodriguez@uemtn.edu.ec,uemtn.edu.ec,Educación / Colegio / Escuela (AMIE),Consolidado
lromoleroux@ute.edu.ec,ute.edu.ec,Educación / Colegio / Escuela (AMIE),Consolidado
lsarmientoa@usm.edu.ec,usm.edu.ec,Educación / Colegio / Escuela (AMIE),Consolidado
ltoral@colegioamericano.edu.ec,colegioamericano.edu.ec,Educación / Colegio / Escuela (AMIE),Consolidado
luci.tandazoe@educacion.gob.ec,educacion.gob.ec,Educación / Colegio / Escuela (AMIE),Consolidado
luciam.toala@educacion.gob.ec,educacion.gob.ec,Educación / Colegio / Escuela (AMIE),Consolidado
luidamon@espol.edu.ec,espol.edu.ec,Educación / Colegio / Escuela (AMIE),Consolidado
luis.cabrera@es.uazuay.edu.ec,es.uazuay.edu.ec,Educación / Colegio / Escuela (AMIE),Consolidado
luis.loayza@educacion.gob.ec,educacion.gob.ec,Educación / Colegio / Escuela (AMIE),Consolidado
luis.vega@educacion.gob.ec,educacion.gob.ec,Educación / Colegio / Escuela (AMIE),Consolidado
luise.barragan@educacion.gob.ec,educacion.gob.ec,Educación / Colegio / Escuela (AMIE),Consolidado
lvera@liceopanamericano.edu.ec,liceopanamericano.edu.ec,Educación / Colegio / Escuela (AMIE),Consolidado
maalcivar@torremar.edu.ec,torremar.edu.ec,Educación / Colegio / Escuela (AMIE),Consolidado
macosta@uazuay.edu.ec,uazuay.edu.ec,Educación / Colegio / Escuela (AMIE),Consolidado
maescobar@espe.edu.ec,espe.edu.ec,Educación / Colegio / Escuela (AMIE),Consolidado
magally.nunez@educacion.gob.ec,educacion.gob.ec,Educación / Colegio / Escuela (AMIE),Consolidado
maguirre@espe-innovativa.edu.ec,espe-innovativa.edu.ec,Educación / Colegio / Escuela (AMIE),Consolidado
majopino@espol.edu.ec,espol.edu.ec,Educación / Colegio / Escuela (AMIE),Consolidado
malbuja@salesianoscayambe.edu.ec,salesianoscayambe.edu.ec,Educación / Colegio / Escuela (AMIE),Consolidado
maldonadorector@colegiomaldonado.edu.ec,colegiomaldonado.edu.ec,Educación / Colegio / Escuela (AMIE),Consolidado
mallurys.suarez@educacion.gob.ec,educacion.gob.ec,Educación / Colegio / Escuela (AMIE),Consolidado
manabitecnologico@uemt.edu.ec,uemt.edu.ec,Educación / Colegio / Escuela (AMIE),Consolidado
manuel.pom@educacion.gob.ec,educacion.gob.ec,Educación / Colegio / Escuela (AMIE),Consolidado
manuel.rivadeneira@educacion.gob.ec,educacion.gob.ec,Educación / Colegio / Escuela (AMIE),Consolidado
maordonezx@utpl.edu.ec,utpl.edu.ec,Educación / Colegio / Escuela (AMIE),Consolidado
marcel.andrade@educacion.gob.ec,educacion.gob.ec,Educación / Colegio / Escuela (AMIE),Consolidado
marcelaea@uets.edu.ec,uets.edu.ec,Educación / Colegio / Escuela (AMIE),Consolidado
marcelo.angulo@educacion.gob.ec,educacion.gob.ec,Educación / Colegio / Escuela (AMIE),Consolidado
marceloj.mejia@educacion.gob.ec,educacion.gob.ec,Educación / Colegio / Escuela (AMIE),Consolidado
marcia.briones@educacion.gob.ec,educacion.gob.ec,Educación / Colegio / Escuela (AMIE),Consolidado
marcog.paredes@educacion.gob.ec,educacion.gob.ec,Educación / Colegio / Escuela (AMIE),Consolidado
marcos.salinas@educacion.gob.ec,educacion.gob.ec,Educación / Colegio / Escuela (AMIE),Consolidado
marelenedelarosa--administracion@itv.edu.ec,itv.edu.ec,Educación / Colegio / Escuela (AMIE),Consolidado
margoth.gomez@cu.ucsg.edu.ec,cu.ucsg.edu.ec,Educación / Colegio / Escuela (AMIE),Consolidado
maria.alcivar10@cu.ucsg.edu.ec,cu.ucsg.edu.ec,Educación / Colegio / Escuela (AMIE),Consolidado
maria.anguazha@educacion.gob.ec,educacion.gob.ec,Educación / Colegio / Escuela (AMIE),Consolidado
maria.armas@educacion.gob.ec,educacion.gob.ec,Educación / Colegio / Escuela (AMIE),Consolidado
maria.balladares@casagrande.edu.ec,casagrande.edu.ec,Educación / Colegio / Escuela (AMIE),Consolidado
maria.chacon@alemanhumboldt.edu.ec,alemanhumboldt.edu.ec,Educación / Colegio / Escuela (AMIE),Consolidado
maria.chillogalli@educacion.gob.ec,educacion.gob.ec,Educación / Colegio / Escuela (AMIE),Consolidado
maria.chonga@educacion.gob.ec,educacion.gob.ec,Educación / Colegio / Escuela (AMIE),Consolidado
maria.compte@cu.ucsg.edu.ec,cu.ucsg.edu.ec,Educación / Colegio / Escuela (AMIE),Consolidado
maria.guaman@educacion.gob.ec,educacion.gob.ec,Educación / Colegio / Escuela (AMIE),Consolidado
maria.guanopatin@educacion.gob.ec,educacion.gob.ec,Educación / Colegio / Escuela (AMIE),Consolidado
maria.hidalgom@educacion.gob.ec,educacion.gob.ec,Educación / Colegio / Escuela (AMIE),Consolidado
maria.imba@educacion.gob.ec,educacion.gob.ec,Educación / Colegio / Escuela (AMIE),Consolidado
maria.jadan@educacion.gob.ec,educacion.gob.ec,Educación / Colegio / Escuela (AMIE),Consolidado
maria.mendez03@cu.ucsg.edu.ec,cu.ucsg.edu.ec,Educación / Colegio / Escuela (AMIE),Consolidado
maria.sandoval@educacion.gob.ec,educacion.gob.ec,Educación / Colegio / Escuela (AMIE),Consolidado
maria.saritama@educacion.gob.ec,educacion.gob.ec,Educación / Colegio / Escuela (AMIE),Consolidado
mariai.alava@educacion.gob.ec,educacion.gob.ec,Educación / Colegio / Escuela (AMIE),Consolidado
mariam.poncev@educacion.gob.ec,educacion.gob.ec,Educación / Colegio / Escuela (AMIE),Consolidado
mariana.merino@educacion.gob.ec,educacion.gob.ec,Educación / Colegio / Escuela (AMIE),Consolidado
marianar.ortiz@educacion.gob.ec,educacion.gob.ec,Educación / Colegio / Escuela (AMIE),Consolidado
mariate.pillco@educacion.gob.ec,educacion.gob.ec,Educación / Colegio / Escuela (AMIE),Consolidado
mariav.vera@educacion.gob.ec,educacion.gob.ec,Educación / Colegio / Escuela (AMIE),Consolidado
maribel.machuca05@ucacue.edu.ec,ucacue.edu.ec,Educación / Colegio / Escuela (AMIE),Consolidado
maribel.tumbaco@educacion.gob.ec,educacion.gob.ec,Educación / Colegio / Escuela (AMIE),Consolidado
maricela.vargas@educacion.gob.ec,educacion.gob.ec,Educación / Colegio / Escuela (AMIE),Consolidado
marketing-el@espe.edu.ec,espe.edu.ec,Educación / Colegio / Escuela (AMIE),Consolidado
marketingdigital@usfq.edu.ec,usfq.edu.ec,Educación / Colegio / Escuela (AMIE),Consolidado
marlene.cantos@educacion.gob.ec,educacion.gob.ec,Educación / Colegio / Escuela (AMIE),Consolidado
martha.bomboza@educacion.gob.ec,educacion.gob.ec,Educación / Colegio / Escuela (AMIE),Consolidado
martha.chacon@educacion.gob.ec,educacion.gob.ec,Educación / Colegio / Escuela (AMIE),Consolidado
martha.chonata@educacion.gob.ec,educacion.gob.ec,Educación / Colegio / Escuela (AMIE),Consolidado
martha.orquera@educacion.gob.ec,educacion.gob.ec,Educación / Colegio / Escuela (AMIE),Consolidado
marthal.rodriguez@educacion.gob.ec,educacion.gob.ec,Educación / Colegio / Escuela (AMIE),Consolidado
marvi.vidal@educacion.gob.ec,educacion.gob.ec,Educación / Colegio / Escuela (AMIE),Consolidado
mary.ochoa@educacion.gob.ec,educacion.gob.ec,Educación / Colegio / Escuela (AMIE),Consolidado
maryuri.rodriguez@cu.ucsg.edu.ec,cu.ucsg.edu.ec,Educación / Colegio / Escuela (AMIE),Consolidado
mauricio.garciam@educacion.gob.ec,educacion.gob.ec,Educación / Colegio / Escuela (AMIE),Consolidado
mavilez@logosacademy.edu.ec,logosacademy.edu.ec,Educación / Colegio / Escuela (AMIE),Consolidado
maycol.vasquez@tumundoseguro.com,tumundoseguro.com,Educación / Colegio / Escuela (AMIE),Consolidado
mayra@amauta.edu.ec,amauta.edu.ec,Educación / Colegio / Escuela (AMIE),Consolidado
mbriceno@uamericas.edu.ec,uamericas.edu.ec,Educación / Colegio / Escuela (AMIE),Consolidado
mbriones@copei.edu.ec,copei.edu.ec,Educación / Colegio / Escuela (AMIE),Consolidado
mbriones@espol.edu.ec,espol.edu.ec,Educación / Colegio / Escuela (AMIE),Consolidado
mbustos@ueos.edu.ec,ueos.edu.ec,Educación / Colegio / Escuela (AMIE),Consolidado
mcadena@espol.edu.ec,espol.edu.ec,Educación / Colegio / Escuela (AMIE),Consolidado
mcepeda@usfq.edu.ec,usfq.edu.ec,Educación / Colegio / Escuela (AMIE),Consolidado
mcescuelacorreagua@hotmail.com,hotmail.com,Educación / Colegio / Escuela (AMIE),Consolidado
medardo.silva@caq.edu.ec,caq.edu.ec,Educación / Colegio / Escuela (AMIE),Consolidado
mercedes.arana@educacion.gob.ec,educacion.gob.ec,Educación / Colegio / Escuela (AMIE),Consolidado
mercedes.falquez@liceolosandes.edu.ec,liceolosandes.edu.ec,Educación / Colegio / Escuela (AMIE),2324 cole nuev.csv
mercedes.veliz@educacion.gob.ec,educacion.gob.ec,Educación / Colegio / Escuela (AMIE),Consolidado
mfreire@copol.edu.ec,copol.edu.ec,Educación / Colegio / Escuela (AMIE),Consolidado
mgilbert@casagrande.edu.ec,casagrande.edu.ec,Educación / Colegio / Escuela (AMIE),11 UNIVERSIDADES.csv
mguevara@universidadecotec.edu.ec,universidadecotec.edu.ec,Educación / Colegio / Escuela (AMIE),Consolidado
mhinojosa@aaschool.edu.ec,aaschool.edu.ec,Educación / Colegio / Escuela (AMIE),Consolidado
micevall@espol.edu.ec,espol.edu.ec,Educación / Colegio / Escuela (AMIE),Consolidado
mildred.ferrin@educacion.gob.ec,educacion.gob.ec,Educación / Colegio / Escuela (AMIE),Consolidado
mirellae@nuevomundo.edu.ec,nuevomundo.edu.ec,Educación / Colegio / Escuela (AMIE),Consolidado
miryan.palacios@educacion.gob.ec,educacion.gob.ec,Educación / Colegio / Escuela (AMIE),Consolidado
misilva@ecomundo.edu.ec,ecomundo.edu.ec,Educación / Colegio / Escuela (AMIE),Consolidado
mjimenezc@uees.edu.ec,uees.edu.ec,Educación / Colegio / Escuela (AMIE),Consolidado
mjzuniga@utpl.edu.ec,utpl.edu.ec,Educación / Colegio / Escuela (AMIE),Consolidado
mlbrito@utpl.edu.ec,utpl.edu.ec,Educación / Colegio / Escuela (AMIE),Consolidado
mlcarrera@uisrael.edu.ec,uisrael.edu.ec,Educación / Colegio / Escuela (AMIE),Consolidado
mmaciasm@uees.edu.ec,uees.edu.ec,Educación / Colegio / Escuela (AMIE),Consolidado
mmite@jefferson.edu.ec,jefferson.edu.ec,Educación / Colegio / Escuela (AMIE),Consolidado
mmunoz@uide.edu.ec,uide.edu.ec,Educación / Colegio / Escuela (AMIE),Consolidado
monica.alvarez@educacion.gob.ec,educacion.gob.ec,Educación / Colegio / Escuela (AMIE),Consolidado
monica.sanabria@educacion.gob.ec,educacion.gob.ec,Educación / Colegio / Escuela (AMIE),Consolidado
monica.vera@twanderson.edu.ec,twanderson.edu.ec,Educación / Colegio / Escuela (AMIE),Consolidado
monicar@internacional.edu.ec,internacional.edu.ec,Educación / Colegio / Escuela (AMIE),Consolidado
moraima.chiriboga@educacion.gob.ec,educacion.gob.ec,Educación / Colegio / Escuela (AMIE),Consolidado
mramos@mariscalsucre.edu.ec,mariscalsucre.edu.ec,Educación / Colegio / Escuela (AMIE),Consolidado
mreascos@colegiomenor.edu.ec,colegiomenor.edu.ec,Educación / Colegio / Escuela (AMIE),Consolidado
msuarez@uees.edu.ec,uees.edu.ec,Educación / Colegio / Escuela (AMIE),Consolidado
msvargas@espol.edu.ec,espol.edu.ec,Educación / Colegio / Escuela (AMIE),Consolidado
mtacle@espol.edu.ec,espol.edu.ec,Educación / Colegio / Escuela (AMIE),11 UNIVERSIDADES.csv
mtolozano@bolivariano.edu.ec,bolivariano.edu.ec,Educación / Colegio / Escuela (AMIE),Consolidado
mtoro@uees.edu.ec,uees.edu.ec,Educación / Colegio / Escuela (AMIE),CLIENMY PIMES  CUCUENTAS ACTIVAS SUPERCIAS ESTUDIOS ACTUARIALES RAFAEL CALDERON 2024.xls 1.xls [GUAYAS ACTIVAS ]
mvelarde@liceopanamericano.edu.ec,liceopanamericano.edu.ec,Educación / Colegio / Escuela (AMIE),Consolidado
mvergara@cees.edu.ec,cees.edu.ec,Educación / Colegio / Escuela (AMIE),1195 cole gquil.csv
mviteri@ecomundo.edu.ec,ecomundo.edu.ec,Educación / Colegio / Escuela (AMIE),Consolidado
myapur@espol.edu.ec,espol.edu.ec,Educación / Colegio / Escuela (AMIE),Consolidado
mzambrano@pucem.edu.ec,pucem.edu.ec,Educación / Colegio / Escuela (AMIE),Consolidado
mzavala@ism.edu.ec,ism.edu.ec,Educación / Colegio / Escuela (AMIE),Consolidado
nancy.olivo@educacion.gob.ec,educacion.gob.ec,Educación / Colegio / Escuela (AMIE),Consolidado
nancye.andrade@educacion.gob.ec,educacion.gob.ec,Educación / Colegio / Escuela (AMIE),Consolidado
narcisa.ruales@educacion.gob.ec,educacion.gob.ec,Educación / Colegio / Escuela (AMIE),Consolidado
narcisa_calva@educacion.gob.ec,educacion.gob.ec,Educación / Colegio / Escuela (AMIE),Consolidado
narcisadejesusescuela@gmail.com,gmail.com,Educación / Colegio / Escuela (AMIE),Consolidado
narias@espol.edu.ec,espol.edu.ec,Educación / Colegio / Escuela (AMIE),Consolidado
nataly.salgado@educacion.gob.ec,educacion.gob.ec,Educación / Colegio / Escuela (AMIE),Consolidado
nelly.arroyo@educacion.gob.ec,educacion.gob.ec,Educación / Colegio / Escuela (AMIE),Consolidado
nelly.astudillo@educacion.gob.ec,educacion.gob.ec,Educación / Colegio / Escuela (AMIE),Consolidado
nellyalbarracin@laasuncion.edu.ec,laasuncion.edu.ec,Educación / Colegio / Escuela (AMIE),Consolidado
nelson.carrillo@educacion.gob.ec,educacion.gob.ec,Educación / Colegio / Escuela (AMIE),Consolidado
nelson.wachapa@educacion.gob.ec,educacion.gob.ec,Educación / Colegio / Escuela (AMIE),Consolidado
nemorales@tecnologicopichincha.edu.ec,tecnologicopichincha.edu.ec,Educación / Colegio / Escuela (AMIE),Consolidado
nexi.espana@educacion.gob.ec,educacion.gob.ec,Educación / Colegio / Escuela (AMIE),Consolidado
nfo@liceolosdelfines.edu.ec,liceolosdelfines.edu.ec,Educación / Colegio / Escuela (AMIE),Consolidado
nixon.rosero@educacion.gob.ec,educacion.gob.ec,Educación / Colegio / Escuela (AMIE),Consolidado
norberto.calle@educacion.gob.ec,educacion.gob.ec,Educación / Colegio / Escuela (AMIE),Consolidado
norberto@jefferson.edu.ec,jefferson.edu.ec,Educación / Colegio / Escuela (AMIE),Consolidado
normaramos@gutenbergschule.edu.ec,gutenbergschule.edu.ec,Educación / Colegio / Escuela (AMIE),Consolidado
npadilla.sso@uisek.edu.ec,uisek.edu.ec,Educación / Colegio / Escuela (AMIE),Consolidado
nreyna@delfos.edu.ec,delfos.edu.ec,Educación / Colegio / Escuela (AMIE),Consolidado
nrponce@espol.edu.ec,espol.edu.ec,Educación / Colegio / Escuela (AMIE),Consolidado
nttpd@espol.edu.ec,espol.edu.ec,Educación / Colegio / Escuela (AMIE),Consolidado
nubia.leon@educacion.gob.ec,educacion.gob.ec,Educación / Colegio / Escuela (AMIE),Consolidado
nuvia.alvarado@educacion.gob.ec,educacion.gob.ec,Educación / Colegio / Escuela (AMIE),Consolidado
nverdezoto@ecomundo.edu.ec,ecomundo.edu.ec,Educación / Colegio / Escuela (AMIE),Consolidado
octavio.roca@upacifico.edu.ec,upacifico.edu.ec,Educación / Colegio / Escuela (AMIE),Consolidado
oespinoza@uazuay.edu.ec,uazuay.edu.ec,Educación / Colegio / Escuela (AMIE),Consolidado
oficina.emprendedores@cu.ucsg.edu.ec,cu.ucsg.edu.ec,Educación / Colegio / Escuela (AMIE),Consolidado
oguaman@liceocampoverde.edu.ec,liceocampoverde.edu.ec,Educación / Colegio / Escuela (AMIE),Consolidado
olga.bermudez@educacion.gob.ec,educacion.gob.ec,Educación / Colegio / Escuela (AMIE),Consolidado
olga.grefaa@educacion.gob.ec,educacion.gob.ec,Educación / Colegio / Escuela (AMIE),Consolidado
olmedo@cno.edu.ec,cno.edu.ec,Educación / Colegio / Escuela (AMIE),Consolidado
omarac@uets.edu.ec,uets.edu.ec,Educación / Colegio / Escuela (AMIE),Consolidado
omendoza@espol.edu.ec,espol.edu.ec,Educación / Colegio / Escuela (AMIE),Consolidado
omomteros@usfq.edu.ec,usfq.edu.ec,Educación / Colegio / Escuela (AMIE),Consolidado
oswaldo.quitio@educacion.gob.ec,educacion.gob.ec,Educación / Colegio / Escuela (AMIE),Consolidado
pablo.macas0709@ucuenca.edu.ec,ucuenca.edu.ec,Educación / Colegio / Escuela (AMIE),Consolidado
paola.nuques@educacion.gob.ec,educacion.gob.ec,Educación / Colegio / Escuela (AMIE),Consolidado
paolarodriguez@liceolosalamos.edu.ec,liceolosalamos.edu.ec,Educación / Colegio / Escuela (AMIE),Consolidado
patricia.manzano@educacion.gob.ec,educacion.gob.ec,Educación / Colegio / Escuela (AMIE),Consolidado
patricia.montes@educacion.gob.ec,educacion.gob.ec,Educación / Colegio / Escuela (AMIE),Consolidado
patricia.saa@educacion.gob.ec,educacion.gob.ec,Educación / Colegio / Escuela (AMIE),Consolidado
patricia.tacuri@educacion.gob.ec,educacion.gob.ec,Educación / Colegio / Escuela (AMIE),Consolidado
patriciaa.castillo@educacion.gob.ec,educacion.gob.ec,Educación / Colegio / Escuela (AMIE),Consolidado
patriciaespinosa@gsp.edu.ec,gsp.edu.ec,Educación / Colegio / Escuela (AMIE),Consolidado
patriciamunoz@cipar.edu.ec,cipar.edu.ec,Educación / Colegio / Escuela (AMIE),CLIENMY PIMES  CUCUENTAS ACTIVAS SUPERCIAS ESTUDIOS ACTUARIALES RAFAEL CALDERON 2024.xls 1.xls [GUAYAS ACTIVAS ]
paul.nunez@educacion.gob.ec,educacion.gob.ec,Educación / Colegio / Escuela (AMIE),Consolidado
paulosexto@paulovi.edu.ec,paulovi.edu.ec,Educación / Colegio / Escuela (AMIE),Consolidado
pbodero@ecotec.edu.ec,ecotec.edu.ec,Educación / Colegio / Escuela (AMIE),Consolidado
pbodero@universidadecotec.edu.ec,universidadecotec.edu.ec,Educación / Colegio / Escuela (AMIE),Consolidado
pcirani@uees.edu.ec,uees.edu.ec,Educación / Colegio / Escuela (AMIE),Consolidado
pcontreras@umet.edu.ec,umet.edu.ec,Educación / Colegio / Escuela (AMIE),Consolidado
pcumba@pucem.edu.ec,pucem.edu.ec,Educación / Colegio / Escuela (AMIE),Consolidado
pmurcia@ctsdonbosco.edu.ec,ctsdonbosco.edu.ec,Educación / Colegio / Escuela (AMIE),Consolidado
ppardo@liceodelvalle.edu.ec,liceodelvalle.edu.ec,Educación / Colegio / Escuela (AMIE),Consolidado
praxdes.mora@educacion.gob.ec,educacion.gob.ec,Educación / Colegio / Escuela (AMIE),Consolidado
presidencia.apuc@ucuenca.edu.ec,ucuenca.edu.ec,Educación / Colegio / Escuela (AMIE),Consolidado
productoralcg@liceocristiano.edu.ec,liceocristiano.edu.ec,Educación / Colegio / Escuela (AMIE),Consolidado
ptinoco@interamerican.edu.ec,interamerican.edu.ec,Educación / Colegio / Escuela (AMIE),Consolidado
puertoricounidadeducativa1975@hotmail.com,hotmail.com,Educación / Colegio / Escuela (AMIE),Consolidado
raul.arboleda@educacion.gob.ec,educacion.gob.ec,Educación / Colegio / Escuela (AMIE),Consolidado
raul.astudillo@educacion.gob.ec,educacion.gob.ec,Educación / Colegio / Escuela (AMIE),Consolidado
rcanizares@mariscalsucre.edu.ec,mariscalsucre.edu.ec,Educación / Colegio / Escuela (AMIE),Consolidado
rector.unidadeducativa@yahoo.com,yahoo.com,Educación / Colegio / Escuela (AMIE),Consolidado
rector@colegiointernacional.edu.ec,colegiointernacional.edu.ec,Educación / Colegio / Escuela (AMIE),Consolidado
rector@csgabriel.edu.ec,csgabriel.edu.ec,Educación / Colegio / Escuela (AMIE),Consolidado
rector@interamericano.edu.ec,interamericano.edu.ec,Educación / Colegio / Escuela (AMIE),Consolidado
rector@intsmez.edu.ec,intsmez.edu.ec,Educación / Colegio / Escuela (AMIE),Consolidado
rector@itsjapon.edu.ec,itsjapon.edu.ec,Educación / Colegio / Escuela (AMIE),Consolidado
rector@ucuenca.edu.ec,ucuenca.edu.ec,Educación / Colegio / Escuela (AMIE),Consolidado
rector@unach.edu.ec,unach.edu.ec,Educación / Colegio / Escuela (AMIE),11 UNIVERSIDADES.csv
rectorado.secretaria@seneca.edu.ec,seneca.edu.ec,Educación / Colegio / Escuela (AMIE),Consolidado
rectorado@atenoloja.edu.ec,atenoloja.edu.ec,Educación / Colegio / Escuela (AMIE),Consolidado
rectorado@cienciayfe.edu.ec,cienciayfe.edu.ec,Educación / Colegio / Escuela (AMIE),Consolidado
rectorado@colegiobrasil.edu.ec,colegiobrasil.edu.ec,Educación / Colegio / Escuela (AMIE),Consolidado
rectorado@continental.edu.ec,continental.edu.ec,Educación / Colegio / Escuela (AMIE),Consolidado
rectorado@correoueee.edu.ec,correoueee.edu.ec,Educación / Colegio / Escuela (AMIE),Consolidado
rectorado@emdischool.edu.ec,emdischool.edu.ec,Educación / Colegio / Escuela (AMIE),Consolidado
rectorado@ism.edu.ec,ism.edu.ec,Educación / Colegio / Escuela (AMIE),Consolidado
rectorado@laasuncion.edu.ec,laasuncion.edu.ec,Educación / Colegio / Escuela (AMIE),Consolidado
rectorado@lamoderna.edu.ec,lamoderna.edu.ec,Educación / Colegio / Escuela (AMIE),Consolidado
rectorado@liceodeloja.edu.ec,liceodeloja.edu.ec,Educación / Colegio / Escuela (AMIE),Consolidado
rectorado@mariscalsucre.edu.ec,mariscalsucre.edu.ec,Educación / Colegio / Escuela (AMIE),1195 cole gquil.csv
rectorado@martimcerere.edu.ec,martimcerere.edu.ec,Educación / Colegio / Escuela (AMIE),Consolidado
rectorado@newlife.edu.ec,newlife.edu.ec,Educación / Colegio / Escuela (AMIE),Consolidado
rectorado@redemptio.edu.ec,redemptio.edu.ec,Educación / Colegio / Escuela (AMIE),Consolidado
rectorado@sanisidro.edu.ec,sanisidro.edu.ec,Educación / Colegio / Escuela (AMIE),Consolidado
rectorado@ueapch.edu.ec,ueapch.edu.ec,Educación / Colegio / Escuela (AMIE),Consolidado
rectorado@uenma.edu.ec,uenma.edu.ec,Educación / Colegio / Escuela (AMIE),Consolidado
rectorado@ueprim.edu.ec,ueprim.edu.ec,Educación / Colegio / Escuela (AMIE),Consolidado
rectorado@uespra.edu.ec,uespra.edu.ec,Educación / Colegio / Escuela (AMIE),Consolidado
rectorado@upse.edu.ec,upse.edu.ec,Educación / Colegio / Escuela (AMIE),Consolidado
rectorado_bjarrett@liceolosalamos.edu.ec,liceolosalamos.edu.ec,Educación / Colegio / Escuela (AMIE),Consolidado
recursos.digitales@ipac.edu.ec,ipac.edu.ec,Educación / Colegio / Escuela (AMIE),Consolidado
recursoshumanos@uteg.edu.ec,uteg.edu.ec,Educación / Colegio / Escuela (AMIE),Consolidado
redessociales@copei.edu.ec,copei.edu.ec,Educación / Colegio / Escuela (AMIE),Consolidado
redessociales@itv.edu.ec,itv.edu.ec,Educación / Colegio / Escuela (AMIE),Consolidado
relaciones.publicas@uc.uesm.edu.ec,uc.uesm.edu.ec,Educación / Colegio / Escuela (AMIE),Consolidado
relacionespublicas@liceolosandes.edu.ec,liceolosandes.edu.ec,Educación / Colegio / Escuela (AMIE),2324 cole nuev.csv
relacionespublicas@ug.edu.ec,ug.edu.ec,Educación / Colegio / Escuela (AMIE),Consolidado
rene.ponce@educacion.gob.ec,educacion.gob.ec,Educación / Colegio / Escuela (AMIE),Consolidado
revelasco@tes.edu.ec,tes.edu.ec,Educación / Colegio / Escuela (AMIE),Consolidado
rfriasb@istra.edu.ec,istra.edu.ec,Educación / Colegio / Escuela (AMIE),Consolidado
rgonzalez@cedfi.edu.ec,cedfi.edu.ec,Educación / Colegio / Escuela (AMIE),Consolidado
rgranja@sfelipeneri.edu.ec,sfelipeneri.edu.ec,Educación / Colegio / Escuela (AMIE),Consolidado
rgsilva@espol.edu.ec,espol.edu.ec,Educación / Colegio / Escuela (AMIE),Consolidado
rhanze@usm.edu.ec,usm.edu.ec,Educación / Colegio / Escuela (AMIE),Consolidado
rioamazonasescuela@gmail.com,gmail.com,Educación / Colegio / Escuela (AMIE),Consolidado
riocenepaescuela@yahoo.es,yahoo.es,Educación / Colegio / Escuela (AMIE),Consolidado
rioshingualescuela@hotmail.com,hotmail.com,Educación / Colegio / Escuela (AMIE),Consolidado
rjara@aitec.edu.ec,aitec.edu.ec,Educación / Colegio / Escuela (AMIE),Consolidado
rlino@ecomundo.edu.ec,ecomundo.edu.ec,Educación / Colegio / Escuela (AMIE),Consolidado
rlozano@tecnologicoargos.edu.ec,tecnologicoargos.edu.ec,Educación / Colegio / Escuela (AMIE),Consolidado
rluna@ups.edu.ec,ups.edu.ec,Educación / Colegio / Escuela (AMIE),Consolidado
roberome@espol.edu.ec,espol.edu.ec,Educación / Colegio / Escuela (AMIE),Consolidado
robertina.garcia@educacion.gob.ec,educacion.gob.ec,Educación / Colegio / Escuela (AMIE),Consolidado
roberto.anastacio@educacion.gob.ec,educacion.gob.ec,Educación / Colegio / Escuela (AMIE),Consolidado
robles@liceolosandes.edu.ec,liceolosandes.edu.ec,Educación / Colegio / Escuela (AMIE),Consolidado
rocio.jacome@educacion.gob.ec,educacion.gob.ec,Educación / Colegio / Escuela (AMIE),Consolidado
rodolfo.pualacin@educacion.gob.ec,educacion.gob.ec,Educación / Colegio / Escuela (AMIE),Consolidado
romina.leone@ute.edu.ec,ute.edu.ec,Educación / Colegio / Escuela (AMIE),Consolidado
rosa.intriago@educacion.gob.ec,educacion.gob.ec,Educación / Colegio / Escuela (AMIE),Consolidado
rosalia.avila@educacion.gob.ec,educacion.gob.ec,Educación / Colegio / Escuela (AMIE),Consolidado
rosario.carrera@educacion.gob.ec,educacion.gob.ec,Educación / Colegio / Escuela (AMIE),Consolidado
rosario.iniguez@lasalleguayaquil.edu.ec,lasalleguayaquil.edu.ec,Educación / Colegio / Escuela (AMIE),2324 cole nuev.csv
rosarista@colrosario.edu.ec,colrosario.edu.ec,Educación / Colegio / Escuela (AMIE),Consolidado
rpaladines@torremar.edu.ec,torremar.edu.ec,Educación / Colegio / Escuela (AMIE),Consolidado
rpaltins@uees.edu.ec,uees.edu.ec,Educación / Colegio / Escuela (AMIE),Consolidado
rpazmino@tecnoecuatoriano.edu.ec,tecnoecuatoriano.edu.ec,Educación / Colegio / Escuela (AMIE),Consolidado
rpita@uees.edu.ec,uees.edu.ec,Educación / Colegio / Escuela (AMIE),Consolidado
rrhh-foodservice@usfq.edu.ec,usfq.edu.ec,Educación / Colegio / Escuela (AMIE),Consolidado
rrhhdocentescolegio@gmail.com,gmail.com,Educación / Colegio / Escuela (AMIE),Consolidado
rrpp@steiner.edu.ec,steiner.edu.ec,Educación / Colegio / Escuela (AMIE),Consolidado
rsanchez@soler.edu.ec,soler.edu.ec,Educación / Colegio / Escuela (AMIE),Consolidado
sabando.bienvenida@educacion.gob.ec,educacion.gob.ec,Educación / Colegio / Escuela (AMIE),Consolidado
sac@cebi.edu.ec,cebi.edu.ec,Educación / Colegio / Escuela (AMIE),Consolidado
salinascolegio@yahoo.es,yahoo.es,Educación / Colegio / Escuela (AMIE),Consolidado
sanandresescuela@yahoo.es,yahoo.es,Educación / Colegio / Escuela (AMIE),Consolidado
sandra.curisaca@educacion.gob.ec,educacion.gob.ec,Educación / Colegio / Escuela (AMIE),Consolidado
sandra.montaguano@educacion.gob.ec,educacion.gob.ec,Educación / Colegio / Escuela (AMIE),Consolidado
sandrade@logosacademy.edu.ec,logosacademy.edu.ec,Educación / Colegio / Escuela (AMIE),Consolidado
sandrae.paez@educacion.gob.ec,educacion.gob.ec,Educación / Colegio / Escuela (AMIE),Consolidado
sandro.zumarraga@educacion.gob.ec,educacion.gob.ec,Educación / Colegio / Escuela (AMIE),Consolidado
sanfranciscojaviercolegio@yahoo.es,yahoo.es,Educación / Colegio / Escuela (AMIE),Consolidado
sangulo@anai.edu.ec,anai.edu.ec,Educación / Colegio / Escuela (AMIE),Consolidado
sanjuanboscoescuela@hotmail.com,hotmail.com,Educación / Colegio / Escuela (AMIE),Consolidado
sanmartin_escuela@yahoo.com,yahoo.com,Educación / Colegio / Escuela (AMIE),Consolidado
santalucia_colegio@hotmail.com,hotmail.com,Educación / Colegio / Escuela (AMIE),Consolidado
santodomingo@espe.edu.ec,espe.edu.ec,Educación / Colegio / Escuela (AMIE),Consolidado
santos.valdes@educacion.gob.ec,educacion.gob.ec,Educación / Colegio / Escuela (AMIE),Consolidado
sara.camba@educacion.gob.ec,educacion.gob.ec,Educación / Colegio / Escuela (AMIE),Consolidado
sara.villamil@educacion.gob.ec,educacion.gob.ec,Educación / Colegio / Escuela (AMIE),Consolidado
sarae.alvarado@educacion.gob.ec,educacion.gob.ec,Educación / Colegio / Escuela (AMIE),Consolidado
sblacido@uesma.edu.ec,uesma.edu.ec,Educación / Colegio / Escuela (AMIE),Consolidado
scarvallo@uemo.edu.ec,uemo.edu.ec,Educación / Colegio / Escuela (AMIE),Consolidado
scedeno@liceopanamericano.edu.ec,liceopanamericano.edu.ec,Educación / Colegio / Escuela (AMIE),Consolidado
scperalta@uees.edu.ec,uees.edu.ec,Educación / Colegio / Escuela (AMIE),Consolidado
sebastian.zambrano@educacion.gob.ec,educacion.gob.ec,Educación / Colegio / Escuela (AMIE),Consolidado
secastro@espol.edu.ec,espol.edu.ec,Educación / Colegio / Escuela (AMIE),Consolidado
secretaria.academica@cade.edu.ec,cade.edu.ec,Educación / Colegio / Escuela (AMIE),Consolidado
secretaria.apuc@ucuenca.edu.ec,ucuenca.edu.ec,Educación / Colegio / Escuela (AMIE),Consolidado
secretaria.general@ipac.edu.ec,ipac.edu.ec,Educación / Colegio / Escuela (AMIE),Consolidado
secretaria.rectoradonacional@cahgye.edu.ec,cahgye.edu.ec,Educación / Colegio / Escuela (AMIE),2324 cole nuev.csv
secretaria.sambo@cahgye.edu.ec,cahgye.edu.ec,Educación / Colegio / Escuela (AMIE),1195 cole gquil.csv
secretaria.secundaria@ipac.edu.ec,ipac.edu.ec,Educación / Colegio / Escuela (AMIE),2324 cole nuev.csv
secretaria.transicion@ipac.edu.ec,ipac.edu.ec,Educación / Colegio / Escuela (AMIE),Consolidado
secretaria@andesbello.edu.ec,andesbello.edu.ec,Educación / Colegio / Escuela (AMIE),Consolidado
secretaria@antonioneumane.edu.ec,antonioneumane.edu.ec,Educación / Colegio / Escuela (AMIE),Consolidado
secretaria@balmara.edu.ec,balmara.edu.ec,Educación / Colegio / Escuela (AMIE),Consolidado
secretaria@colegiosanfrancisco.edu.ec,colegiosanfrancisco.edu.ec,Educación / Colegio / Escuela (AMIE),Consolidado
secretaria@cumbreazul.edu.ec,cumbreazul.edu.ec,Educación / Colegio / Escuela (AMIE),Consolidado
secretaria@delaprovidencia.edu.ec,delaprovidencia.edu.ec,Educación / Colegio / Escuela (AMIE),1195 cole gquil.csv
secretaria@efiallos.edu.ec,efiallos.edu.ec,Educación / Colegio / Escuela (AMIE),1195 cole gquil.csv
secretaria@gasset.edu.ec,gasset.edu.ec,Educación / Colegio / Escuela (AMIE),Consolidado
secretaria@huaynacapac.edu.ec,huaynacapac.edu.ec,Educación / Colegio / Escuela (AMIE),MR COLEGIOS 2017.csv
secretaria@itv.edu.ec,itv.edu.ec,Educación / Colegio / Escuela (AMIE),Consolidado
secretaria@lasalleriobamba.edu.ec,lasalleriobamba.edu.ec,Educación / Colegio / Escuela (AMIE),Consolidado
secretaria@mariorizzini.edu.ec,mariorizzini.edu.ec,Educación / Colegio / Escuela (AMIE),Consolidado
secretaria@mipequemundo.edu.ec,mipequemundo.edu.ec,Educación / Colegio / Escuela (AMIE),Consolidado
secretaria@pillahuaso.edu.ec,pillahuaso.edu.ec,Educación / Colegio / Escuela (AMIE),Consolidado
secretaria@rcushing.edu.ec,rcushing.edu.ec,Educación / Colegio / Escuela (AMIE),1195 cole gquil.csv
secretaria@saintpatrick.edu.ec,saintpatrick.edu.ec,Educación / Colegio / Escuela (AMIE),Consolidado
secretaria@salesianosibarra.edu.ec,salesianosibarra.edu.ec,Educación / Colegio / Escuela (AMIE),Consolidado
secretaria@scotlandschool.edu.ec,scotlandschool.edu.ec,Educación / Colegio / Escuela (AMIE),Consolidado
secretaria@sfnazareth.edu.ec,sfnazareth.edu.ec,Educación / Colegio / Escuela (AMIE),Consolidado
secretaria@shalon.edu.ec,shalon.edu.ec,Educación / Colegio / Escuela (AMIE),Consolidado
secretaria@thomasrussell.edu.ec,thomasrussell.edu.ec,Educación / Colegio / Escuela (AMIE),Consolidado
secretaria@uebi.edu.ec,uebi.edu.ec,Educación / Colegio / Escuela (AMIE),Consolidado
secretaria@uemundial.edu.ec,uemundial.edu.ec,Educación / Colegio / Escuela (AMIE),Consolidado
secretariageneral@colegiobritanico.edu.ec,colegiobritanico.edu.ec,Educación / Colegio / Escuela (AMIE),Consolidado
secretariageneral@colegiodeliga.edu.ec,colegiodeliga.edu.ec,Educación / Colegio / Escuela (AMIE),Consolidado
secretariageneral@copol.edu.ec,copol.edu.ec,Educación / Colegio / Escuela (AMIE),2324 cole nuev.csv
secretariageneral@ludoteca.edu.ec,ludoteca.edu.ec,Educación / Colegio / Escuela (AMIE),Consolidado
secretariarectorado@uteg.edu.ec,uteg.edu.ec,Educación / Colegio / Escuela (AMIE),Consolidado
secretariauela@liceoaduanero.edu.ec,liceoaduanero.edu.ec,Educación / Colegio / Escuela (AMIE),Consolidado
secretariaunidadeducativalasdelicias@outlook.es,outlook.es,Educación / Colegio / Escuela (AMIE),Consolidado
secretariayla@younglivingacademy.edu.ec,younglivingacademy.edu.ec,Educación / Colegio / Escuela (AMIE),Consolidado
secretaríarectorado@uteg.edu.ec,uteg.edu.ec,Educación / Colegio / Escuela (AMIE),Consolidado
segresanjose@lasalle.edu.ec,lasalle.edu.ec,Educación / Colegio / Escuela (AMIE),Consolidado
seminarios@ulvr.edu.ec,ulvr.edu.ec,Educación / Colegio / Escuela (AMIE),Consolidado
servicio_cliente_gye@wei.edu.ec,wei.edu.ec,Educación / Colegio / Escuela (AMIE),Consolidado
sestrella@eslaseg.edu.ec,eslaseg.edu.ec,Educación / Colegio / Escuela (AMIE),Consolidado
sgranda@isac.edu.ec,isac.edu.ec,Educación / Colegio / Escuela (AMIE),Consolidado
sgranda@laescueladeloschefs.edu.ec,laescueladeloschefs.edu.ec,Educación / Colegio / Escuela (AMIE),Consolidado
sheila.reyes@educacion.gob.ec,educacion.gob.ec,Educación / Colegio / Escuela (AMIE),Consolidado
shinojosad@ulvr.edu.ec,ulvr.edu.ec,Educación / Colegio / Escuela (AMIE),Consolidado
shirley.duran@educacion.gob.ec,educacion.gob.ec,Educación / Colegio / Escuela (AMIE),Consolidado
silvanar.arevalo@educacion.gob.ec,educacion.gob.ec,Educación / Colegio / Escuela (AMIE),Consolidado
silvia.arteaga@educacion.gob.ec,educacion.gob.ec,Educación / Colegio / Escuela (AMIE),Consolidado
silviam.perez@educacion.gob.ec,educacion.gob.ec,Educación / Colegio / Escuela (AMIE),Consolidado
sindicato1demayo@uta.edu.ec,uta.edu.ec,Educación / Colegio / Escuela (AMIE),Consolidado
sindicatoespol@espol.edu.ec,espol.edu.ec,Educación / Colegio / Escuela (AMIE),Consolidado
sixto.grefa@educacion.gob.ec,educacion.gob.ec,Educación / Colegio / Escuela (AMIE),Consolidado
sjsa@sanjoaquin.edu.ec,sanjoaquin.edu.ec,Educación / Colegio / Escuela (AMIE),1195 cole gquil.csv
smontufar@colegiomenor.edu.ec,colegiomenor.edu.ec,Educación / Colegio / Escuela (AMIE),Consolidado
smyepez@utn.edu.ec,utn.edu.ec,Educación / Colegio / Escuela (AMIE),Consolidado
spaez@anai.edu.ec,anai.edu.ec,Educación / Colegio / Escuela (AMIE),Consolidado
srector@ups.edu.ec,ups.edu.ec,Educación / Colegio / Escuela (AMIE),11 UNIVERSIDADES.csv
sromero@usfq.edu.ec,usfq.edu.ec,Educación / Colegio / Escuela (AMIE),Consolidado
ssalcedo@logosacademy.edu.ec,logosacademy.edu.ec,Educación / Colegio / Escuela (AMIE),Consolidado
steiner@steiner.edu.ec,steiner.edu.ec,Educación / Colegio / Escuela (AMIE),Consolidado
stuard@uasb.edu.ec,uasb.edu.ec,Educación / Colegio / Escuela (AMIE),Consolidado
subsec.amazonia@educacion.gob.ec,educacion.gob.ec,Educación / Colegio / Escuela (AMIE),Consolidado
susana.chele@educacion.gob.ec,educacion.gob.ec,Educación / Colegio / Escuela (AMIE),Consolidado
susana.vilcacundo@educacion.gob.ec,educacion.gob.ec,Educación / Colegio / Escuela (AMIE),Consolidado
svicerectorguio@ups.edu.ec,ups.edu.ec,Educación / Colegio / Escuela (AMIE),Consolidado
svicerectorgye@ups.edu.ec,ups.edu.ec,Educación / Colegio / Escuela (AMIE),Consolidado
teresaj.mero@educacion.gob.ec,educacion.gob.ec,Educación / Colegio / Escuela (AMIE),Consolidado
tlong@colegiomenor.edu.ec,colegiomenor.edu.ec,Educación / Colegio / Escuela (AMIE),Consolidado
tmolina@espol.edu.ec,espol.edu.ec,Educación / Colegio / Escuela (AMIE),SUPERCIAS AUDITORES EXTERNOS.xlsx [AuditoresExternos]
torremar@torremar.edu.ec,torremar.edu.ec,Educación / Colegio / Escuela (AMIE),2324 cole nuev.csv
transespol@espol.edu.ec,espol.edu.ec,Educación / Colegio / Escuela (AMIE),Consolidado
transporte@ipac.edu.ec,ipac.edu.ec,Educación / Colegio / Escuela (AMIE),Consolidado
transportes@ipac.edu.ec,ipac.edu.ec,Educación / Colegio / Escuela (AMIE),Consolidado
treintadeagostoescuela@hotmail.com,hotmail.com,Educación / Colegio / Escuela (AMIE),Consolidado
trinidad.gutierrez@educacion.gob.ec,educacion.gob.ec,Educación / Colegio / Escuela (AMIE),Consolidado
ttapia@bolivariano.edu.ec,bolivariano.edu.ec,Educación / Colegio / Escuela (AMIE),Consolidado
tucolegio@liceolaalborada.edu.ec,liceolaalborada.edu.ec,Educación / Colegio / Escuela (AMIE),Consolidado
ue@sscc-cuenca.edu.ec,sscc-cuenca.edu.ec,Educación / Colegio / Escuela (AMIE),Consolidado
ueb@unidadborja.edu.ec,unidadborja.edu.ec,Educación / Colegio / Escuela (AMIE),Consolidado
uec@iitsb.edu.ec,iitsb.edu.ec,Educación / Colegio / Escuela (AMIE),Consolidado
uecloja@calasanzloja.edu.ec,calasanzloja.edu.ec,Educación / Colegio / Escuela (AMIE),Consolidado
uect@cayetanotarruell.edu.ec,cayetanotarruell.edu.ec,Educación / Colegio / Escuela (AMIE),Consolidado
uedonbosco@salesianoscayambe.edu.ec,salesianoscayambe.edu.ec,Educación / Colegio / Escuela (AMIE),Consolidado
ueldv@ueldv.edu.ec,ueldv.edu.ec,Educación / Colegio / Escuela (AMIE),Consolidado
uemprende@utn.edu.ec,utn.edu.ec,Educación / Colegio / Escuela (AMIE),Consolidado
uep@copol.edu.ec,copol.edu.ec,Educación / Colegio / Escuela (AMIE),MR COLEGIOS 2017.csv
uersbgye@rosariosanchezbruno.edu.ec,rosariosanchezbruno.edu.ec,Educación / Colegio / Escuela (AMIE),1195 cole gquil.csv
uescc@cristobalcolon.edu.ec,cristobalcolon.edu.ec,Educación / Colegio / Escuela (AMIE),1195 cole gquil.csv
uets@uets.edu.ec,uets.edu.ec,Educación / Colegio / Escuela (AMIE),Consolidado
ugrector@ug.edu.ec,ug.edu.ec,Educación / Colegio / Escuela (AMIE),11 UNIVERSIDADES.csv
unidad@liceocristianodemilagro.edu.ec,liceocristianodemilagro.edu.ec,Educación / Colegio / Escuela (AMIE),1195 cole gquil.csv
unidadcatolicadecuenca@ucacue.edu.ec,ucacue.edu.ec,Educación / Colegio / Escuela (AMIE),Consolidado
unidadeducativa.13deagosto@hotmail.com,hotmail.com,Educación / Colegio / Escuela (AMIE),Consolidado
unidadeducativa.segundotorres@hotmail.com,hotmail.com,Educación / Colegio / Escuela (AMIE),Consolidado
unidadeducativa.tupakamaru@gmail.com,gmail.com,Educación / Colegio / Escuela (AMIE),Consolidado
unidadeducativa13deabril@yahoo.es,yahoo.es,Educación / Colegio / Escuela (AMIE),Consolidado
unidadeducativa15denoviembre@hotmail.com,hotmail.com,Educación / Colegio / Escuela (AMIE),Consolidado
unidadeducativa1octubre@gmail.com,gmail.com,Educación / Colegio / Escuela (AMIE),Consolidado
unidadeducativa28deagosto@hotmail.com,hotmail.com,Educación / Colegio / Escuela (AMIE),Consolidado
unidadeducativa5dejunio@gmail.com,gmail.com,Educación / Colegio / Escuela (AMIE),Consolidado
unidadeducativa7denoviembre@hotmail.com,hotmail.com,Educación / Colegio / Escuela (AMIE),Consolidado
unidadeducativa@amv.edu.ec,amv.edu.ec,Educación / Colegio / Escuela (AMIE),Consolidado
unidadeducativa_abc_@hotmail.com,hotmail.com,Educación / Colegio / Escuela (AMIE),Consolidado
unidadeducativa_ambrosiolasso@yahoo.es,yahoo.es,Educación / Colegio / Escuela (AMIE),Consolidado
unidadeducativa_fc@hotmail.com,hotmail.com,Educación / Colegio / Escuela (AMIE),Consolidado
unidadeducativa_houseschool@yahoo.com,yahoo.com,Educación / Colegio / Escuela (AMIE),Consolidado
unidadeducativa_lacosecha@hotmail.com,hotmail.com,Educación / Colegio / Escuela (AMIE),Consolidado
unidadeducativa_lagosanpedro@yahoo.com,yahoo.com,Educación / Colegio / Escuela (AMIE),Consolidado
unidadeducativa_miltonborja@hotmail.com,hotmail.com,Educación / Colegio / Escuela (AMIE),Consolidado
unidadeducativa_sanvicentedepaul@hotmail.com,hotmail.com,Educación / Colegio / Escuela (AMIE),1195 cole gquil.csv
unidadeducativaachuar@gmail.com,gmail.com,Educación / Colegio / Escuela (AMIE),Consolidado
unidadeducativaandresbellolopez@hotmail.com,hotmail.com,Educación / Colegio / Escuela (AMIE),Consolidado
unidadeducativaantoniomolinaiglesias@hotmail.com,hotmail.com,Educación / Colegio / Escuela (AMIE),Consolidado
unidadeducativaanuevedeoctubre@hotmail.com,hotmail.com,Educación / Colegio / Escuela (AMIE),Consolidado
unidadeducativaapc@gmail.com,gmail.com,Educación / Colegio / Escuela (AMIE),Consolidado
unidadeducativaaristos1998@hotmail.com,hotmail.com,Educación / Colegio / Escuela (AMIE),Consolidado
unidadeducativaauroraestradayayala@hotmail.com,hotmail.com,Educación / Colegio / Escuela (AMIE),Consolidado
unidadeducativabelleview@hotmail.com,hotmail.com,Educación / Colegio / Escuela (AMIE),Consolidado
unidadeducativablg2016@gmail.com,gmail.com,Educación / Colegio / Escuela (AMIE),Consolidado
unidadeducativabolivar@gmail.com,gmail.com,Educación / Colegio / Escuela (AMIE),Consolidado
unidadeducativabrisasdelrio@uebrisasdelrio.edu.ec,uebrisasdelrio.edu.ec,Educación / Colegio / Escuela (AMIE),Consolidado
unidadeducativacahuasqui@gmail.com,gmail.com,Educación / Colegio / Escuela (AMIE),Consolidado
unidadeducativacamilohuatatoca@hotmail.com,hotmail.com,Educación / Colegio / Escuela (AMIE),Consolidado
unidadeducativacaranqui@yahoo.com,yahoo.com,Educación / Colegio / Escuela (AMIE),Consolidado
unidadeducativacarloslimaico@gmail.com,gmail.com,Educación / Colegio / Escuela (AMIE),Consolidado
unidadeducativacarlosmariacastrochone@outlook.es,outlook.es,Educación / Colegio / Escuela (AMIE),Consolidado
unidadeducativacavanis@hotmail.com,hotmail.com,Educación / Colegio / Escuela (AMIE),Consolidado
unidadeducativacdp@gmail.com,gmail.com,Educación / Colegio / Escuela (AMIE),Consolidado
unidadeducativachapints@gmail.com,gmail.com,Educación / Colegio / Escuela (AMIE),Consolidado
unidadeducativachillanes@outlook.com,outlook.com,Educación / Colegio / Escuela (AMIE),Consolidado
unidadeducativachunchi@yahoo.es,yahoo.es,Educación / Colegio / Escuela (AMIE),Consolidado
unidadeducativachuwitayu@gmail.com,gmail.com,Educación / Colegio / Escuela (AMIE),Consolidado
unidadeducativaclucianocoral@gmail.com,gmail.com,Educación / Colegio / Escuela (AMIE),Consolidado
unidadeducativacocn@yahoo.com,yahoo.com,Educación / Colegio / Escuela (AMIE),Consolidado
unidadeducativacorlugue@hotmaii.com,hotmaii.com,Educación / Colegio / Escuela (AMIE),2324 cole nuev.csv
unidadeducativacotopaxi2@hotmail.com,hotmail.com,Educación / Colegio / Escuela (AMIE),Consolidado
unidadeducativactg@hotmail.com,hotmail.com,Educación / Colegio / Escuela (AMIE),1195 cole gquil.csv
unidadeducativaecl_2015@hotmail.com,hotmail.com,Educación / Colegio / Escuela (AMIE),Consolidado
unidadeducativaecuamundo@hotmail.com,hotmail.com,Educación / Colegio / Escuela (AMIE),1195 cole gquil.csv
unidadeducativaedd@hotmail.com,hotmail.com,Educación / Colegio / Escuela (AMIE),Consolidado
unidadeducativaelcarmelo@gmail.com,gmail.com,Educación / Colegio / Escuela (AMIE),Consolidado
unidadeducativaelsauce@gmail.com,gmail.com,Educación / Colegio / Escuela (AMIE),Consolidado
unidadeducativaeltriunfo@gmail.com,gmail.com,Educación / Colegio / Escuela (AMIE),Consolidado
unidadeducativaetsa@outlook.com,outlook.com,Educación / Colegio / Escuela (AMIE),Consolidado
unidadeducativafedeguayas@hotmail.com,hotmail.com,Educación / Colegio / Escuela (AMIE),Consolidado
unidadeducativafiscalvr@gmail.com,gmail.com,Educación / Colegio / Escuela (AMIE),Consolidado
unidadeducativafranciscopacheco@hotmail.com,hotmail.com,Educación / Colegio / Escuela (AMIE),Consolidado
unidadeducativafrankvargas@outlook.com,outlook.com,Educación / Colegio / Escuela (AMIE),Consolidado
unidadeducativageneralquisquis@yahoo.es,yahoo.es,Educación / Colegio / Escuela (AMIE),Consolidado
unidadeducativagenesis@hotmail.com,hotmail.com,Educación / Colegio / Escuela (AMIE),Consolidado
unidadeducativaguapan@hotmail.com,hotmail.com,Educación / Colegio / Escuela (AMIE),Consolidado
unidadeducativaguapara@hotmail.com,hotmail.com,Educación / Colegio / Escuela (AMIE),Consolidado
unidadeducativaheleodoroayala@latinmail.com,latinmail.com,Educación / Colegio / Escuela (AMIE),Consolidado
unidadeducativainvesciencias@hotmail.com,hotmail.com,Educación / Colegio / Escuela (AMIE),2324 cole nuev.csv
unidadeducativaisinlivi@outlook.com,outlook.com,Educación / Colegio / Escuela (AMIE),Consolidado
unidadeducativaislaseymour@gmail.com,gmail.com,Educación / Colegio / Escuela (AMIE),2324 cole nuev.csv
unidadeducativajaimedelhierro@outlook.com,outlook.com,Educación / Colegio / Escuela (AMIE),Consolidado
unidadeducativajatunkuraka@hotmail.com,hotmail.com,Educación / Colegio / Escuela (AMIE),Consolidado
unidadeducativajerusalen@hotmail.com,hotmail.com,Educación / Colegio / Escuela (AMIE),1195 cole gquil.csv
unidadeducativajuliofloresbenitez@hotmail.com,hotmail.com,Educación / Colegio / Escuela (AMIE),Consolidado
unidadeducativajuncal@hotmail.com,hotmail.com,Educación / Colegio / Escuela (AMIE),Consolidado
unidadeducativalaronda@hotmail.com,hotmail.com,Educación / Colegio / Escuela (AMIE),Consolidado
unidadeducativalaspalmas@hotmail.com,hotmail.com,Educación / Colegio / Escuela (AMIE),Consolidado
unidadeducativaliceodelnorte@gmail.com,gmail.com,Educación / Colegio / Escuela (AMIE),1195 cole gquil.csv
unidadeducativaliriodelosvalles@hotmail.com,hotmail.com,Educación / Colegio / Escuela (AMIE),Consolidado
unidadeducativaloasi@yahoo.es,yahoo.es,Educación / Colegio / Escuela (AMIE),Consolidado
unidadeducativalrg@outlook.com,outlook.com,Educación / Colegio / Escuela (AMIE),Consolidado
unidadeducativamanuelita@hotmail.com,hotmail.com,Educación / Colegio / Escuela (AMIE),Consolidado
unidadeducativamarianitas@hotmail.com,hotmail.com,Educación / Colegio / Escuela (AMIE),Consolidado
unidadeducativamarterritorial13h02369@hotmail.com,hotmail.com,Educación / Colegio / Escuela (AMIE),Consolidado
unidadeducativamatovelle@gmail.com,gmail.com,Educación / Colegio / Escuela (AMIE),Consolidado
unidadeducativamexico29@outlook.com,outlook.com,Educación / Colegio / Escuela (AMIE),Consolidado
unidadeducativamonterrey@yahoo.es,yahoo.es,Educación / Colegio / Escuela (AMIE),Consolidado
unidadeducativamontreal@gmail.com,gmail.com,Educación / Colegio / Escuela (AMIE),Consolidado
unidadeducativampt@gmail.com,gmail.com,Educación / Colegio / Escuela (AMIE),Consolidado
unidadeducativamultitu@gmail.com,gmail.com,Educación / Colegio / Escuela (AMIE),Consolidado
unidadeducativanacionpuruha@gmail.com,gmail.com,Educación / Colegio / Escuela (AMIE),Consolidado
unidadeducativanatividad@hotmail.com,hotmail.com,Educación / Colegio / Escuela (AMIE),Consolidado
unidadeducativapalati@hotmail.com,hotmail.com,Educación / Colegio / Escuela (AMIE),Consolidado
unidadeducativaparticulardidacta@hotmail.com,hotmail.com,Educación / Colegio / Escuela (AMIE),Consolidado
unidadeducativaparticularpablovi@hotmail.com,hotmail.com,Educación / Colegio / Escuela (AMIE),Consolidado
unidadeducativapasa@gmail.com,gmail.com,Educación / Colegio / Escuela (AMIE),Consolidado
unidadeducativapaulo6@gmail.com,gmail.com,Educación / Colegio / Escuela (AMIE),Consolidado
unidadeducativapiartal@hotmail.com,hotmail.com,Educación / Colegio / Escuela (AMIE),Consolidado
unidadeducativarepublicadecanada@hotmail.com,hotmail.com,Educación / Colegio / Escuela (AMIE),Consolidado
unidadeducativarockefeller@hotmail.com,hotmail.com,Educación / Colegio / Escuela (AMIE),Consolidado
unidadeducativaruminahui@hotmail.com,hotmail.com,Educación / Colegio / Escuela (AMIE),Consolidado
unidadeducativasanjacinto@yahoo.es,yahoo.es,Educación / Colegio / Escuela (AMIE),Consolidado
unidadeducativasanjose@sociedaddebeneficencia.org,sociedaddebeneficencia.org,Educación / Colegio / Escuela (AMIE),Consolidado
unidadeducativasanmateo@gmail.com,gmail.com,Educación / Colegio / Escuela (AMIE),Consolidado
unidadeducativasantaana@yahoo.es,yahoo.es,Educación / Colegio / Escuela (AMIE),Consolidado
unidadeducativasantarosa@hotmail.com,hotmail.com,Educación / Colegio / Escuela (AMIE),Consolidado
unidadeducativasegundotorres@yahoo.es,yahoo.es,Educación / Colegio / Escuela (AMIE),Consolidado
unidadeducativashushufindi@outlook.com,outlook.com,Educación / Colegio / Escuela (AMIE),Consolidado
unidadeducativasietedeoctubre@yahoo.com,yahoo.com,Educación / Colegio / Escuela (AMIE),Consolidado
unidadeducativasisid@yahoo.es,yahoo.es,Educación / Colegio / Escuela (AMIE),Consolidado
unidadeducativasmb@hotmail.com,hotmail.com,Educación / Colegio / Escuela (AMIE),Consolidado
unidadeducativasonva@hotmail.com,hotmail.com,Educación / Colegio / Escuela (AMIE),Consolidado
unidadeducativaspp@hotmail.com,hotmail.com,Educación / Colegio / Escuela (AMIE),Consolidado
unidadeducativasurcos@hotmail.com,hotmail.com,Educación / Colegio / Escuela (AMIE),Consolidado
unidadeducativatabuga@gmail.com,gmail.com,Educación / Colegio / Escuela (AMIE),Consolidado
unidadeducativathomascranmer@hotmail.com,hotmail.com,Educación / Colegio / Escuela (AMIE),Consolidado
unidadeducativatufino@gmail.com,gmail.com,Educación / Colegio / Escuela (AMIE),Consolidado
unidadeducativatulcan@gmail.com,gmail.com,Educación / Colegio / Escuela (AMIE),Consolidado
unidadeducativatupakyupanki@gmail.com,gmail.com,Educación / Colegio / Escuela (AMIE),Consolidado
unidadeducativaupeps@gmail.com,gmail.com,Educación / Colegio / Escuela (AMIE),Consolidado
unidadeducativautuana@hotmail.es,hotmail.es,Educación / Colegio / Escuela (AMIE),Consolidado
unidadeducativaverbo@hotmail.com,hotmail.com,Educación / Colegio / Escuela (AMIE),Consolidado
unidadeducativaversalles@hotmail.com,hotmail.com,Educación / Colegio / Escuela (AMIE),1195 cole gquil.csv
unidadeducativavlv@hotmail.com,hotmail.com,Educación / Colegio / Escuela (AMIE),Consolidado
usecolegio@yahoo.com,yahoo.com,Educación / Colegio / Escuela (AMIE),Consolidado
utelvt@utelvt.edu.ec,utelvt.edu.ec,Educación / Colegio / Escuela (AMIE),11 UNIVERSIDADES.csv
utm@utmachala.edu.ec,utmachala.edu.ec,Educación / Colegio / Escuela (AMIE),Consolidado
utmachala@utmachala.edu.ec,utmachala.edu.ec,Educación / Colegio / Escuela (AMIE),11 UNIVERSIDADES.csv
vareina@espe.edu.ec,espe.edu.ec,Educación / Colegio / Escuela (AMIE),Consolidado
vargasy@uees.edu.ec,uees.edu.ec,Educación / Colegio / Escuela (AMIE),Consolidado
vbarek@montessori.edu.ec,montessori.edu.ec,Educación / Colegio / Escuela (AMIE),Consolidado
vcarvallo@uazuay.edu.ec,uazuay.edu.ec,Educación / Colegio / Escuela (AMIE),Consolidado
veronica.herrera1@formacion.edu.ec,formacion.edu.ec,Educación / Colegio / Escuela (AMIE),Consolidado
veronica.herrera@formacion.edu.ec,formacion.edu.ec,Educación / Colegio / Escuela (AMIE),Consolidado
veronica.villamar@educacion.gob.ec,educacion.gob.ec,Educación / Colegio / Escuela (AMIE),Consolidado
vguerrerof@uees.edu.ec,uees.edu.ec,Educación / Colegio / Escuela (AMIE),Consolidado
vicenta.franco@educacion.gob.ec,educacion.gob.ec,Educación / Colegio / Escuela (AMIE),Consolidado
vicente.macas@educacion.gob.ec,educacion.gob.ec,Educación / Colegio / Escuela (AMIE),Consolidado
vicente.pozo@educacion.gob.ec,educacion.gob.ec,Educación / Colegio / Escuela (AMIE),Consolidado
vicerrectorgye@ups.edu.ec,ups.edu.ec,Educación / Colegio / Escuela (AMIE),Consolidado
victor.lainez@educacion.gob.ec,educacion.gob.ec,Educación / Colegio / Escuela (AMIE),Consolidado
victor.llangari@educacion.gob.ec,educacion.gob.ec,Educación / Colegio / Escuela (AMIE),Consolidado
vidalia.espinoza@educacion.gob.ec,educacion.gob.ec,Educación / Colegio / Escuela (AMIE),Consolidado
vintimilla@espol.edu.ec,espol.edu.ec,Educación / Colegio / Escuela (AMIE),Consolidado
virgilio.mendoza@educacion.gob.ec,educacion.gob.ec,Educación / Colegio / Escuela (AMIE),Consolidado
virginia.guillen@educacion.gob.ec,educacion.gob.ec,Educación / Colegio / Escuela (AMIE),Consolidado
vladimir.patino@educacion.gob.ec,educacion.gob.ec,Educación / Colegio / Escuela (AMIE),Consolidado
vrb.colegio@hotmail.com,hotmail.com,Educación / Colegio / Escuela (AMIE),1195 cole gquil.csv
vroman@unidadborja.edu.ec,unidadborja.edu.ec,Educación / Colegio / Escuela (AMIE),Consolidado
vvasconez@uees.edu.ec,uees.edu.ec,Educación / Colegio / Escuela (AMIE),Consolidado
walter.anchundia@cu.ucsg.edu.ec,cu.ucsg.edu.ec,Educación / Colegio / Escuela (AMIE),Consolidado
warmas@espol.edu.ec,espol.edu.ec,Educación / Colegio / Escuela (AMIE),Consolidado
wcevallos@liceocampoverde.edu.ec,liceocampoverde.edu.ec,Educación / Colegio / Escuela (AMIE),Consolidado
webmaster@lemas.edu.ec,lemas.edu.ec,Educación / Colegio / Escuela (AMIE),Consolidado
webmaster@uazuay.edu.ec,uazuay.edu.ec,Educación / Colegio / Escuela (AMIE),Consolidado
wellington.quimi@educacion.gob.ec,educacion.gob.ec,Educación / Colegio / Escuela (AMIE),Consolidado
wilson.tinoco@educacion.gob.ec,educacion.gob.ec,Educación / Colegio / Escuela (AMIE),Consolidado
wilton.villamar@educacion.gob.ec,educacion.gob.ec,Educación / Colegio / Escuela (AMIE),Consolidado
wjara@espol.edu.ec,espol.edu.ec,Educación / Colegio / Escuela (AMIE),Consolidado
wmarquez@ups.edu.ec,ups.edu.ec,Educación / Colegio / Escuela (AMIE),Consolidado
www.col.velascoibarra2010@hotmail.com,hotmail.com,Educación / Colegio / Escuela (AMIE),Consolidado
www.colegioapuela@hotmail.com,hotmail.com,Educación / Colegio / Escuela (AMIE),Consolidado
www.colegioespana@hotmail.es,hotmail.es,Educación / Colegio / Escuela (AMIE),Consolidado
xguerrero@latinoamericano.edu.ec,latinoamericano.edu.ec,Educación / Colegio / Escuela (AMIE),Consolidado
xmoncayo@jefferson.edu.ec,jefferson.edu.ec,Educación / Colegio / Escuela (AMIE),Consolidado
xpino@espoch.edu.ec,espoch.edu.ec,Educación / Colegio / Escuela (AMIE),Consolidado
xrendon@copol.edu.ec,copol.edu.ec,Educación / Colegio / Escuela (AMIE),Consolidado
yackeinemina@educacion.gob.ec,educacion.gob.ec,Educación / Colegio / Escuela (AMIE),Consolidado
yanez@utc.edu.ec,utc.edu.ec,Educación / Colegio / Escuela (AMIE),Consolidado
ybalcaza@espol.edu.ec,espol.edu.ec,Educación / Colegio / Escuela (AMIE),Consolidado
ybustamante@logosacademy.edu.ec,logosacademy.edu.ec,Educación / Colegio / Escuela (AMIE),Consolidado
yquijijes@ulvr.edu.ec,ulvr.edu.ec,Educación / Colegio / Escuela (AMIE),Consolidado
yvelez@ucacue.edu.ec,ucacue.edu.ec,Educación / Colegio / Escuela (AMIE),Consolidado
z.hurtado@colegiorudolfsteiner.edu.ec,colegiorudolfsteiner.edu.ec,Educación / Colegio / Escuela (AMIE),Consolidado
zfadul@uesma.edu.ec,uesma.edu.ec,Educación / Colegio / Escuela (AMIE),Consolidado
zlara@soler.edu.ec,soler.edu.ec,Educación / Colegio / Escuela (AMIE),Consolidado
zoila.bustos@cu.ucsg.edu.ec,cu.ucsg.edu.ec,Educación / Colegio / Escuela (AMIE),Consolidado
zonia.jimenez@educacion.gob.ec,educacion.gob.ec,Educación / Colegio / Escuela (AMIE),Consolidado
zulema.lema@educacion.gob.ec,educacion.gob.ec,Educación / Colegio / Escuela (AMIE),Consolidado
zully.piguave@educacion.gob.ec,educacion.gob.ec,Educación / Colegio / Escuela (AMIE),Consolidado
